ID Transaksi;Tanggal;No Rekening;Nama Nasabah;Jenis Biller;Nama Biller;Nomor Pelanggan;Nominal;Biaya Admin;Total Bayar;Channel;Status
TRX000005;2026-03-27;1000001525;Andi Saputra;Air;PDAM;2711699843;192757;2000;194757;Mobile Banking;Sukses
TRX000007;2026-02-02;1000003291;Andi Saputra;Listrik;PLN;8900177684;328218;2000;330218;Mobile Banking;Sukses
TRX000013;2026-03-25;1000000632;Joko Susilo;BPJS;BPJS Kesehatan;2504919822;306404;2000;308404;Teller;Sukses
TRX000034;2026-03-09;1000001233;Eka Lestari;TV Kabel;First Media;5941927444;121973;2000;123973;Internet Banking;Sukses
TRX000071;2026-01-30;1000001183;Eka Lestari;Internet;IndiHome;8557497830;144184;2000;146184;ATM;Sukses
TRX000102;2026-02-12;1000001648;Intan Sari;BPJS;BPJS Kesehatan;9186822528;95817;2000;97817;ATM;Sukses
TRX000106;2026-01-03;1000002669;Andi Saputra;Internet;IndiHome;9111076849;324883;3000;327883;Mobile Banking;Sukses
TRX000129;2026-03-20;1000004526;Gina Marlina;Internet;Biznet;6141137399;259560;3000;262560;Teller;Sukses
TRX000239;2026-03-02;1000003140;Dedi Pratama;Air;PDAM;2754152808;409355;2500;411855;Internet Banking;Sukses
TRX000286;2026-03-09;1000003519;Eka Lestari;Air;PDAM;7954255948;434573;2500;437073;Mobile Banking;Sukses
TRX000322;2026-01-12;1000003482;Joko Susilo;BPJS;BPJS Kesehatan;9508136953;63021;2000;65021;Mobile Banking;Sukses
TRX000550;2026-03-18;1000001657;Fajar Hidayat;TV Kabel;First Media;4380879245;73368;2000;75368;Teller;Sukses
TRX000574;2026-03-07;1000002248;Joko Susilo;Internet;Biznet;6430528232;242009;3000;245009;Internet Banking;Sukses
TRX000612;2026-02-06;1000003526;Fajar Hidayat;BPJS;BPJS Kesehatan;8734475719;78109;2500;80609;Teller;Sukses
TRX000719;2026-02-12;1000004319;Dedi Pratama;TV Kabel;First Media;2276005413;443946;2000;445946;ATM;Sukses
TRX000796;2026-01-26;1000004826;Andi Saputra;Air;PDAM;7359181630;321958;2000;323958;Teller;Sukses
TRX000810;2026-03-29;1000000894;Citra Dewi;BPJS;BPJS Kesehatan;5634049237;221606;3000;224606;ATM;Sukses
TRX000937;2026-03-02;1000002254;Dedi Pratama;Internet;Biznet;5178447885;218748;2500;221248;ATM;Sukses
TRX000948;2026-02-20;1000001599;Budi Santoso;Air;PDAM;4205850492;194323;2500;196823;ATM;Sukses
TRX000950;2026-01-24;1000004107;Gina Marlina;BPJS;BPJS Kesehatan;2566407461;297489;2000;299489;EDC;Sukses
TRX001018;2026-01-25;1000001731;Gina Marlina;TV Kabel;First Media;2334617120;317330;3000;320330;Mobile Banking;Sukses
TRX001028;2026-02-22;1000002148;Joko Susilo;Internet;IndiHome;1781084083;328483;2000;330483;Teller;Sukses
TRX001037;2026-01-27;1000004683;Budi Santoso;Internet;Biznet;9626017538;174681;3000;177681;Mobile Banking;Sukses
TRX001041;2026-01-14;1000001583;Budi Santoso;BPJS;BPJS Kesehatan;6948434693;169036;2000;171036;Internet Banking;Sukses
TRX001046;2026-02-19;1000002067;Dedi Pratama;TV Kabel;First Media;1808247387;136536;2000;138536;EDC;Sukses
TRX001060;2026-01-30;1000003786;Dedi Pratama;Internet;Biznet;6054530257;385107;3000;388107;Mobile Banking;Sukses
TRX001070;2026-03-19;1000001458;Andi Saputra;Internet;Biznet;1236332840;306042;2000;308042;Internet Banking;Sukses
TRX001071;2026-02-14;1000001918;Citra Dewi;TV Kabel;First Media;7608726384;168113;2500;170613;EDC;Sukses
TRX001102;2026-01-23;1000003965;Intan Sari;Listrik;PLN;8790641950;227383;2000;229383;Internet Banking;Sukses
TRX001157;2026-01-30;1000003706;Budi Santoso;TV Kabel;Transvision;6112659479;354138;2000;356138;ATM;Sukses
TRX001225;2026-01-10;1000000322;Gina Marlina;BPJS;BPJS Kesehatan;2015568746;297833;2000;299833;ATM;Sukses
TRX001345;2026-02-02;1000004579;Andi Saputra;TV Kabel;Transvision;7488568609;177115;3000;180115;Mobile Banking;Sukses
TRX001399;2026-03-03;1000002362;Citra Dewi;Internet;IndiHome;4788410595;215788;3000;218788;ATM;Sukses
TRX001417;2026-01-01;1000001765;Dedi Pratama;Internet;Biznet;4749030859;478228;2000;480228;Mobile Banking;Sukses
TRX001418;2026-01-14;1000001491;Gina Marlina;Air;PDAM;2638829177;384489;2000;386489;Teller;Sukses
TRX001458;2026-03-20;1000001881;Joko Susilo;BPJS;BPJS Kesehatan;4655592041;76990;2500;79490;EDC;Sukses
TRX001473;2026-02-13;1000004527;Dedi Pratama;TV Kabel;First Media;4662437482;68414;3000;71414;EDC;Sukses
TRX001551;2026-01-30;1000001799;Fajar Hidayat;TV Kabel;First Media;9131914743;259584;2000;261584;ATM;Sukses
TRX001573;2026-02-20;1000003508;Hadi Wijaya;TV Kabel;Transvision;4654012516;331216;2000;333216;ATM;Sukses
TRX001576;2026-03-15;1000002269;Citra Dewi;BPJS;BPJS Kesehatan;9619430105;289408;3000;292408;Internet Banking;Sukses
TRX001577;2026-03-11;1000000961;Budi Santoso;Listrik;PLN;7068885372;321408;2500;323908;Mobile Banking;Sukses
TRX001649;2026-02-04;1000000576;Joko Susilo;Listrik;PLN;5980891398;383017;2500;385517;Mobile Banking;Sukses
TRX001688;2026-03-12;1000000219;Eka Lestari;Air;PDAM;8924351817;350358;2500;352858;ATM;Sukses
TRX001742;2026-03-18;1000002408;Hadi Wijaya;Listrik;PLN;1549268019;295524;2500;298024;Internet Banking;Sukses
TRX001791;2026-01-12;1000000331;Fajar Hidayat;TV Kabel;Transvision;9766784875;261199;2000;263199;Internet Banking;Sukses
TRX001854;2026-01-18;1000004492;Citra Dewi;Air;PDAM;7456860070;217615;2000;219615;Internet Banking;Sukses
TRX001902;2026-03-13;1000000590;Fajar Hidayat;TV Kabel;First Media;8620313213;233540;2000;235540;ATM;Sukses
TRX001934;2026-01-06;1000001875;Dedi Pratama;BPJS;BPJS Kesehatan;1083498932;256617;2500;259117;EDC;Sukses
TRX001966;2026-01-03;1000002836;Dedi Pratama;TV Kabel;First Media;6643979233;266741;2000;268741;ATM;Sukses
TRX001977;2026-02-10;1000003099;Joko Susilo;Air;PDAM;3429371380;71746;2000;73746;Internet Banking;Sukses
TRX002000;2026-01-02;1000002969;Citra Dewi;Internet;Biznet;5126747963;486145;2500;488645;ATM;Sukses
TRX002003;2026-01-13;1000001851;Eka Lestari;BPJS;BPJS Kesehatan;8947032434;264747;2000;266747;Teller;Sukses
TRX002041;2026-02-09;1000001280;Fajar Hidayat;TV Kabel;Transvision;2015199254;386436;3000;389436;EDC;Sukses
TRX002114;2026-03-20;1000004800;Intan Sari;TV Kabel;First Media;5703742304;405144;3000;408144;Mobile Banking;Sukses
TRX002153;2026-01-19;1000000897;Andi Saputra;Internet;IndiHome;8506657798;163314;2000;165314;Internet Banking;Sukses
TRX002265;2026-03-08;1000002912;Budi Santoso;Listrik;PLN;7513358753;395917;2000;397917;Internet Banking;Sukses
TRX002332;2026-01-27;1000002407;Andi Saputra;Internet;Biznet;1247750236;253589;2500;256089;Internet Banking;Sukses
TRX002347;2026-02-03;1000002418;Gina Marlina;TV Kabel;First Media;7401165767;252540;2500;255040;Mobile Banking;Sukses
TRX002376;2026-02-13;1000002743;Budi Santoso;TV Kabel;Transvision;5485949275;414346;2000;416346;Mobile Banking;Sukses
TRX002380;2026-01-24;1000004005;Hadi Wijaya;BPJS;BPJS Kesehatan;7386652863;445973;2000;447973;Teller;Sukses
TRX002430;2026-03-01;1000000053;Fajar Hidayat;BPJS;BPJS Kesehatan;8972434246;194014;3000;197014;ATM;Sukses
TRX002450;2026-03-07;1000001239;Eka Lestari;Listrik;PLN;1748010055;253205;2000;255205;ATM;Sukses
TRX002505;2026-01-26;1000003050;Eka Lestari;Listrik;PLN;6490508320;201517;3000;204517;ATM;Sukses
TRX002539;2026-03-06;1000003116;Fajar Hidayat;BPJS;BPJS Kesehatan;2962227507;484071;2500;486571;ATM;Sukses
TRX002541;2026-03-12;1000003682;Intan Sari;Air;PDAM;5490043285;85783;3000;88783;Teller;Sukses
TRX002589;2026-02-04;1000004505;Eka Lestari;Internet;Biznet;3238863530;465535;2000;467535;Mobile Banking;Sukses
TRX002628;2026-02-06;1000003630;Hadi Wijaya;TV Kabel;Transvision;5549669572;261699;2500;264199;EDC;Sukses
TRX002634;2026-01-23;1000002418;Gina Marlina;Listrik;PLN;2305590002;62884;2500;65384;Teller;Sukses
TRX002676;2026-03-06;1000001850;Dedi Pratama;Listrik;PLN;8837149555;182970;3000;185970;ATM;Sukses
TRX002714;2026-03-23;1000003571;Gina Marlina;Internet;Biznet;8244095033;404992;2000;406992;EDC;Sukses
TRX002719;2026-04-01;1000003365;Dedi Pratama;Listrik;PLN;7869096607;435420;3000;438420;ATM;Sukses
TRX002725;2026-01-25;1000000902;Budi Santoso;Internet;IndiHome;3356013665;124405;3000;127405;ATM;Sukses
TRX002742;2026-01-14;1000004330;Hadi Wijaya;Internet;IndiHome;3242775174;270650;3000;273650;Teller;Sukses
TRX002768;2026-01-05;1000001649;Hadi Wijaya;Internet;Biznet;6768451998;131274;2500;133774;Internet Banking;Sukses
TRX002816;2026-02-06;1000001625;Andi Saputra;Internet;IndiHome;9468066948;477890;2500;480390;ATM;Sukses
TRX002847;2026-02-12;1000003012;Intan Sari;Air;PDAM;1710116693;115431;2000;117431;ATM;Sukses
TRX002864;2026-02-17;1000001469;Hadi Wijaya;TV Kabel;Transvision;1636028766;121968;3000;124968;Internet Banking;Sukses
TRX002866;2026-03-26;1000004586;Gina Marlina;TV Kabel;Transvision;6428639327;140990;2500;143490;EDC;Sukses
TRX002957;2026-03-01;1000002724;Eka Lestari;Air;PDAM;1654081695;262908;2500;265408;EDC;Sukses
TRX003002;2026-01-20;1000004661;Andi Saputra;Listrik;PLN;7877824661;156408;3000;159408;ATM;Sukses
TRX003017;2026-02-27;1000001281;Eka Lestari;TV Kabel;First Media;1400095965;378204;3000;381204;ATM;Sukses
TRX003058;2026-03-31;1000001689;Budi Santoso;Listrik;PLN;2682174014;205277;2500;207777;Mobile Banking;Sukses
TRX003064;2026-03-04;1000004811;Joko Susilo;Listrik;PLN;8409674090;201881;2500;204381;Internet Banking;Sukses
TRX003073;2026-02-16;1000004758;Joko Susilo;Air;PDAM;3957831420;408318;2000;410318;EDC;Sukses
TRX003162;2026-01-31;1000003543;Joko Susilo;TV Kabel;Transvision;4883554228;147149;2000;149149;Mobile Banking;Sukses
TRX003212;2026-01-13;1000004081;Eka Lestari;Listrik;PLN;3399674789;262902;3000;265902;Internet Banking;Sukses
TRX003228;2026-03-16;1000001642;Budi Santoso;Internet;IndiHome;2231884597;210956;2000;212956;Mobile Banking;Sukses
TRX003236;2026-01-07;1000004838;Budi Santoso;Internet;Biznet;8919422553;327247;2000;329247;ATM;Sukses
TRX003243;2026-02-04;1000000700;Joko Susilo;Internet;IndiHome;5841292610;490494;2000;492494;EDC;Sukses
TRX003289;2026-01-14;1000002563;Fajar Hidayat;Internet;IndiHome;3185964053;359097;2000;361097;Internet Banking;Sukses
TRX003300;2026-03-31;1000004395;Joko Susilo;Internet;Biznet;5002426734;410143;3000;413143;Mobile Banking;Sukses
TRX003366;2026-03-26;1000004610;Citra Dewi;TV Kabel;Transvision;9880690782;104670;3000;107670;Mobile Banking;Sukses
TRX003383;2026-01-18;1000003707;Eka Lestari;Air;PDAM;5292232704;268513;2000;270513;ATM;Sukses
TRX003427;2026-02-13;1000001870;Dedi Pratama;Air;PDAM;7166717361;340276;2000;342276;Mobile Banking;Sukses
TRX003449;2026-02-11;1000004227;Hadi Wijaya;BPJS;BPJS Kesehatan;7873492818;168133;2500;170633;Mobile Banking;Sukses
TRX003452;2026-01-17;1000003752;Eka Lestari;Listrik;PLN;8817330329;464987;2000;466987;Mobile Banking;Sukses
TRX003464;2026-03-28;1000001477;Budi Santoso;TV Kabel;First Media;2950947395;229734;3000;232734;ATM;Sukses
TRX003508;2026-01-26;1000001039;Hadi Wijaya;Air;PDAM;7670638469;338313;3000;341313;EDC;Sukses
TRX003631;2026-03-07;1000002461;Intan Sari;BPJS;BPJS Kesehatan;8302539359;164957;2000;166957;Internet Banking;Sukses
TRX003659;2026-02-20;1000000271;Gina Marlina;TV Kabel;Transvision;4525655396;222400;3000;225400;ATM;Sukses
TRX003677;2026-03-04;1000003441;Intan Sari;TV Kabel;First Media;4908774290;366578;2500;369078;Internet Banking;Sukses
TRX003696;2026-02-24;1000003576;Andi Saputra;BPJS;BPJS Kesehatan;8589014688;195677;3000;198677;ATM;Sukses
TRX003746;2026-02-12;1000001355;Gina Marlina;TV Kabel;Transvision;2823450880;383563;2000;385563;Teller;Sukses
TRX003798;2026-02-04;1000003639;Andi Saputra;BPJS;BPJS Kesehatan;8607011699;436383;3000;439383;Internet Banking;Sukses
TRX003886;2026-03-10;1000003271;Hadi Wijaya;TV Kabel;First Media;9648029636;415720;2500;418220;EDC;Sukses
TRX003888;2026-03-10;1000004059;Citra Dewi;Listrik;PLN;2304395481;286817;3000;289817;Internet Banking;Sukses
TRX003897;2026-01-08;1000000258;Citra Dewi;Internet;Biznet;1023868399;473946;3000;476946;EDC;Sukses
TRX003902;2026-03-05;1000003095;Fajar Hidayat;Air;PDAM;3693854905;79226;3000;82226;ATM;Sukses
TRX003914;2026-03-08;1000002997;Citra Dewi;TV Kabel;Transvision;5779065650;418432;3000;421432;ATM;Sukses
TRX003955;2026-02-15;1000001777;Fajar Hidayat;Listrik;PLN;9192084652;221670;2000;223670;Teller;Sukses
TRX003983;2026-01-17;1000004662;Budi Santoso;BPJS;BPJS Kesehatan;2179608791;337615;2500;340115;EDC;Sukses
TRX003998;2026-01-01;1000000527;Joko Susilo;Internet;Biznet;7848088467;227320;2500;229820;Internet Banking;Sukses
TRX004033;2026-02-10;1000003109;Eka Lestari;Internet;IndiHome;4352425256;202047;2000;204047;ATM;Sukses
TRX004051;2026-01-08;1000001141;Andi Saputra;TV Kabel;First Media;2625448084;101510;2000;103510;Mobile Banking;Sukses
TRX004083;2026-01-03;1000004879;Gina Marlina;TV Kabel;First Media;5799894564;195801;3000;198801;Internet Banking;Sukses
TRX004190;2026-02-25;1000000255;Budi Santoso;Internet;IndiHome;8425433457;102254;2000;104254;Teller;Sukses
TRX004191;2026-03-18;1000001344;Citra Dewi;Internet;Biznet;4298392881;439522;2000;441522;EDC;Sukses
TRX004233;2026-01-06;1000003007;Gina Marlina;Internet;IndiHome;6820901926;113688;2500;116188;Internet Banking;Sukses
TRX004271;2026-03-15;1000001904;Dedi Pratama;BPJS;BPJS Kesehatan;2166843071;348216;2000;350216;Internet Banking;Sukses
TRX004404;2026-03-20;1000004758;Joko Susilo;Air;PDAM;2019383974;320323;2000;322323;EDC;Sukses
TRX004561;2026-02-18;1000002219;Dedi Pratama;Air;PDAM;5095081670;134690;2500;137190;Teller;Sukses
TRX004569;2026-02-10;1000000757;Dedi Pratama;Air;PDAM;6577886943;342456;2500;344956;EDC;Sukses
TRX004605;2026-03-28;1000001777;Fajar Hidayat;Listrik;PLN;8818756354;244464;2500;246964;Internet Banking;Sukses
TRX004607;2026-03-28;1000002388;Gina Marlina;TV Kabel;First Media;9794904495;161313;2000;163313;Teller;Sukses
TRX004614;2026-01-05;1000003149;Andi Saputra;BPJS;BPJS Kesehatan;6179467320;169385;2000;171385;Teller;Sukses
TRX004623;2026-03-01;1000000509;Gina Marlina;Internet;IndiHome;4094468991;421113;2000;423113;Mobile Banking;Sukses
TRX004735;2026-02-13;1000001657;Fajar Hidayat;Air;PDAM;8797552257;368674;2000;370674;Teller;Sukses
TRX004753;2026-03-23;1000002296;Eka Lestari;TV Kabel;First Media;4035900542;133441;2500;135941;Internet Banking;Sukses
TRX004856;2026-02-03;1000002699;Citra Dewi;Listrik;PLN;6886384377;203065;3000;206065;Mobile Banking;Sukses
TRX004860;2026-01-03;1000001764;Fajar Hidayat;Internet;Biznet;1346397956;493335;3000;496335;Mobile Banking;Sukses
TRX004905;2026-02-09;1000003760;Citra Dewi;Listrik;PLN;4995619666;260238;2500;262738;EDC;Sukses
TRX004912;2026-02-26;1000002690;Fajar Hidayat;TV Kabel;Transvision;2572543532;456947;2000;458947;Internet Banking;Sukses
TRX004980;2026-01-30;1000004431;Dedi Pratama;Internet;Biznet;7999804349;406503;2000;408503;Mobile Banking;Sukses
TRX005023;2026-02-18;1000001423;Eka Lestari;Internet;Biznet;8304495534;157006;2500;159506;EDC;Sukses
TRX005029;2026-03-23;1000004411;Fajar Hidayat;TV Kabel;First Media;9900164291;435407;2500;437907;Internet Banking;Sukses
TRX005048;2026-03-22;1000000830;Dedi Pratama;BPJS;BPJS Kesehatan;5832112336;468974;3000;471974;Internet Banking;Sukses
TRX005116;2026-03-05;1000002324;Fajar Hidayat;Listrik;PLN;6133561572;55197;3000;58197;Mobile Banking;Sukses
TRX005132;2026-04-01;1000001321;Dedi Pratama;Air;PDAM;1936726250;452019;2000;454019;ATM;Sukses
TRX005255;2026-03-20;1000003025;Budi Santoso;Internet;Biznet;2575827592;192223;2500;194723;Teller;Sukses
TRX005395;2026-03-28;1000001387;Gina Marlina;Listrik;PLN;4657225031;320316;2500;322816;Mobile Banking;Sukses
TRX005527;2026-02-07;1000000134;Fajar Hidayat;BPJS;BPJS Kesehatan;7406557988;94930;2500;97430;Teller;Sukses
TRX005589;2026-02-22;1000000083;Gina Marlina;Air;PDAM;6506870439;221416;3000;224416;ATM;Sukses
TRX005628;2026-03-23;1000000722;Gina Marlina;Internet;IndiHome;3683097155;302726;2000;304726;EDC;Sukses
TRX005638;2026-02-06;1000003115;Fajar Hidayat;Air;PDAM;5234963533;257224;3000;260224;Mobile Banking;Sukses
TRX005738;2026-03-08;1000003028;Eka Lestari;BPJS;BPJS Kesehatan;6614273928;320298;3000;323298;Teller;Sukses
TRX005759;2026-03-18;1000004840;Hadi Wijaya;Internet;Biznet;4209983516;266594;2000;268594;EDC;Sukses
TRX005819;2026-01-27;1000002845;Eka Lestari;Internet;Biznet;8914310958;333193;3000;336193;Mobile Banking;Sukses
TRX005858;2026-01-15;1000000509;Gina Marlina;TV Kabel;Transvision;5748612827;426242;2500;428742;Internet Banking;Sukses
TRX005867;2026-03-05;1000003504;Eka Lestari;Listrik;PLN;2409693059;217297;2000;219297;ATM;Sukses
TRX005872;2026-01-30;1000000785;Gina Marlina;TV Kabel;First Media;5778507176;443817;2500;446317;ATM;Sukses
TRX005961;2026-01-06;1000000068;Eka Lestari;BPJS;BPJS Kesehatan;2622847915;70989;2000;72989;Mobile Banking;Sukses
TRX005981;2026-01-13;1000002262;Budi Santoso;TV Kabel;Transvision;5588666717;347595;2000;349595;ATM;Sukses
TRX005990;2026-03-19;1000001618;Hadi Wijaya;Internet;IndiHome;9719271667;167809;2500;170309;Teller;Sukses
TRX005992;2026-01-29;1000003178;Andi Saputra;Internet;IndiHome;4145306015;324206;2500;326706;Internet Banking;Sukses
TRX006030;2026-03-25;1000002470;Eka Lestari;TV Kabel;First Media;7763621944;128096;2000;130096;Internet Banking;Sukses
TRX006055;2026-03-13;1000003906;Gina Marlina;TV Kabel;Transvision;6189301175;444473;3000;447473;Internet Banking;Sukses
TRX006059;2026-01-15;1000004393;Budi Santoso;Listrik;PLN;8140608316;77463;2500;79963;Teller;Sukses
TRX006102;2026-01-15;1000000606;Eka Lestari;TV Kabel;Transvision;9506610963;321811;2000;323811;ATM;Sukses
TRX006214;2026-01-29;1000003964;Citra Dewi;Listrik;PLN;8604594138;431977;2500;434477;EDC;Sukses
TRX006313;2026-01-14;1000002022;Citra Dewi;TV Kabel;First Media;2091256390;347682;2000;349682;Mobile Banking;Sukses
TRX006333;2026-03-13;1000001489;Fajar Hidayat;Internet;Biznet;7849730399;144163;3000;147163;EDC;Sukses
TRX006371;2026-01-15;1000001620;Gina Marlina;Listrik;PLN;8676582087;378275;3000;381275;Mobile Banking;Sukses
TRX006394;2026-02-10;1000004377;Citra Dewi;Internet;IndiHome;9864300249;129936;2500;132436;ATM;Sukses
TRX006470;2026-01-26;1000004679;Gina Marlina;Internet;Biznet;2258008688;253216;2500;255716;Mobile Banking;Sukses
TRX006529;2026-02-26;1000001800;Citra Dewi;Internet;Biznet;5269221249;355138;2500;357638;Internet Banking;Sukses
TRX006538;2026-03-31;1000003923;Hadi Wijaya;Internet;Biznet;8247787999;395278;2500;397778;Internet Banking;Sukses
TRX006541;2026-02-25;1000000354;Joko Susilo;Internet;IndiHome;1900349168;339549;3000;342549;Teller;Sukses
TRX006604;2026-01-26;1000001324;Hadi Wijaya;Air;PDAM;4639263871;480051;3000;483051;Internet Banking;Sukses
TRX006663;2026-03-25;1000001498;Fajar Hidayat;Internet;Biznet;1563333675;379608;2500;382108;EDC;Sukses
TRX006683;2026-02-26;1000003904;Eka Lestari;Air;PDAM;2429540562;76541;2500;79041;EDC;Sukses
TRX006685;2026-02-22;1000002060;Fajar Hidayat;Internet;IndiHome;6886182545;357530;2000;359530;EDC;Sukses
TRX006706;2026-03-21;1000001917;Eka Lestari;Listrik;PLN;1384449089;57490;2000;59490;EDC;Sukses
TRX006981;2026-02-12;1000003178;Andi Saputra;TV Kabel;First Media;1482585434;432342;2500;434842;ATM;Sukses
TRX006997;2026-02-17;1000004242;Eka Lestari;Internet;Biznet;9454566653;406647;3000;409647;Teller;Sukses
TRX007055;2026-01-07;1000004262;Fajar Hidayat;BPJS;BPJS Kesehatan;2107906206;465260;3000;468260;EDC;Sukses
TRX007181;2026-03-20;1000003047;Gina Marlina;Internet;IndiHome;1261851963;385118;2000;387118;Mobile Banking;Sukses
TRX007261;2026-03-03;1000003488;Citra Dewi;Air;PDAM;1829894221;71186;2000;73186;Mobile Banking;Sukses
TRX007298;2026-02-08;1000004142;Gina Marlina;BPJS;BPJS Kesehatan;1629594219;453891;2000;455891;Internet Banking;Sukses
TRX007324;2026-01-04;1000002755;Joko Susilo;Internet;Biznet;7733208019;290207;2000;292207;ATM;Sukses
TRX007330;2026-03-03;1000001176;Eka Lestari;TV Kabel;Transvision;5315798563;63819;2000;65819;ATM;Sukses
TRX007349;2026-02-10;1000000698;Budi Santoso;Internet;IndiHome;5428548018;319941;3000;322941;Internet Banking;Sukses
TRX007487;2026-03-20;1000001806;Joko Susilo;Internet;Biznet;8874704327;196286;3000;199286;Mobile Banking;Sukses
TRX007525;2026-01-28;1000001676;Budi Santoso;Internet;Biznet;7546809050;324503;3000;327503;Internet Banking;Sukses
TRX007601;2026-01-03;1000004918;Fajar Hidayat;Air;PDAM;6814950816;270272;2000;272272;Teller;Sukses
TRX007649;2026-02-12;1000003695;Hadi Wijaya;Internet;IndiHome;1683538166;241581;2500;244081;ATM;Sukses
TRX007699;2026-02-15;1000004843;Andi Saputra;Air;PDAM;2987322973;493687;2000;495687;Mobile Banking;Sukses
TRX007715;2026-01-29;1000000159;Joko Susilo;Listrik;PLN;2305735286;242228;3000;245228;ATM;Sukses
TRX007719;2026-01-14;1000002109;Intan Sari;Internet;IndiHome;5512121798;421355;2000;423355;Internet Banking;Sukses
TRX007723;2026-01-30;1000004605;Eka Lestari;Air;PDAM;4032013634;416791;2500;419291;Internet Banking;Sukses
TRX007782;2026-03-27;1000003377;Eka Lestari;Internet;Biznet;3317145502;100168;3000;103168;Teller;Sukses
TRX007802;2026-02-27;1000002083;Citra Dewi;BPJS;BPJS Kesehatan;8946548638;305000;2000;307000;ATM;Sukses
TRX007816;2026-01-04;1000000507;Gina Marlina;Air;PDAM;8584610587;495093;2500;497593;ATM;Sukses
TRX007817;2026-01-06;1000002709;Joko Susilo;Listrik;PLN;9479011589;293714;2000;295714;Teller;Sukses
TRX007885;2026-03-25;1000003171;Intan Sari;TV Kabel;Transvision;9342483919;102699;2500;105199;ATM;Sukses
TRX007911;2026-01-25;1000000092;Joko Susilo;TV Kabel;First Media;4582694890;160183;2500;162683;EDC;Sukses
TRX008011;2026-01-24;1000000753;Hadi Wijaya;TV Kabel;First Media;3164383613;409813;2000;411813;ATM;Sukses
TRX008020;2026-03-25;1000004609;Eka Lestari;TV Kabel;First Media;9265754723;203036;3000;206036;Internet Banking;Sukses
TRX008053;2026-03-20;1000001851;Eka Lestari;Air;PDAM;9919153312;425572;3000;428572;Mobile Banking;Sukses
TRX008106;2026-03-21;1000000621;Intan Sari;Internet;IndiHome;2574791432;123157;3000;126157;EDC;Sukses
TRX008114;2026-03-31;1000003306;Fajar Hidayat;TV Kabel;First Media;3844868542;169072;2000;171072;Internet Banking;Sukses
TRX008170;2026-02-19;1000002954;Dedi Pratama;Internet;Biznet;5049028878;185356;2500;187856;Mobile Banking;Sukses
TRX008198;2026-03-24;1000002305;Intan Sari;Internet;IndiHome;6247167496;108684;2000;110684;Mobile Banking;Sukses
TRX008209;2026-02-23;1000001694;Fajar Hidayat;Internet;Biznet;6705243812;197356;2500;199856;Mobile Banking;Sukses
TRX008263;2026-03-03;1000001867;Citra Dewi;Internet;Biznet;8518859315;441259;2000;443259;Internet Banking;Sukses
TRX008278;2026-02-15;1000002089;Eka Lestari;Air;PDAM;9746677098;209799;3000;212799;Teller;Sukses
TRX008296;2026-02-04;1000002447;Citra Dewi;Internet;Biznet;8899422193;224038;3000;227038;Mobile Banking;Sukses
TRX008354;2026-01-14;1000002484;Dedi Pratama;BPJS;BPJS Kesehatan;8070056067;494602;3000;497602;ATM;Sukses
TRX008416;2026-03-17;1000002893;Budi Santoso;Internet;Biznet;5980503581;225731;2500;228231;Teller;Sukses
TRX008443;2026-01-28;1000000358;Gina Marlina;TV Kabel;Transvision;7624674308;208901;3000;211901;ATM;Sukses
TRX008605;2026-01-04;1000001309;Budi Santoso;TV Kabel;First Media;1233994777;384913;2500;387413;EDC;Sukses
TRX008628;2026-03-31;1000003969;Budi Santoso;TV Kabel;Transvision;1470256614;383595;2000;385595;Teller;Sukses
TRX008656;2026-03-26;1000001338;Joko Susilo;Internet;Biznet;1100598059;410045;3000;413045;Mobile Banking;Sukses
TRX008751;2026-03-05;1000000002;Andi Saputra;TV Kabel;Transvision;4324122317;154352;2000;156352;Internet Banking;Sukses
TRX008791;2026-03-13;1000002676;Budi Santoso;Air;PDAM;8032977841;449811;2000;451811;EDC;Sukses
TRX008857;2026-03-23;1000004006;Dedi Pratama;Internet;Biznet;8858033053;387719;2500;390219;Mobile Banking;Sukses
TRX008949;2026-03-16;1000000047;Gina Marlina;TV Kabel;Transvision;1099591211;482493;3000;485493;Mobile Banking;Sukses
TRX008969;2026-03-08;1000002407;Andi Saputra;BPJS;BPJS Kesehatan;6763414664;388288;2500;390788;Internet Banking;Sukses
TRX009015;2026-01-27;1000001235;Andi Saputra;TV Kabel;Transvision;9203712920;478991;2000;480991;Internet Banking;Sukses
TRX009026;2026-02-27;1000003774;Intan Sari;Listrik;PLN;9480994754;199493;3000;202493;EDC;Sukses
TRX009109;2026-02-14;1000004136;Hadi Wijaya;Internet;IndiHome;1290342863;257603;2000;259603;Mobile Banking;Sukses
TRX009124;2026-02-11;1000000679;Budi Santoso;BPJS;BPJS Kesehatan;4856380669;142917;3000;145917;ATM;Sukses
TRX009156;2026-02-17;1000003581;Hadi Wijaya;Listrik;PLN;4260802447;248870;2000;250870;ATM;Sukses
TRX009162;2026-02-17;1000000103;Citra Dewi;TV Kabel;First Media;2994822100;224831;3000;227831;Mobile Banking;Sukses
TRX009195;2026-01-02;1000000567;Intan Sari;Internet;IndiHome;9752449733;255644;3000;258644;ATM;Sukses
TRX009198;2026-01-13;1000001279;Gina Marlina;Internet;IndiHome;4870055780;162503;2000;164503;EDC;Sukses
TRX009313;2026-03-14;1000000307;Dedi Pratama;TV Kabel;First Media;7316520610;389297;3000;392297;EDC;Sukses
TRX009393;2026-03-25;1000002621;Hadi Wijaya;TV Kabel;First Media;5384620598;318295;3000;321295;ATM;Sukses
TRX009435;2026-01-20;1000004308;Citra Dewi;Listrik;PLN;1646851606;373643;3000;376643;EDC;Sukses
TRX009448;2026-01-31;1000004898;Fajar Hidayat;BPJS;BPJS Kesehatan;8658485213;319883;3000;322883;ATM;Sukses
TRX009493;2026-02-15;1000002181;Andi Saputra;TV Kabel;First Media;6804123446;462926;3000;465926;ATM;Sukses
TRX009498;2026-03-02;1000002548;Budi Santoso;Internet;IndiHome;8590761493;106085;2000;108085;Teller;Sukses
TRX009571;2026-02-06;1000002879;Joko Susilo;Internet;IndiHome;8044006578;266586;2500;269086;ATM;Sukses
TRX009576;2026-02-24;1000002019;Gina Marlina;Internet;Biznet;3437833833;159309;2000;161309;Internet Banking;Sukses
TRX009660;2026-03-26;1000003880;Andi Saputra;Internet;IndiHome;4132253973;110993;2500;113493;EDC;Sukses
TRX009681;2026-02-22;1000002143;Citra Dewi;Internet;Biznet;4504935327;232939;2000;234939;Internet Banking;Sukses
TRX009759;2026-02-12;1000003498;Dedi Pratama;TV Kabel;First Media;4910624790;424947;3000;427947;ATM;Sukses
TRX009787;2026-02-24;1000002858;Hadi Wijaya;Listrik;PLN;2376235117;493608;2500;496108;Teller;Sukses
TRX009795;2026-01-11;1000003422;Intan Sari;Internet;IndiHome;7357639553;76398;3000;79398;Internet Banking;Sukses
TRX009849;2026-03-15;1000002448;Joko Susilo;Air;PDAM;9401141168;72233;2500;74733;Teller;Sukses
TRX009955;2026-02-26;1000003961;Andi Saputra;Listrik;PLN;9372263320;75215;3000;78215;EDC;Sukses
TRX009970;2026-02-06;1000004748;Fajar Hidayat;BPJS;BPJS Kesehatan;3218025178;479987;3000;482987;Teller;Sukses
TRX009990;2026-02-13;1000003869;Intan Sari;Internet;Biznet;8900763445;248091;2000;250091;EDC;Sukses
TRX010011;2026-01-10;1000002578;Hadi Wijaya;TV Kabel;First Media;8188759249;325945;2000;327945;EDC;Sukses
TRX010046;2026-01-16;1000004560;Budi Santoso;Internet;Biznet;2849541110;98143;2000;100143;EDC;Sukses
TRX010064;2026-02-19;1000002472;Joko Susilo;Internet;Biznet;1843328437;339857;3000;342857;Mobile Banking;Sukses
TRX010076;2026-03-09;1000004721;Budi Santoso;TV Kabel;Transvision;4832440970;74748;2000;76748;Mobile Banking;Sukses
TRX010107;2026-02-25;1000002684;Budi Santoso;Internet;Biznet;6649198307;172114;3000;175114;EDC;Sukses
TRX010119;2026-01-28;1000001988;Joko Susilo;Listrik;PLN;2130962371;454752;2000;456752;Mobile Banking;Sukses
TRX010145;2026-01-28;1000000613;Joko Susilo;TV Kabel;First Media;4997661458;392927;2500;395427;EDC;Sukses
TRX010164;2026-02-18;1000001179;Joko Susilo;Internet;Biznet;7263366844;268258;3000;271258;ATM;Sukses
TRX010257;2026-01-10;1000000632;Joko Susilo;Internet;IndiHome;2621382035;178586;3000;181586;Internet Banking;Sukses
TRX010315;2026-02-13;1000002975;Fajar Hidayat;Listrik;PLN;4056816509;277180;2000;279180;Internet Banking;Sukses
TRX010327;2026-02-23;1000002055;Intan Sari;Internet;IndiHome;9132049928;443429;2000;445429;ATM;Sukses
TRX010357;2026-02-09;1000001283;Fajar Hidayat;Internet;Biznet;6250688065;484311;2000;486311;Mobile Banking;Sukses
TRX010473;2026-02-18;1000000178;Andi Saputra;TV Kabel;Transvision;3594395586;197898;2000;199898;Teller;Sukses
TRX010558;2026-03-06;1000001049;Hadi Wijaya;Internet;IndiHome;6464145771;279830;2500;282330;Internet Banking;Sukses
TRX010625;2026-02-04;1000000883;Citra Dewi;Listrik;PLN;5195355881;287808;3000;290808;Teller;Sukses
TRX010646;2026-03-06;1000000419;Hadi Wijaya;BPJS;BPJS Kesehatan;2245151154;341682;2000;343682;Mobile Banking;Sukses
TRX010654;2026-02-08;1000003721;Gina Marlina;Internet;IndiHome;5185856406;97519;2500;100019;Teller;Sukses
TRX010660;2026-02-11;1000000284;Intan Sari;BPJS;BPJS Kesehatan;7120412621;51947;2500;54447;Mobile Banking;Sukses
TRX010707;2026-03-02;1000003212;Hadi Wijaya;Air;PDAM;9718632617;470423;3000;473423;Internet Banking;Sukses
TRX010829;2026-01-17;1000002047;Eka Lestari;Listrik;PLN;1902546175;416585;2000;418585;Internet Banking;Sukses
TRX010860;2026-01-25;1000000011;Budi Santoso;Air;PDAM;2252488010;169488;2000;171488;Internet Banking;Sukses
TRX011097;2026-01-15;1000003208;Andi Saputra;BPJS;BPJS Kesehatan;5605604690;317527;2500;320027;Teller;Sukses
TRX011130;2026-03-13;1000001403;Dedi Pratama;Internet;Biznet;4477049365;76862;3000;79862;Teller;Sukses
TRX011200;2026-03-17;1000002502;Joko Susilo;TV Kabel;First Media;6375217779;160669;3000;163669;EDC;Sukses
TRX011251;2026-01-31;1000000426;Intan Sari;TV Kabel;Transvision;9625581129;142436;3000;145436;Teller;Sukses
TRX011349;2026-01-25;1000000989;Gina Marlina;BPJS;BPJS Kesehatan;4132028656;446025;2500;448525;ATM;Sukses
TRX011363;2026-02-26;1000000572;Intan Sari;TV Kabel;First Media;7233311400;328902;3000;331902;Internet Banking;Sukses
TRX011375;2026-02-06;1000000709;Dedi Pratama;Internet;Biznet;9340314647;191206;2500;193706;Internet Banking;Sukses
TRX011472;2026-01-15;1000003396;Citra Dewi;TV Kabel;First Media;3220405927;277252;3000;280252;Internet Banking;Sukses
TRX011476;2026-03-10;1000004529;Andi Saputra;Air;PDAM;8209753803;408584;2500;411084;Mobile Banking;Sukses
TRX011480;2026-01-20;1000001399;Andi Saputra;Listrik;PLN;1787319262;309847;3000;312847;Mobile Banking;Sukses
TRX011513;2026-02-25;1000000907;Hadi Wijaya;BPJS;BPJS Kesehatan;3034508027;119027;2500;121527;Mobile Banking;Sukses
TRX011542;2026-02-19;1000001116;Dedi Pratama;Internet;Biznet;6165693005;123329;2500;125829;Teller;Sukses
TRX011563;2026-02-19;1000000448;Citra Dewi;TV Kabel;Transvision;9581053902;492819;2500;495319;ATM;Sukses
TRX011588;2026-02-18;1000002493;Budi Santoso;TV Kabel;Transvision;8614084064;243958;3000;246958;Teller;Sukses
TRX011608;2026-03-27;1000002003;Gina Marlina;Internet;IndiHome;9179599715;160845;2000;162845;EDC;Sukses
TRX011631;2026-03-21;1000004425;Eka Lestari;Air;PDAM;1689030943;363388;3000;366388;EDC;Sukses
TRX011639;2026-01-14;1000004130;Hadi Wijaya;BPJS;BPJS Kesehatan;4413554396;364918;2000;366918;Teller;Sukses
TRX011674;2026-03-16;1000002359;Hadi Wijaya;Internet;IndiHome;4995444307;146818;2500;149318;EDC;Sukses
TRX011874;2026-03-01;1000003200;Citra Dewi;TV Kabel;First Media;1350307276;181660;2000;183660;Mobile Banking;Sukses
TRX011965;2026-01-27;1000000260;Intan Sari;Internet;IndiHome;5865224936;419184;3000;422184;Teller;Sukses
TRX012036;2026-01-09;1000001264;Andi Saputra;BPJS;BPJS Kesehatan;4992971911;147416;3000;150416;Teller;Sukses
TRX012146;2026-03-27;1000004454;Budi Santoso;BPJS;BPJS Kesehatan;4204827917;391619;2000;393619;Internet Banking;Sukses
TRX012181;2026-02-02;1000000038;Eka Lestari;Internet;Biznet;8005092414;220885;2500;223385;Internet Banking;Sukses
TRX012218;2026-01-28;1000003259;Intan Sari;Internet;IndiHome;3081285812;129496;2000;131496;Mobile Banking;Sukses
TRX012273;2026-01-26;1000004490;Budi Santoso;Internet;IndiHome;8119323146;102121;2500;104621;Internet Banking;Sukses
TRX012330;2026-02-02;1000003522;Eka Lestari;Internet;IndiHome;8460706057;446034;2000;448034;Mobile Banking;Sukses
TRX012340;2026-01-18;1000001305;Dedi Pratama;TV Kabel;First Media;2643824343;294285;3000;297285;ATM;Sukses
TRX012409;2026-01-15;1000004898;Fajar Hidayat;BPJS;BPJS Kesehatan;5461726823;212856;2500;215356;Internet Banking;Sukses
TRX012483;2026-02-12;1000000674;Gina Marlina;Internet;IndiHome;4550605172;266792;3000;269792;ATM;Sukses
TRX012510;2026-03-07;1000003684;Dedi Pratama;Internet;IndiHome;7551098726;448787;2500;451287;EDC;Sukses
TRX012519;2026-02-01;1000000604;Fajar Hidayat;Internet;IndiHome;2496356784;454059;2000;456059;Mobile Banking;Sukses
TRX012532;2026-01-08;1000003214;Fajar Hidayat;TV Kabel;Transvision;7965013938;274400;2000;276400;Mobile Banking;Sukses
TRX012593;2026-03-07;1000004846;Andi Saputra;TV Kabel;First Media;2761489759;414974;2500;417474;Internet Banking;Sukses
TRX012594;2026-02-07;1000002875;Gina Marlina;BPJS;BPJS Kesehatan;9826217297;319745;2000;321745;Mobile Banking;Sukses
TRX012622;2026-03-26;1000002052;Gina Marlina;Internet;Biznet;8544036258;488294;2500;490794;Internet Banking;Sukses
TRX012751;2026-02-04;1000001587;Gina Marlina;BPJS;BPJS Kesehatan;2407045677;56386;2500;58886;ATM;Sukses
TRX012784;2026-01-16;1000000740;Intan Sari;Internet;IndiHome;8042762133;195775;3000;198775;EDC;Sukses
TRX012795;2026-03-08;1000001154;Hadi Wijaya;TV Kabel;First Media;1005352246;209026;2500;211526;Mobile Banking;Sukses
TRX012845;2026-01-25;1000001996;Budi Santoso;TV Kabel;Transvision;9232004854;141688;2500;144188;EDC;Sukses
TRX012856;2026-01-15;1000003836;Citra Dewi;Internet;Biznet;6654677483;372504;3000;375504;ATM;Sukses
TRX012945;2026-01-28;1000000588;Citra Dewi;Internet;Biznet;9361553892;292116;3000;295116;EDC;Sukses
TRX012979;2026-03-26;1000001474;Joko Susilo;Internet;Biznet;3912590698;416439;2500;418939;ATM;Sukses
TRX012980;2026-02-08;1000001360;Hadi Wijaya;Listrik;PLN;3790008089;180360;2500;182860;EDC;Sukses
TRX013014;2026-03-29;1000004541;Citra Dewi;Internet;IndiHome;2283785736;476555;2500;479055;Internet Banking;Sukses
TRX013041;2026-01-12;1000002529;Citra Dewi;Internet;IndiHome;9760638044;98275;2500;100775;Teller;Sukses
TRX013067;2026-03-13;1000000261;Budi Santoso;Internet;Biznet;2398414851;85869;2500;88369;Internet Banking;Sukses
TRX013070;2026-01-08;1000002945;Budi Santoso;Internet;Biznet;5500931122;345597;2500;348097;Internet Banking;Sukses
TRX013090;2026-02-07;1000004235;Intan Sari;TV Kabel;First Media;6295938952;432368;2000;434368;ATM;Sukses
TRX013132;2026-01-16;1000001268;Citra Dewi;Internet;Biznet;5813628532;233916;2500;236416;Mobile Banking;Sukses
TRX013155;2026-02-28;1000001919;Joko Susilo;Listrik;PLN;9772238557;295908;3000;298908;Teller;Sukses
TRX013247;2026-03-01;1000000953;Gina Marlina;Listrik;PLN;5536173631;188707;2500;191207;Internet Banking;Sukses
TRX013250;2026-02-13;1000001617;Joko Susilo;TV Kabel;First Media;5698468043;299008;3000;302008;Internet Banking;Sukses
TRX013260;2026-01-02;1000001361;Andi Saputra;TV Kabel;Transvision;5445272691;290781;2000;292781;Internet Banking;Sukses
TRX013292;2026-01-13;1000004561;Hadi Wijaya;Internet;IndiHome;4224528372;365353;3000;368353;Teller;Sukses
TRX013325;2026-01-04;1000001139;Joko Susilo;Air;PDAM;1703844564;246493;2500;248993;Teller;Sukses
TRX013362;2026-01-24;1000004405;Intan Sari;BPJS;BPJS Kesehatan;2658040059;316323;3000;319323;Internet Banking;Sukses
TRX013392;2026-01-31;1000004470;Citra Dewi;BPJS;BPJS Kesehatan;4094289391;351496;2500;353996;Internet Banking;Sukses
TRX013469;2026-03-20;1000000290;Budi Santoso;BPJS;BPJS Kesehatan;2152057653;462818;2500;465318;Teller;Sukses
TRX013480;2026-01-12;1000004138;Budi Santoso;TV Kabel;First Media;5687198096;455881;3000;458881;Mobile Banking;Sukses
TRX013483;2026-03-10;1000004024;Intan Sari;Air;PDAM;8606971986;410175;3000;413175;ATM;Sukses
TRX013495;2026-01-08;1000000317;Gina Marlina;Listrik;PLN;9201129962;277920;2000;279920;ATM;Sukses
TRX013558;2026-02-03;1000000025;Citra Dewi;BPJS;BPJS Kesehatan;4413121266;318352;3000;321352;EDC;Sukses
TRX013593;2026-01-03;1000002594;Fajar Hidayat;TV Kabel;First Media;9996981236;411500;2500;414000;ATM;Sukses
TRX013845;2026-01-18;1000000894;Citra Dewi;Internet;Biznet;1421562542;157543;2000;159543;ATM;Sukses
TRX013846;2026-02-09;1000001894;Hadi Wijaya;BPJS;BPJS Kesehatan;5209174362;233128;2000;235128;Teller;Sukses
TRX013862;2026-02-13;1000001583;Budi Santoso;Air;PDAM;4584202047;198898;3000;201898;Internet Banking;Sukses
TRX013865;2026-03-21;1000000177;Citra Dewi;Internet;IndiHome;9335517869;78864;2500;81364;Teller;Sukses
TRX013872;2026-01-28;1000001316;Andi Saputra;Air;PDAM;3425540491;97522;3000;100522;EDC;Sukses
TRX013897;2026-02-16;1000002331;Eka Lestari;TV Kabel;First Media;5592477339;240803;3000;243803;Teller;Sukses
TRX014045;2026-01-24;1000004302;Citra Dewi;Air;PDAM;1994025375;331783;3000;334783;Mobile Banking;Sukses
TRX014145;2026-03-23;1000003781;Hadi Wijaya;Internet;Biznet;4043247319;216053;2500;218553;Teller;Sukses
TRX014179;2026-01-27;1000004041;Joko Susilo;BPJS;BPJS Kesehatan;2869045042;191576;2000;193576;Internet Banking;Sukses
TRX014222;2026-02-02;1000004270;Joko Susilo;BPJS;BPJS Kesehatan;5282035547;312022;2000;314022;Teller;Sukses
TRX014274;2026-01-18;1000002220;Intan Sari;TV Kabel;First Media;9871932321;101144;2500;103644;Mobile Banking;Sukses
TRX014280;2026-03-30;1000004020;Budi Santoso;TV Kabel;Transvision;6826901318;469213;2000;471213;EDC;Sukses
TRX014315;2026-03-03;1000001154;Hadi Wijaya;TV Kabel;Transvision;1542967596;258454;3000;261454;Internet Banking;Sukses
TRX014347;2026-03-07;1000004800;Intan Sari;BPJS;BPJS Kesehatan;3631956350;131146;2500;133646;Mobile Banking;Sukses
TRX014371;2026-03-24;1000004868;Fajar Hidayat;TV Kabel;First Media;1922864390;56913;2000;58913;EDC;Sukses
TRX014399;2026-01-23;1000000914;Intan Sari;Air;PDAM;1662622464;438257;2000;440257;EDC;Sukses
TRX014424;2026-02-11;1000004093;Citra Dewi;BPJS;BPJS Kesehatan;8379380274;495961;2000;497961;Mobile Banking;Sukses
TRX014462;2026-02-12;1000003898;Joko Susilo;Air;PDAM;1628816543;386118;3000;389118;Mobile Banking;Sukses
TRX014480;2026-02-05;1000003126;Andi Saputra;TV Kabel;Transvision;7803220870;446247;2000;448247;Mobile Banking;Sukses
TRX014520;2026-01-19;1000001664;Intan Sari;Air;PDAM;8816692958;437778;2000;439778;Teller;Sukses
TRX014543;2026-03-05;1000003911;Budi Santoso;Listrik;PLN;3297036119;193435;2500;195935;Teller;Sukses
TRX014656;2026-01-25;1000004838;Budi Santoso;Air;PDAM;3713452283;451622;2500;454122;ATM;Sukses
TRX014671;2026-03-30;1000003713;Andi Saputra;TV Kabel;Transvision;1420473236;444564;2000;446564;Mobile Banking;Sukses
TRX014686;2026-03-06;1000004374;Fajar Hidayat;BPJS;BPJS Kesehatan;6068123748;223175;3000;226175;EDC;Sukses
TRX014709;2026-01-30;1000000505;Joko Susilo;Air;PDAM;3261773332;434511;3000;437511;EDC;Sukses
TRX014783;2026-02-28;1000000512;Hadi Wijaya;Listrik;PLN;5421339099;383830;2500;386330;Teller;Sukses
TRX014912;2026-02-15;1000001683;Dedi Pratama;Internet;Biznet;6368789739;387214;2500;389714;Mobile Banking;Sukses
TRX014929;2026-03-01;1000004710;Budi Santoso;Air;PDAM;4301505046;402215;2000;404215;EDC;Sukses
TRX014944;2026-02-22;1000000389;Andi Saputra;TV Kabel;Transvision;7777483582;104481;2000;106481;Teller;Sukses
TRX014974;2026-02-22;1000003719;Andi Saputra;Internet;Biznet;9429298720;63459;2000;65459;Internet Banking;Sukses
TRX014984;2026-01-31;1000001053;Intan Sari;BPJS;BPJS Kesehatan;5953023937;239768;2500;242268;EDC;Sukses
TRX014994;2026-02-09;1000001430;Fajar Hidayat;Internet;Biznet;2408711052;340736;3000;343736;Teller;Sukses
TRX015001;2026-02-13;1000001979;Citra Dewi;Internet;Biznet;5210202662;118878;2500;121378;ATM;Sukses
TRX015054;2026-01-13;1000001226;Intan Sari;Listrik;PLN;9782955686;150805;2000;152805;Mobile Banking;Sukses
TRX015070;2026-01-20;1000004063;Gina Marlina;Air;PDAM;2941284380;248157;2000;250157;EDC;Sukses
TRX015122;2026-03-19;1000002508;Joko Susilo;BPJS;BPJS Kesehatan;3239280991;216707;2500;219207;Mobile Banking;Sukses
TRX015141;2026-03-28;1000000826;Intan Sari;TV Kabel;First Media;8673708718;134090;2000;136090;EDC;Sukses
TRX015150;2026-02-01;1000004644;Hadi Wijaya;BPJS;BPJS Kesehatan;6621160935;389546;2500;392046;EDC;Sukses
TRX015157;2026-01-01;1000001894;Hadi Wijaya;Internet;IndiHome;3408208160;423194;3000;426194;EDC;Sukses
TRX015159;2026-01-10;1000004093;Citra Dewi;TV Kabel;Transvision;4210489248;261537;2000;263537;Teller;Sukses
TRX015200;2026-01-02;1000000051;Citra Dewi;TV Kabel;First Media;1068749660;199689;2500;202189;EDC;Sukses
TRX015229;2026-03-24;1000002229;Joko Susilo;Air;PDAM;2111978852;228568;3000;231568;ATM;Sukses
TRX015263;2026-02-16;1000000061;Eka Lestari;TV Kabel;Transvision;2207041967;408169;2500;410669;Mobile Banking;Sukses
TRX015296;2026-03-01;1000000714;Eka Lestari;Air;PDAM;3706542225;277725;2500;280225;Teller;Sukses
TRX015355;2026-03-22;1000004287;Dedi Pratama;Air;PDAM;9832782278;202446;2500;204946;Mobile Banking;Sukses
TRX015404;2026-02-26;1000004478;Eka Lestari;Listrik;PLN;5186447660;52858;2000;54858;Internet Banking;Sukses
TRX015414;2026-03-13;1000000966;Intan Sari;Internet;IndiHome;7658866092;327543;3000;330543;ATM;Sukses
TRX015586;2026-02-18;1000000278;Citra Dewi;TV Kabel;First Media;3435212870;340603;3000;343603;Teller;Sukses
TRX015603;2026-02-19;1000001156;Gina Marlina;Internet;Biznet;6394800094;265241;2000;267241;ATM;Sukses
TRX015622;2026-03-29;1000002546;Gina Marlina;TV Kabel;First Media;5225001228;240083;2500;242583;Internet Banking;Sukses
TRX015654;2026-02-22;1000003280;Joko Susilo;Internet;IndiHome;5230658209;266207;3000;269207;EDC;Sukses
TRX015659;2026-01-24;1000001602;Eka Lestari;Internet;Biznet;7973935094;146744;2000;148744;EDC;Sukses
TRX015833;2026-01-09;1000001402;Dedi Pratama;BPJS;BPJS Kesehatan;2715638082;375301;3000;378301;Teller;Sukses
TRX015867;2026-01-06;1000003277;Joko Susilo;Air;PDAM;7102716904;50971;2500;53471;ATM;Sukses
TRX015885;2026-03-18;1000002206;Fajar Hidayat;Air;PDAM;9990710167;123372;2500;125872;Teller;Sukses
TRX015920;2026-01-18;1000000147;Budi Santoso;Internet;IndiHome;8693401266;177861;2500;180361;EDC;Sukses
TRX015921;2026-01-30;1000000319;Budi Santoso;Listrik;PLN;9307185091;150235;2500;152735;ATM;Sukses
TRX015978;2026-01-27;1000002743;Budi Santoso;Air;PDAM;6956850606;185301;2500;187801;Internet Banking;Sukses
TRX016052;2026-03-22;1000000213;Andi Saputra;BPJS;BPJS Kesehatan;7343208283;141403;2000;143403;Teller;Sukses
TRX016097;2026-02-01;1000002091;Budi Santoso;Listrik;PLN;7987312853;316311;2500;318811;Mobile Banking;Sukses
TRX016145;2026-01-13;1000002321;Citra Dewi;TV Kabel;Transvision;4014072088;204303;3000;207303;Mobile Banking;Sukses
TRX016248;2026-03-25;1000002606;Hadi Wijaya;BPJS;BPJS Kesehatan;9316390669;78608;3000;81608;Mobile Banking;Sukses
TRX016283;2026-02-04;1000001836;Andi Saputra;Internet;Biznet;1086966309;494072;2500;496572;Mobile Banking;Sukses
TRX016299;2026-01-03;1000001818;Eka Lestari;Air;PDAM;3367504587;155863;3000;158863;Internet Banking;Sukses
TRX016328;2026-02-23;1000000275;Intan Sari;Internet;IndiHome;6437541538;245049;3000;248049;Mobile Banking;Sukses
TRX016341;2026-03-14;1000000235;Hadi Wijaya;Listrik;PLN;3299901400;497958;2500;500458;Teller;Sukses
TRX016354;2026-02-02;1000002373;Dedi Pratama;Listrik;PLN;2758869822;114773;3000;117773;EDC;Sukses
TRX016422;2026-02-04;1000004104;Eka Lestari;Air;PDAM;7595082167;97707;2000;99707;ATM;Sukses
TRX016531;2026-02-11;1000004862;Citra Dewi;Air;PDAM;1750497714;271469;2500;273969;ATM;Sukses
TRX016541;2026-01-15;1000000883;Citra Dewi;Air;PDAM;5797979890;232710;2500;235210;EDC;Sukses
TRX016565;2026-03-26;1000001618;Hadi Wijaya;Internet;Biznet;2772294305;339524;2500;342024;Internet Banking;Sukses
TRX016627;2026-03-24;1000001000;Hadi Wijaya;Internet;Biznet;7298159782;471663;2000;473663;Internet Banking;Sukses
TRX016634;2026-03-11;1000004055;Citra Dewi;Internet;IndiHome;7837803257;94186;2000;96186;Teller;Sukses
TRX016654;2026-01-19;1000003500;Fajar Hidayat;Internet;Biznet;5487687797;458774;2000;460774;Teller;Sukses
TRX016671;2026-01-25;1000004758;Joko Susilo;Air;PDAM;2687814300;482310;3000;485310;EDC;Sukses
TRX016701;2026-01-26;1000001477;Budi Santoso;Internet;Biznet;5409606087;355838;2000;357838;Internet Banking;Sukses
TRX016810;2026-02-13;1000000015;Budi Santoso;Internet;IndiHome;1220612633;147936;2000;149936;ATM;Sukses
TRX016817;2026-03-17;1000004210;Citra Dewi;Air;PDAM;1649670165;157318;2500;159818;Mobile Banking;Sukses
TRX016903;2026-02-24;1000000148;Andi Saputra;TV Kabel;Transvision;9838178912;375913;2000;377913;Internet Banking;Sukses
TRX016963;2026-03-26;1000003711;Budi Santoso;TV Kabel;Transvision;4699249752;448132;2000;450132;EDC;Sukses
TRX017025;2026-01-08;1000003810;Budi Santoso;TV Kabel;Transvision;8512177156;341522;2500;344022;Teller;Sukses
TRX017050;2026-03-07;1000002689;Budi Santoso;Air;PDAM;1821456984;372559;2500;375059;Internet Banking;Sukses
TRX017123;2026-01-02;1000001746;Citra Dewi;Listrik;PLN;2363223238;66050;3000;69050;EDC;Sukses
TRX017148;2026-03-14;1000003696;Andi Saputra;TV Kabel;First Media;1818302429;381486;2000;383486;Internet Banking;Sukses
TRX017223;2026-02-07;1000003276;Hadi Wijaya;BPJS;BPJS Kesehatan;3830941277;102641;2500;105141;ATM;Sukses
TRX017246;2026-02-16;1000002126;Intan Sari;Listrik;PLN;2518333009;185956;2500;188456;Mobile Banking;Sukses
TRX017311;2026-02-08;1000000351;Citra Dewi;Listrik;PLN;8595785734;211099;3000;214099;ATM;Sukses
TRX017363;2026-01-26;1000000424;Intan Sari;BPJS;BPJS Kesehatan;6096236819;50609;3000;53609;Teller;Sukses
TRX017370;2026-03-18;1000001003;Andi Saputra;BPJS;BPJS Kesehatan;8430141132;275589;2500;278089;Mobile Banking;Sukses
TRX017395;2026-02-25;1000001415;Gina Marlina;TV Kabel;First Media;2231050750;375060;2000;377060;EDC;Sukses
TRX017437;2026-01-22;1000000325;Eka Lestari;Internet;Biznet;5492321688;107433;2000;109433;Teller;Sukses
TRX017472;2026-02-09;1000003597;Fajar Hidayat;Internet;Biznet;1968668960;51967;2000;53967;EDC;Sukses
TRX017489;2026-02-23;1000002718;Fajar Hidayat;TV Kabel;Transvision;6625750578;445433;2000;447433;Internet Banking;Sukses
TRX017495;2026-03-29;1000001568;Intan Sari;Internet;IndiHome;2066097372;52038;2000;54038;EDC;Sukses
TRX017588;2026-02-07;1000001043;Intan Sari;TV Kabel;Transvision;4576425959;363262;2500;365762;Mobile Banking;Sukses
TRX017684;2026-03-07;1000002734;Dedi Pratama;Internet;Biznet;4892628817;231708;2500;234208;ATM;Sukses
TRX017710;2026-01-16;1000002703;Citra Dewi;Air;PDAM;4533971390;392836;2500;395336;EDC;Sukses
TRX017713;2026-01-27;1000004745;Dedi Pratama;Internet;Biznet;6761550176;472881;2500;475381;Mobile Banking;Sukses
TRX017775;2026-03-25;1000003991;Hadi Wijaya;Air;PDAM;5728360080;458457;2500;460957;EDC;Sukses
TRX017804;2026-03-20;1000000755;Fajar Hidayat;Internet;Biznet;2142134232;81053;3000;84053;Mobile Banking;Sukses
TRX017864;2026-02-27;1000002333;Joko Susilo;Air;PDAM;6155617679;52610;2500;55110;Mobile Banking;Sukses
TRX017954;2026-02-28;1000004156;Citra Dewi;TV Kabel;First Media;3561969956;68327;2000;70327;Internet Banking;Sukses
TRX017984;2026-03-19;1000003184;Joko Susilo;Listrik;PLN;7627620963;239564;2000;241564;Teller;Sukses
TRX018041;2026-01-10;1000003257;Dedi Pratama;TV Kabel;First Media;8054748917;293071;2000;295071;Mobile Banking;Sukses
TRX018055;2026-01-22;1000000771;Budi Santoso;Air;PDAM;9647891560;261209;2500;263709;ATM;Sukses
TRX018122;2026-01-05;1000000977;Hadi Wijaya;TV Kabel;Transvision;8349718830;469098;2500;471598;Teller;Sukses
TRX018130;2026-01-06;1000003527;Eka Lestari;Internet;Biznet;3085963652;438569;3000;441569;EDC;Sukses
TRX018189;2026-02-21;1000000685;Budi Santoso;Listrik;PLN;9763882635;322347;2500;324847;Teller;Sukses
TRX018295;2026-03-09;1000001145;Gina Marlina;TV Kabel;First Media;1110550342;460664;2000;462664;Teller;Sukses
TRX018302;2026-02-22;1000003237;Joko Susilo;BPJS;BPJS Kesehatan;3311843017;479401;3000;482401;Mobile Banking;Sukses
TRX018365;2026-01-10;1000003870;Hadi Wijaya;TV Kabel;Transvision;9674407667;469781;2500;472281;ATM;Sukses
TRX018366;2026-02-02;1000002112;Gina Marlina;TV Kabel;Transvision;9982084061;266557;2000;268557;Internet Banking;Sukses
TRX018382;2026-02-06;1000002296;Eka Lestari;TV Kabel;Transvision;8621234158;60694;2500;63194;EDC;Sukses
TRX018421;2026-03-26;1000001977;Gina Marlina;TV Kabel;First Media;5279862001;383937;2000;385937;ATM;Sukses
TRX018431;2026-02-15;1000000617;Fajar Hidayat;BPJS;BPJS Kesehatan;8671066378;72408;2500;74908;EDC;Sukses
TRX018451;2026-02-12;1000001963;Eka Lestari;TV Kabel;Transvision;8201187068;291589;3000;294589;Internet Banking;Sukses
TRX018484;2026-03-10;1000000585;Dedi Pratama;Internet;Biznet;6953407280;295570;2000;297570;Teller;Sukses
TRX018504;2026-01-30;1000004504;Joko Susilo;Listrik;PLN;5498821895;409566;3000;412566;EDC;Sukses
TRX018543;2026-01-15;1000000058;Andi Saputra;Listrik;PLN;3202039211;446256;2000;448256;Mobile Banking;Sukses
TRX018635;2026-01-19;1000000365;Eka Lestari;TV Kabel;Transvision;7215897811;319218;2500;321718;Teller;Sukses
TRX018752;2026-01-06;1000004236;Andi Saputra;TV Kabel;Transvision;5610754840;117501;2500;120001;Internet Banking;Sukses
TRX018787;2026-03-28;1000002485;Gina Marlina;Internet;Biznet;3017738185;433570;3000;436570;Mobile Banking;Sukses
TRX018843;2026-04-01;1000001644;Andi Saputra;Internet;IndiHome;1379720375;485761;2500;488261;Mobile Banking;Sukses
TRX018847;2026-03-09;1000002764;Andi Saputra;Listrik;PLN;9027125518;492795;2500;495295;Internet Banking;Sukses
TRX018851;2026-02-06;1000000852;Hadi Wijaya;TV Kabel;Transvision;8465710349;332257;3000;335257;Internet Banking;Sukses
TRX018887;2026-01-20;1000002836;Dedi Pratama;TV Kabel;First Media;7765321383;83529;2500;86029;Teller;Sukses
TRX018912;2026-03-25;1000000873;Budi Santoso;Listrik;PLN;8844630389;121032;3000;124032;ATM;Sukses
TRX018919;2026-01-19;1000000140;Fajar Hidayat;Internet;IndiHome;5292363337;387541;3000;390541;Mobile Banking;Sukses
TRX018923;2026-02-01;1000000353;Hadi Wijaya;Air;PDAM;6265209320;325108;2500;327608;Mobile Banking;Sukses
TRX018957;2026-03-02;1000002145;Eka Lestari;Listrik;PLN;6536600246;386442;2000;388442;EDC;Sukses
TRX018966;2026-01-26;1000000182;Joko Susilo;Listrik;PLN;7922159484;426313;3000;429313;ATM;Sukses
TRX019005;2026-03-24;1000002808;Budi Santoso;Internet;Biznet;3652102738;164019;3000;167019;EDC;Sukses
TRX019027;2026-03-21;1000004448;Joko Susilo;Air;PDAM;7624128095;170675;2500;173175;EDC;Sukses
TRX019037;2026-03-07;1000000012;Hadi Wijaya;Listrik;PLN;9056610524;497029;3000;500029;Teller;Sukses
TRX019084;2026-02-23;1000002550;Citra Dewi;TV Kabel;Transvision;5240973885;142098;2000;144098;Internet Banking;Sukses
TRX019101;2026-01-05;1000000646;Andi Saputra;Air;PDAM;9711397278;362703;2500;365203;EDC;Sukses
TRX019148;2026-03-24;1000000532;Joko Susilo;TV Kabel;First Media;2628790942;76109;2500;78609;Teller;Sukses
TRX019218;2026-03-04;1000001302;Fajar Hidayat;TV Kabel;First Media;5487113944;61415;3000;64415;Mobile Banking;Sukses
TRX019285;2026-02-11;1000002028;Andi Saputra;Internet;Biznet;9930359790;360348;2000;362348;ATM;Sukses
TRX019454;2026-02-16;1000004561;Hadi Wijaya;Internet;Biznet;8324138240;163573;2000;165573;EDC;Sukses
TRX019464;2026-03-20;1000004940;Dedi Pratama;Listrik;PLN;3236343331;256320;2500;258820;ATM;Sukses
TRX019488;2026-02-20;1000004098;Citra Dewi;BPJS;BPJS Kesehatan;5131598101;102495;2500;104995;Teller;Sukses
TRX019490;2026-03-11;1000004177;Intan Sari;TV Kabel;First Media;6482387663;80537;2000;82537;Internet Banking;Sukses
TRX019521;2026-02-26;1000001002;Dedi Pratama;BPJS;BPJS Kesehatan;6134945591;86466;2500;88966;EDC;Sukses
TRX019551;2026-01-26;1000002592;Joko Susilo;TV Kabel;Transvision;7410311330;229528;2000;231528;Mobile Banking;Sukses
TRX019645;2026-01-19;1000003300;Hadi Wijaya;Internet;Biznet;2780354801;82929;2500;85429;EDC;Sukses
TRX019809;2026-01-26;1000004627;Dedi Pratama;Internet;Biznet;5194326945;351807;2000;353807;Internet Banking;Sukses
TRX019812;2026-01-01;1000002406;Intan Sari;TV Kabel;First Media;6047469510;237615;2500;240115;ATM;Sukses
TRX019878;2026-01-09;1000004637;Dedi Pratama;Internet;IndiHome;2076378411;498224;3000;501224;Internet Banking;Sukses
TRX019894;2026-03-05;1000000643;Intan Sari;TV Kabel;First Media;9260669919;495615;2500;498115;Internet Banking;Sukses
TRX019917;2026-01-01;1000001813;Joko Susilo;Listrik;PLN;6757957142;402394;3000;405394;Teller;Sukses
TRX019994;2026-02-02;1000004494;Fajar Hidayat;TV Kabel;Transvision;7323157004;263716;2500;266216;Mobile Banking;Sukses
TRX020022;2026-02-03;1000002341;Eka Lestari;TV Kabel;Transvision;5277471573;466147;3000;469147;Teller;Sukses
TRX020037;2026-02-15;1000001207;Eka Lestari;TV Kabel;Transvision;8183108051;151186;2000;153186;Mobile Banking;Sukses
TRX020062;2026-03-01;1000002296;Eka Lestari;BPJS;BPJS Kesehatan;9602229274;394915;2000;396915;Mobile Banking;Sukses
TRX020074;2026-03-22;1000003533;Eka Lestari;Air;PDAM;2977079513;277921;3000;280921;ATM;Sukses
TRX020089;2026-02-19;1000002109;Intan Sari;Air;PDAM;9959486148;396400;2500;398900;Internet Banking;Sukses
TRX020110;2026-03-06;1000004834;Citra Dewi;BPJS;BPJS Kesehatan;6956053858;267466;3000;270466;EDC;Sukses
TRX020207;2026-03-23;1000000028;Intan Sari;Internet;IndiHome;5767829952;189318;2000;191318;ATM;Sukses
TRX020219;2026-01-12;1000000904;Eka Lestari;Air;PDAM;1129660639;149621;2000;151621;Teller;Sukses
TRX020285;2026-01-24;1000002822;Fajar Hidayat;Listrik;PLN;4171469446;195792;3000;198792;ATM;Sukses
TRX020334;2026-01-25;1000003658;Budi Santoso;TV Kabel;Transvision;4701824358;486373;2500;488873;Teller;Sukses
TRX020384;2026-01-25;1000004417;Intan Sari;BPJS;BPJS Kesehatan;3650245118;186622;3000;189622;Mobile Banking;Sukses
TRX020387;2026-03-01;1000001526;Eka Lestari;Air;PDAM;9306094359;461106;2500;463606;Mobile Banking;Sukses
TRX020424;2026-01-18;1000004810;Gina Marlina;BPJS;BPJS Kesehatan;1027306112;221255;2500;223755;Mobile Banking;Sukses
TRX020438;2026-03-03;1000001042;Intan Sari;TV Kabel;Transvision;7223382308;367900;3000;370900;Teller;Sukses
TRX020469;2026-02-07;1000000708;Dedi Pratama;BPJS;BPJS Kesehatan;8053054687;275251;2500;277751;Mobile Banking;Sukses
TRX020525;2026-01-22;1000002354;Budi Santoso;Air;PDAM;9893860260;357168;2000;359168;Teller;Sukses
TRX020575;2026-02-07;1000002284;Dedi Pratama;BPJS;BPJS Kesehatan;4072472016;51483;2000;53483;ATM;Sukses
TRX020671;2026-01-12;1000004352;Gina Marlina;TV Kabel;Transvision;5450208863;115125;2500;117625;ATM;Sukses
TRX020690;2026-02-18;1000001434;Hadi Wijaya;Internet;IndiHome;4736299523;255818;2000;257818;ATM;Sukses
TRX020698;2026-01-03;1000003842;Joko Susilo;Internet;Biznet;9945348487;366710;3000;369710;Mobile Banking;Sukses
TRX020741;2026-02-15;1000001135;Fajar Hidayat;Listrik;PLN;3969606495;179282;2500;181782;Teller;Sukses
TRX020756;2026-02-14;1000004181;Andi Saputra;Internet;Biznet;9462403665;324399;3000;327399;Internet Banking;Sukses
TRX020760;2026-03-19;1000002962;Joko Susilo;Internet;Biznet;6690866800;74263;3000;77263;Teller;Sukses
TRX020850;2026-03-23;1000003312;Eka Lestari;Internet;Biznet;5144464649;161719;3000;164719;Mobile Banking;Sukses
TRX020953;2026-02-21;1000004098;Citra Dewi;Air;PDAM;9869379733;452828;3000;455828;EDC;Sukses
TRX021203;2026-03-27;1000003436;Andi Saputra;Air;PDAM;5851703645;323126;2000;325126;EDC;Sukses
TRX021238;2026-01-29;1000001658;Fajar Hidayat;TV Kabel;Transvision;8469834178;408601;3000;411601;Mobile Banking;Sukses
TRX021350;2026-01-06;1000002421;Gina Marlina;Internet;IndiHome;5314237618;363652;2000;365652;ATM;Sukses
TRX021380;2026-02-19;1000004076;Budi Santoso;Internet;Biznet;8781001812;351360;3000;354360;Mobile Banking;Sukses
TRX021572;2026-02-03;1000004629;Intan Sari;TV Kabel;Transvision;9919113473;402073;3000;405073;Mobile Banking;Sukses
TRX021615;2026-03-25;1000000911;Citra Dewi;TV Kabel;First Media;6084655940;496644;2000;498644;Teller;Sukses
TRX021647;2026-01-12;1000004444;Fajar Hidayat;TV Kabel;Transvision;9346026602;295603;2500;298103;EDC;Sukses
TRX021680;2026-03-04;1000004292;Citra Dewi;Air;PDAM;2624081207;143307;2500;145807;ATM;Sukses
TRX021701;2026-01-17;1000003423;Andi Saputra;TV Kabel;Transvision;3987366051;435206;2000;437206;Internet Banking;Sukses
TRX021732;2026-01-22;1000002493;Budi Santoso;Internet;Biznet;2044904678;254755;2000;256755;EDC;Sukses
TRX021770;2026-03-22;1000001553;Citra Dewi;Internet;IndiHome;6431424763;89617;2000;91617;Teller;Sukses
TRX021772;2026-02-13;1000004282;Citra Dewi;BPJS;BPJS Kesehatan;2933824564;282245;3000;285245;EDC;Sukses
TRX021813;2026-02-27;1000002379;Gina Marlina;BPJS;BPJS Kesehatan;6398866688;318111;2500;320611;Mobile Banking;Sukses
TRX021863;2026-02-22;1000003374;Citra Dewi;Air;PDAM;5722101746;297622;3000;300622;ATM;Sukses
TRX021873;2026-01-02;1000000221;Eka Lestari;TV Kabel;First Media;3362330575;469890;2500;472390;ATM;Sukses
TRX021895;2026-01-02;1000000468;Fajar Hidayat;Air;PDAM;3164023629;180513;3000;183513;EDC;Sukses
TRX022171;2026-01-17;1000003070;Budi Santoso;BPJS;BPJS Kesehatan;9033860299;334171;3000;337171;EDC;Sukses
TRX022312;2026-02-24;1000003146;Andi Saputra;Air;PDAM;3198864549;66997;3000;69997;EDC;Sukses
TRX022334;2026-01-12;1000004644;Hadi Wijaya;Internet;Biznet;4715767258;368485;2500;370985;EDC;Sukses
TRX022374;2026-03-01;1000001565;Budi Santoso;BPJS;BPJS Kesehatan;7494201261;404376;2000;406376;Teller;Sukses
TRX022462;2026-03-13;1000002719;Andi Saputra;BPJS;BPJS Kesehatan;2284561045;347492;2500;349992;Mobile Banking;Sukses
TRX022495;2026-03-17;1000000261;Budi Santoso;TV Kabel;First Media;3485994886;494092;2000;496092;Internet Banking;Sukses
TRX022515;2026-02-07;1000002201;Citra Dewi;Internet;IndiHome;9710981808;366972;2500;369472;Mobile Banking;Sukses
TRX022519;2026-02-09;1000004239;Dedi Pratama;TV Kabel;Transvision;9156473756;240007;3000;243007;ATM;Sukses
TRX022572;2026-01-11;1000004458;Eka Lestari;Listrik;PLN;9357729581;304960;2000;306960;Teller;Sukses
TRX022587;2026-01-13;1000002561;Dedi Pratama;BPJS;BPJS Kesehatan;7596732904;57819;2500;60319;Mobile Banking;Sukses
TRX022608;2026-02-05;1000003551;Budi Santoso;TV Kabel;First Media;3680098434;252579;2500;255079;Teller;Sukses
TRX022649;2026-01-14;1000000544;Budi Santoso;Internet;IndiHome;3641620684;97340;2500;99840;ATM;Sukses
TRX022676;2026-03-29;1000003773;Andi Saputra;TV Kabel;Transvision;6524613968;424257;2000;426257;EDC;Sukses
TRX022684;2026-01-11;1000002930;Budi Santoso;BPJS;BPJS Kesehatan;1343460695;354773;2000;356773;Mobile Banking;Sukses
TRX022699;2026-01-08;1000001170;Gina Marlina;Listrik;PLN;7090211679;487778;3000;490778;Mobile Banking;Sukses
TRX022726;2026-03-20;1000002009;Citra Dewi;Internet;IndiHome;3468845838;97448;3000;100448;Internet Banking;Sukses
TRX022761;2026-03-14;1000001860;Eka Lestari;Internet;Biznet;9016054405;243651;2500;246151;Mobile Banking;Sukses
TRX022919;2026-03-05;1000001084;Gina Marlina;TV Kabel;Transvision;5059647582;422396;2500;424896;EDC;Sukses
TRX023070;2026-03-20;1000000294;Intan Sari;TV Kabel;First Media;4207581266;407651;2500;410151;Internet Banking;Sukses
TRX023073;2026-01-10;1000001815;Dedi Pratama;Internet;Biznet;4541805323;467429;2000;469429;Internet Banking;Sukses
TRX023091;2026-03-28;1000004043;Eka Lestari;TV Kabel;First Media;3855797239;289761;2000;291761;EDC;Sukses
TRX023172;2026-03-08;1000002711;Budi Santoso;TV Kabel;Transvision;5547530646;257027;2500;259527;Mobile Banking;Sukses
TRX023209;2026-03-23;1000004163;Citra Dewi;BPJS;BPJS Kesehatan;4794304251;340370;3000;343370;Teller;Sukses
TRX023210;2026-01-01;1000003872;Gina Marlina;TV Kabel;First Media;5724418153;440128;3000;443128;EDC;Sukses
TRX023212;2026-03-05;1000002036;Citra Dewi;Listrik;PLN;3689223346;150259;3000;153259;ATM;Sukses
TRX023224;2026-03-04;1000000648;Fajar Hidayat;Air;PDAM;9581621906;221459;2500;223959;ATM;Sukses
TRX023232;2026-03-24;1000000851;Hadi Wijaya;Internet;IndiHome;1429586646;149710;2000;151710;EDC;Sukses
TRX023240;2026-02-19;1000001709;Andi Saputra;Air;PDAM;6913741221;373148;2000;375148;Mobile Banking;Sukses
TRX023254;2026-03-01;1000003682;Intan Sari;TV Kabel;Transvision;4015635258;377860;2500;380360;Internet Banking;Sukses
TRX023275;2026-02-27;1000001308;Andi Saputra;Internet;Biznet;7031874379;478252;2000;480252;Internet Banking;Sukses
TRX023347;2026-02-23;1000004676;Hadi Wijaya;Listrik;PLN;7055948076;419290;3000;422290;Teller;Sukses
TRX023401;2026-01-25;1000001411;Eka Lestari;Listrik;PLN;4957650930;485486;2500;487986;Internet Banking;Sukses
TRX023421;2026-03-31;1000002999;Dedi Pratama;Internet;Biznet;2201123715;414295;2500;416795;Internet Banking;Sukses
TRX023466;2026-01-09;1000003128;Fajar Hidayat;Internet;Biznet;2750085339;162191;2500;164691;Teller;Sukses
TRX023468;2026-02-08;1000004607;Andi Saputra;TV Kabel;First Media;7580022366;423032;2500;425532;Internet Banking;Sukses
TRX023512;2026-01-17;1000004190;Budi Santoso;TV Kabel;First Media;7638737380;103209;2500;105709;EDC;Sukses
TRX023523;2026-03-24;1000004290;Joko Susilo;TV Kabel;Transvision;8915286297;495649;3000;498649;ATM;Sukses
TRX023524;2026-02-15;1000004032;Hadi Wijaya;BPJS;BPJS Kesehatan;2023532248;411044;2500;413544;Internet Banking;Sukses
TRX023536;2026-02-05;1000000183;Fajar Hidayat;TV Kabel;Transvision;3789905575;101340;2500;103840;Mobile Banking;Sukses
TRX023572;2026-01-03;1000004022;Intan Sari;Listrik;PLN;9387406268;180943;3000;183943;Internet Banking;Sukses
TRX023588;2026-03-21;1000003490;Joko Susilo;Listrik;PLN;7597904615;326057;3000;329057;Internet Banking;Sukses
TRX023589;2026-01-06;1000001944;Citra Dewi;TV Kabel;Transvision;4245129284;489839;2500;492339;Mobile Banking;Sukses
TRX023591;2026-01-21;1000001906;Eka Lestari;TV Kabel;Transvision;8177169250;245267;3000;248267;ATM;Sukses
TRX023662;2026-01-23;1000000160;Budi Santoso;Air;PDAM;7324923242;75789;2000;77789;Teller;Sukses
TRX023678;2026-02-03;1000001596;Andi Saputra;Air;PDAM;5511041593;374579;2000;376579;Mobile Banking;Sukses
TRX023684;2026-02-25;1000004518;Andi Saputra;Air;PDAM;5539644813;407048;2500;409548;Mobile Banking;Sukses
TRX023687;2026-01-29;1000002851;Joko Susilo;BPJS;BPJS Kesehatan;1816777736;178972;2000;180972;ATM;Sukses
TRX023688;2026-03-22;1000001084;Gina Marlina;Internet;IndiHome;6217058396;160709;3000;163709;Teller;Sukses
TRX023689;2026-01-25;1000003179;Gina Marlina;Internet;IndiHome;5897940709;122681;2000;124681;ATM;Sukses
TRX023735;2026-03-12;1000001051;Eka Lestari;Internet;Biznet;7041896976;401658;2000;403658;Internet Banking;Sukses
TRX023751;2026-01-25;1000001282;Gina Marlina;TV Kabel;First Media;9907371805;189394;2000;191394;EDC;Sukses
TRX023765;2026-02-21;1000000419;Hadi Wijaya;TV Kabel;Transvision;8540052016;133245;2500;135745;Mobile Banking;Sukses
TRX023948;2026-02-15;1000000420;Gina Marlina;Listrik;PLN;9708818639;345800;2500;348300;Mobile Banking;Sukses
TRX024097;2026-02-02;1000002218;Andi Saputra;Air;PDAM;5156145157;314526;3000;317526;Mobile Banking;Sukses
TRX024141;2026-02-14;1000000628;Budi Santoso;TV Kabel;First Media;1564908679;107755;2500;110255;Internet Banking;Sukses
TRX024146;2026-02-21;1000000233;Andi Saputra;TV Kabel;First Media;4105171866;467221;2000;469221;Teller;Sukses
TRX024170;2026-03-27;1000004320;Intan Sari;BPJS;BPJS Kesehatan;8232473926;110368;3000;113368;EDC;Sukses
TRX024197;2026-01-08;1000002323;Dedi Pratama;Internet;IndiHome;6839424802;430880;3000;433880;EDC;Sukses
TRX024204;2026-03-10;1000004758;Joko Susilo;Internet;IndiHome;1945043771;305000;3000;308000;ATM;Sukses
TRX024259;2026-01-08;1000001973;Andi Saputra;BPJS;BPJS Kesehatan;8698735889;325358;2500;327858;Internet Banking;Sukses
TRX024357;2026-01-23;1000001254;Gina Marlina;TV Kabel;Transvision;4827961847;198723;2000;200723;Mobile Banking;Sukses
TRX024383;2026-02-05;1000001881;Joko Susilo;Listrik;PLN;5251361130;174529;2000;176529;Internet Banking;Sukses
TRX024451;2026-02-26;1000002250;Citra Dewi;BPJS;BPJS Kesehatan;8435806294;132567;2500;135067;Mobile Banking;Sukses
TRX024478;2026-01-01;1000003557;Gina Marlina;TV Kabel;First Media;7111208760;110127;2000;112127;ATM;Sukses
TRX024482;2026-03-17;1000002857;Gina Marlina;TV Kabel;First Media;6943063787;485910;2500;488410;Teller;Sukses
TRX024495;2026-02-04;1000004005;Hadi Wijaya;Air;PDAM;4557450639;272347;3000;275347;Mobile Banking;Sukses
TRX024500;2026-02-09;1000002000;Gina Marlina;BPJS;BPJS Kesehatan;4253948047;236524;2000;238524;Mobile Banking;Sukses
TRX024547;2026-03-21;1000002212;Hadi Wijaya;Internet;IndiHome;7282468148;311331;2000;313331;Mobile Banking;Sukses
TRX024548;2026-03-21;1000004153;Citra Dewi;TV Kabel;Transvision;6279164251;279173;2500;281673;Teller;Sukses
TRX024571;2026-03-28;1000002836;Dedi Pratama;TV Kabel;First Media;2941129879;413594;2000;415594;Teller;Sukses
TRX024572;2026-03-22;1000001264;Andi Saputra;Listrik;PLN;8936341826;200742;2500;203242;Teller;Sukses
TRX024626;2026-03-14;1000002015;Budi Santoso;Internet;IndiHome;3750868417;436919;2500;439419;Mobile Banking;Sukses
TRX024628;2026-03-24;1000000453;Hadi Wijaya;Internet;Biznet;4146298585;167954;3000;170954;Mobile Banking;Sukses
TRX024682;2026-03-13;1000000972;Andi Saputra;Internet;IndiHome;6457865795;323741;2000;325741;Mobile Banking;Sukses
TRX024713;2026-02-05;1000003062;Budi Santoso;TV Kabel;First Media;8075361644;327707;2000;329707;ATM;Sukses
TRX024741;2026-01-25;1000001227;Hadi Wijaya;TV Kabel;First Media;3513396769;372297;2500;374797;ATM;Sukses
TRX024793;2026-01-07;1000004710;Budi Santoso;TV Kabel;Transvision;9277669426;91221;2000;93221;Internet Banking;Sukses
TRX024807;2026-03-02;1000001008;Citra Dewi;Listrik;PLN;8799475639;417489;3000;420489;Teller;Sukses
TRX024825;2026-03-18;1000002771;Fajar Hidayat;TV Kabel;Transvision;1204185323;367673;2500;370173;EDC;Sukses
TRX024855;2026-01-02;1000000004;Gina Marlina;BPJS;BPJS Kesehatan;8048797783;235423;2000;237423;EDC;Sukses
TRX024927;2026-01-11;1000002631;Budi Santoso;Listrik;PLN;4146513647;351099;2500;353599;Teller;Sukses
TRX024937;2026-04-01;1000003185;Budi Santoso;BPJS;BPJS Kesehatan;4826986771;162896;2000;164896;Mobile Banking;Sukses
TRX025048;2026-03-21;1000000544;Budi Santoso;Air;PDAM;8942193214;360729;2500;363229;ATM;Sukses
TRX025112;2026-01-12;1000003189;Hadi Wijaya;Air;PDAM;8041221391;354955;2000;356955;ATM;Sukses
TRX025183;2026-01-05;1000000055;Andi Saputra;Listrik;PLN;9980145100;170575;2500;173075;ATM;Sukses
TRX025184;2026-01-10;1000004952;Intan Sari;Listrik;PLN;1609513310;139785;3000;142785;Mobile Banking;Sukses
TRX025205;2026-01-13;1000001398;Citra Dewi;BPJS;BPJS Kesehatan;7982154589;362054;2500;364554;EDC;Sukses
TRX025338;2026-02-23;1000004046;Budi Santoso;TV Kabel;Transvision;9719838228;353578;2500;356078;Internet Banking;Sukses
TRX025354;2026-03-31;1000003948;Joko Susilo;Air;PDAM;7425822059;278427;2500;280927;Internet Banking;Sukses
TRX025368;2026-02-15;1000001230;Dedi Pratama;Listrik;PLN;4420344981;358446;2000;360446;Internet Banking;Sukses
TRX025372;2026-03-25;1000004314;Gina Marlina;TV Kabel;First Media;5359201146;417976;2500;420476;Internet Banking;Sukses
TRX025390;2026-01-12;1000000230;Hadi Wijaya;TV Kabel;First Media;1448508830;148757;2500;151257;Mobile Banking;Sukses
TRX025398;2026-02-02;1000002674;Fajar Hidayat;TV Kabel;Transvision;7982119652;251177;2500;253677;Mobile Banking;Sukses
TRX025519;2026-03-09;1000000369;Citra Dewi;BPJS;BPJS Kesehatan;4070258257;278320;2500;280820;Mobile Banking;Sukses
TRX025592;2026-03-17;1000003902;Citra Dewi;Air;PDAM;7227878373;443028;3000;446028;Teller;Sukses
TRX025644;2026-01-05;1000002846;Gina Marlina;Internet;Biznet;6352370330;406765;2500;409265;Teller;Sukses
TRX025661;2026-03-14;1000003940;Dedi Pratama;Internet;IndiHome;5699645612;210435;3000;213435;EDC;Sukses
TRX025674;2026-01-11;1000002454;Citra Dewi;TV Kabel;Transvision;8236033247;329002;2500;331502;EDC;Sukses
TRX025687;2026-01-16;1000004033;Citra Dewi;Listrik;PLN;1710885559;161676;2000;163676;EDC;Sukses
TRX025739;2026-01-16;1000003720;Intan Sari;Internet;IndiHome;8696480946;223675;2000;225675;EDC;Sukses
TRX025752;2026-03-15;1000004195;Joko Susilo;Internet;IndiHome;6184636923;454181;3000;457181;EDC;Sukses
TRX025800;2026-02-12;1000000790;Fajar Hidayat;TV Kabel;Transvision;6682063402;377004;2000;379004;ATM;Sukses
TRX025809;2026-01-26;1000002209;Dedi Pratama;TV Kabel;First Media;7484689892;313267;2000;315267;Internet Banking;Sukses
TRX025828;2026-01-07;1000004278;Hadi Wijaya;BPJS;BPJS Kesehatan;1828626751;236877;2000;238877;Mobile Banking;Sukses
TRX025954;2026-01-14;1000003291;Andi Saputra;Listrik;PLN;1649758983;214649;2000;216649;ATM;Sukses
TRX025987;2026-01-09;1000004828;Fajar Hidayat;TV Kabel;Transvision;8760409593;196577;2000;198577;Internet Banking;Sukses
TRX026028;2026-02-03;1000003659;Dedi Pratama;TV Kabel;First Media;4594797065;130322;2500;132822;Mobile Banking;Sukses
TRX026045;2026-03-09;1000002633;Gina Marlina;Internet;Biznet;6979456884;80932;3000;83932;Teller;Sukses
TRX026147;2026-01-31;1000001957;Dedi Pratama;TV Kabel;Transvision;7082771514;444629;2500;447129;Teller;Sukses
TRX026181;2026-01-21;1000002109;Intan Sari;Internet;IndiHome;1699271582;202391;3000;205391;ATM;Sukses
TRX026228;2026-02-27;1000000932;Citra Dewi;TV Kabel;Transvision;9043156830;386567;2000;388567;Teller;Sukses
TRX026236;2026-01-04;1000004264;Fajar Hidayat;Internet;IndiHome;5935020653;157153;2000;159153;Teller;Sukses
TRX026289;2026-03-19;1000002220;Intan Sari;TV Kabel;First Media;9316185466;116915;2000;118915;EDC;Sukses
TRX026457;2026-01-26;1000001668;Dedi Pratama;TV Kabel;First Media;7958444705;164713;2000;166713;Teller;Sukses
TRX026482;2026-03-31;1000000920;Gina Marlina;Air;PDAM;5077856077;101590;2500;104090;EDC;Sukses
TRX026495;2026-01-19;1000004438;Citra Dewi;Listrik;PLN;3012541957;69989;2500;72489;ATM;Sukses
TRX026520;2026-02-27;1000001340;Gina Marlina;Internet;IndiHome;2022949265;182283;2500;184783;Mobile Banking;Sukses
TRX026622;2026-03-17;1000003638;Hadi Wijaya;TV Kabel;First Media;3652640994;319560;2500;322060;Teller;Sukses
TRX026624;2026-02-12;1000002109;Intan Sari;BPJS;BPJS Kesehatan;5377198704;267038;2500;269538;Mobile Banking;Sukses
TRX026646;2026-02-20;1000002812;Budi Santoso;TV Kabel;First Media;9894881995;239383;3000;242383;EDC;Sukses
TRX026722;2026-03-18;1000003942;Fajar Hidayat;TV Kabel;First Media;6414659877;158785;2500;161285;Internet Banking;Sukses
TRX026754;2026-01-19;1000003966;Dedi Pratama;Listrik;PLN;9076853432;287522;2000;289522;Internet Banking;Sukses
TRX026817;2026-02-26;1000003399;Intan Sari;Air;PDAM;5606915547;75132;2000;77132;Mobile Banking;Sukses
TRX026828;2026-03-04;1000001669;Gina Marlina;BPJS;BPJS Kesehatan;2172975857;347853;3000;350853;Mobile Banking;Sukses
TRX026899;2026-02-05;1000001954;Dedi Pratama;TV Kabel;First Media;7022392316;309712;3000;312712;ATM;Sukses
TRX027055;2026-03-04;1000004314;Gina Marlina;Listrik;PLN;4483581071;296024;2000;298024;Mobile Banking;Sukses
TRX027086;2026-02-21;1000004747;Budi Santoso;BPJS;BPJS Kesehatan;3985111394;485189;3000;488189;Teller;Sukses
TRX027100;2026-02-09;1000001973;Andi Saputra;Internet;IndiHome;6430759309;118793;3000;121793;EDC;Sukses
TRX027108;2026-01-09;1000003739;Hadi Wijaya;Internet;Biznet;9286508501;206024;2500;208524;ATM;Sukses
TRX027246;2026-03-19;1000000718;Hadi Wijaya;TV Kabel;First Media;3896518998;99340;2500;101840;Internet Banking;Sukses
TRX027254;2026-01-18;1000002726;Intan Sari;Listrik;PLN;3173482482;242354;2000;244354;EDC;Sukses
TRX027262;2026-02-25;1000003772;Hadi Wijaya;TV Kabel;Transvision;4135481398;285724;2000;287724;Teller;Sukses
TRX027264;2026-02-19;1000003295;Budi Santoso;TV Kabel;First Media;8404247727;113135;3000;116135;Mobile Banking;Sukses
TRX027353;2026-01-16;1000004337;Eka Lestari;BPJS;BPJS Kesehatan;9178390769;378513;3000;381513;Teller;Sukses
TRX027356;2026-01-02;1000001909;Andi Saputra;BPJS;BPJS Kesehatan;6194630977;303767;3000;306767;EDC;Sukses
TRX027382;2026-03-12;1000002947;Intan Sari;TV Kabel;First Media;4993815354;56535;3000;59535;Mobile Banking;Sukses
TRX027419;2026-02-27;1000002306;Hadi Wijaya;Internet;IndiHome;3673127178;470258;2500;472758;Mobile Banking;Sukses
TRX027481;2026-02-08;1000002415;Joko Susilo;TV Kabel;First Media;6818243694;433744;2500;436244;Internet Banking;Sukses
TRX027531;2026-03-05;1000000133;Andi Saputra;BPJS;BPJS Kesehatan;6474132700;57175;3000;60175;Mobile Banking;Sukses
TRX027540;2026-02-25;1000004421;Joko Susilo;Listrik;PLN;4036163052;177698;3000;180698;Teller;Sukses
TRX027668;2026-03-01;1000002097;Hadi Wijaya;Internet;Biznet;9377419004;146253;2500;148753;Teller;Sukses
TRX027681;2026-02-08;1000001868;Citra Dewi;Air;PDAM;7829502223;414794;2500;417294;Mobile Banking;Sukses
TRX027743;2026-01-13;1000004205;Citra Dewi;TV Kabel;First Media;9682970922;76040;2000;78040;ATM;Sukses
TRX027749;2026-01-02;1000003336;Intan Sari;Internet;IndiHome;6917336950;85880;3000;88880;Internet Banking;Sukses
TRX027762;2026-03-13;1000002788;Gina Marlina;Air;PDAM;6692925375;134027;2500;136527;EDC;Sukses
TRX027771;2026-02-04;1000001740;Intan Sari;TV Kabel;First Media;2129847101;488913;2500;491413;Internet Banking;Sukses
TRX027855;2026-02-11;1000001695;Gina Marlina;BPJS;BPJS Kesehatan;2016383070;156280;2500;158780;ATM;Sukses
TRX027856;2026-02-12;1000000686;Hadi Wijaya;BPJS;BPJS Kesehatan;1390360731;154548;2000;156548;ATM;Sukses
TRX027861;2026-02-10;1000000707;Hadi Wijaya;TV Kabel;Transvision;3290347761;475408;3000;478408;EDC;Sukses
TRX027875;2026-01-17;1000000249;Andi Saputra;Listrik;PLN;4845979916;367211;3000;370211;Internet Banking;Sukses
TRX027887;2026-03-04;1000004895;Fajar Hidayat;Listrik;PLN;8615994016;308579;2500;311079;Mobile Banking;Sukses
TRX027895;2026-02-11;1000000561;Andi Saputra;BPJS;BPJS Kesehatan;9493548806;275587;2000;277587;ATM;Sukses
TRX027897;2026-02-01;1000002615;Eka Lestari;BPJS;BPJS Kesehatan;6051569889;81970;2500;84470;EDC;Sukses
TRX027983;2026-02-18;1000002614;Joko Susilo;Air;PDAM;5510562803;292985;3000;295985;Mobile Banking;Sukses
TRX027986;2026-03-21;1000004944;Citra Dewi;Listrik;PLN;6687628344;446085;2500;448585;Internet Banking;Sukses
TRX027992;2026-01-30;1000001605;Andi Saputra;TV Kabel;First Media;9792766628;78074;2500;80574;Mobile Banking;Sukses
TRX028019;2026-01-22;1000000960;Andi Saputra;TV Kabel;Transvision;1084196903;335727;2000;337727;Teller;Sukses
TRX028043;2026-01-08;1000003952;Dedi Pratama;Air;PDAM;8495544185;214381;3000;217381;EDC;Sukses
TRX028050;2026-01-10;1000003875;Andi Saputra;Listrik;PLN;1435992642;227365;3000;230365;EDC;Sukses
TRX028058;2026-02-06;1000001601;Joko Susilo;Internet;IndiHome;2804094695;167167;3000;170167;ATM;Sukses
TRX028150;2026-03-24;1000000318;Intan Sari;Air;PDAM;8368412877;126229;2000;128229;ATM;Sukses
TRX028192;2026-01-01;1000001687;Eka Lestari;Internet;IndiHome;1027140744;214927;2000;216927;Teller;Sukses
TRX028210;2026-01-20;1000002737;Eka Lestari;Internet;Biznet;2420800754;368050;3000;371050;Internet Banking;Sukses
TRX028248;2026-03-04;1000004403;Joko Susilo;Internet;IndiHome;3543497701;128616;2500;131116;ATM;Sukses
TRX028291;2026-03-10;1000002081;Intan Sari;BPJS;BPJS Kesehatan;7462016057;344471;2000;346471;Internet Banking;Sukses
TRX028341;2026-03-12;1000000737;Eka Lestari;Listrik;PLN;4555982683;305765;2500;308265;Internet Banking;Sukses
TRX028369;2026-02-20;1000004083;Andi Saputra;TV Kabel;Transvision;6660904973;347139;3000;350139;EDC;Sukses
TRX028406;2026-01-09;1000003426;Citra Dewi;TV Kabel;First Media;2019604557;358922;3000;361922;EDC;Sukses
TRX028412;2026-01-10;1000001865;Andi Saputra;Air;PDAM;5781815488;407244;3000;410244;Teller;Sukses
TRX028419;2026-03-29;1000002141;Budi Santoso;Air;PDAM;9043771116;172917;2500;175417;Internet Banking;Sukses
TRX028453;2026-03-20;1000002916;Andi Saputra;Internet;Biznet;5669902750;262700;2000;264700;Internet Banking;Sukses
TRX028456;2026-01-19;1000002341;Eka Lestari;BPJS;BPJS Kesehatan;5839589542;227933;3000;230933;Teller;Sukses
TRX028511;2026-02-15;1000002978;Citra Dewi;TV Kabel;First Media;1193910274;268940;2500;271440;Teller;Sukses
TRX028615;2026-01-12;1000000987;Intan Sari;Internet;IndiHome;5245309235;236318;2000;238318;Teller;Sukses
TRX028628;2026-02-06;1000004696;Fajar Hidayat;TV Kabel;Transvision;2092618237;426515;3000;429515;Mobile Banking;Sukses
TRX028679;2026-04-01;1000003997;Dedi Pratama;BPJS;BPJS Kesehatan;8944272310;434136;2500;436636;ATM;Sukses
TRX028687;2026-03-13;1000003957;Fajar Hidayat;Internet;IndiHome;4983442214;388478;2500;390978;EDC;Sukses
TRX028711;2026-01-13;1000002495;Joko Susilo;BPJS;BPJS Kesehatan;1731033649;173009;2000;175009;Mobile Banking;Sukses
TRX028721;2026-03-08;1000000822;Eka Lestari;TV Kabel;First Media;4259740371;310865;2000;312865;ATM;Sukses
TRX028742;2026-01-24;1000004600;Gina Marlina;Air;PDAM;8038997718;485486;2500;487986;Mobile Banking;Sukses
TRX028778;2026-02-26;1000003656;Andi Saputra;Air;PDAM;8318795021;423608;2000;425608;Teller;Sukses
TRX028812;2026-04-01;1000004323;Andi Saputra;BPJS;BPJS Kesehatan;7278133702;484391;2500;486891;EDC;Sukses
TRX028827;2026-02-21;1000001090;Joko Susilo;Internet;IndiHome;6360535185;432284;2000;434284;Mobile Banking;Sukses
TRX028845;2026-02-07;1000003455;Joko Susilo;TV Kabel;Transvision;8533012808;380676;2000;382676;Internet Banking;Sukses
TRX028884;2026-02-24;1000000408;Gina Marlina;Internet;IndiHome;2512516432;101599;2500;104099;EDC;Sukses
TRX028891;2026-02-27;1000004211;Intan Sari;Listrik;PLN;7778840483;431922;2500;434422;ATM;Sukses
TRX028908;2026-02-25;1000000833;Intan Sari;TV Kabel;First Media;7066434922;356427;2500;358927;EDC;Sukses
TRX028922;2026-03-20;1000001325;Budi Santoso;Internet;Biznet;2963311975;158425;2500;160925;EDC;Sukses
TRX028991;2026-02-25;1000000753;Hadi Wijaya;Internet;IndiHome;6090786635;277908;2000;279908;Internet Banking;Sukses
TRX029044;2026-01-31;1000002516;Andi Saputra;Listrik;PLN;2244227718;251196;3000;254196;Mobile Banking;Sukses
TRX029120;2026-02-12;1000003457;Citra Dewi;TV Kabel;First Media;3903651172;156005;2000;158005;Mobile Banking;Sukses
TRX029122;2026-01-12;1000000100;Eka Lestari;Internet;Biznet;9176238162;374904;2500;377404;Teller;Sukses
TRX029168;2026-01-19;1000001983;Andi Saputra;BPJS;BPJS Kesehatan;9224596582;421699;3000;424699;EDC;Sukses
TRX029190;2026-03-02;1000001206;Andi Saputra;Air;PDAM;1352649077;51912;3000;54912;EDC;Sukses
TRX029199;2026-03-15;1000000380;Fajar Hidayat;TV Kabel;Transvision;3844657865;464489;3000;467489;ATM;Sukses
TRX029209;2026-01-27;1000003873;Citra Dewi;Internet;Biznet;6769552473;384941;2500;387441;Teller;Sukses
TRX029220;2026-02-21;1000002926;Gina Marlina;Internet;Biznet;8799272744;420486;3000;423486;Internet Banking;Sukses
TRX029245;2026-02-14;1000004239;Dedi Pratama;Air;PDAM;3014683726;109067;2500;111567;Internet Banking;Sukses
TRX029278;2026-01-21;1000001792;Eka Lestari;TV Kabel;First Media;4573219566;216895;3000;219895;Mobile Banking;Sukses
TRX029314;2026-03-30;1000002131;Budi Santoso;Air;PDAM;3743882248;52953;3000;55953;Internet Banking;Sukses
TRX029322;2026-02-28;1000003566;Intan Sari;TV Kabel;First Media;5582183453;412910;3000;415910;EDC;Sukses
TRX029395;2026-03-05;1000000482;Dedi Pratama;Air;PDAM;5599677715;149901;3000;152901;ATM;Sukses
TRX029454;2026-02-08;1000004208;Joko Susilo;TV Kabel;First Media;3480546187;278812;2000;280812;EDC;Sukses
TRX029455;2026-02-28;1000001912;Joko Susilo;Air;PDAM;6948000312;328216;2500;330716;Internet Banking;Sukses
TRX029473;2026-03-02;1000004763;Dedi Pratama;BPJS;BPJS Kesehatan;1907039113;337370;2500;339870;Mobile Banking;Sukses
TRX029497;2026-02-19;1000000323;Joko Susilo;BPJS;BPJS Kesehatan;1808124857;363780;2000;365780;Mobile Banking;Sukses
TRX029507;2026-02-21;1000000764;Eka Lestari;TV Kabel;Transvision;8662301248;62931;3000;65931;Teller;Sukses
TRX029550;2026-02-12;1000003061;Dedi Pratama;Listrik;PLN;8859765438;258214;2500;260714;Mobile Banking;Sukses
TRX029562;2026-03-25;1000004178;Budi Santoso;BPJS;BPJS Kesehatan;1346134445;239307;2000;241307;ATM;Sukses
TRX029600;2026-01-01;1000002404;Dedi Pratama;BPJS;BPJS Kesehatan;6188122957;82977;2500;85477;Mobile Banking;Sukses
TRX029707;2026-02-20;1000000200;Dedi Pratama;Internet;IndiHome;1830733766;337533;2500;340033;ATM;Sukses
TRX029719;2026-03-18;1000004246;Eka Lestari;BPJS;BPJS Kesehatan;7750149213;335296;2500;337796;Teller;Sukses
TRX029734;2026-01-05;1000001906;Eka Lestari;Internet;Biznet;8554884031;248230;3000;251230;Internet Banking;Sukses
TRX029748;2026-03-07;1000004414;Citra Dewi;Air;PDAM;2420656680;477536;2500;480036;Internet Banking;Sukses
TRX029850;2026-01-19;1000003574;Andi Saputra;TV Kabel;First Media;8598610235;53688;3000;56688;EDC;Sukses
TRX029901;2026-02-23;1000004904;Hadi Wijaya;TV Kabel;First Media;5061334989;328850;2500;331350;Mobile Banking;Sukses
TRX029963;2026-03-05;1000000805;Dedi Pratama;Listrik;PLN;3181954940;350042;2500;352542;Teller;Sukses
TRX029967;2026-02-28;1000001363;Fajar Hidayat;BPJS;BPJS Kesehatan;8753473241;492986;3000;495986;Mobile Banking;Sukses
TRX029983;2026-01-08;1000000937;Dedi Pratama;Internet;IndiHome;9377542460;270430;2500;272930;ATM;Sukses
TRX030069;2026-01-30;1000002166;Hadi Wijaya;Internet;Biznet;2533038137;378654;2500;381154;Mobile Banking;Sukses
TRX030075;2026-03-17;1000001016;Intan Sari;Listrik;PLN;3731510324;155467;2000;157467;Teller;Sukses
TRX030095;2026-02-18;1000004957;Intan Sari;Internet;IndiHome;1411788464;59279;3000;62279;ATM;Sukses
TRX030141;2026-01-25;1000004788;Hadi Wijaya;Air;PDAM;8298441641;106287;3000;109287;Internet Banking;Sukses
TRX030190;2026-03-12;1000002244;Citra Dewi;Internet;IndiHome;9947128074;262672;2500;265172;Internet Banking;Sukses
TRX030243;2026-03-13;1000000256;Budi Santoso;TV Kabel;Transvision;3018782316;57752;2500;60252;EDC;Sukses
TRX030257;2026-01-23;1000000344;Joko Susilo;Air;PDAM;1974517853;96192;2500;98692;Mobile Banking;Sukses
TRX030281;2026-02-23;1000003273;Budi Santoso;Air;PDAM;4406346504;483069;3000;486069;EDC;Sukses
TRX030316;2026-03-14;1000004839;Fajar Hidayat;TV Kabel;Transvision;4668917304;170094;2000;172094;EDC;Sukses
TRX030328;2026-01-07;1000000050;Andi Saputra;Internet;IndiHome;1294660316;448400;3000;451400;ATM;Sukses
TRX030335;2026-01-03;1000001889;Budi Santoso;TV Kabel;Transvision;7174453217;319486;2500;321986;ATM;Sukses
TRX030359;2026-02-18;1000004882;Intan Sari;TV Kabel;Transvision;2947010279;230127;2000;232127;Internet Banking;Sukses
TRX030419;2026-02-18;1000004358;Fajar Hidayat;Listrik;PLN;8447451660;491777;2000;493777;Mobile Banking;Sukses
TRX030434;2026-01-17;1000002692;Dedi Pratama;Internet;IndiHome;5439746812;431083;3000;434083;Teller;Sukses
TRX030457;2026-02-14;1000000398;Citra Dewi;Internet;Biznet;4092930218;186347;2000;188347;Internet Banking;Sukses
TRX030595;2026-02-27;1000004709;Eka Lestari;Internet;Biznet;1194651921;241309;2000;243309;EDC;Sukses
TRX030606;2026-03-09;1000000788;Andi Saputra;TV Kabel;First Media;2576638488;90212;2000;92212;EDC;Sukses
TRX030669;2026-03-19;1000000558;Dedi Pratama;TV Kabel;First Media;1733685474;427172;2500;429672;Mobile Banking;Sukses
TRX030678;2026-01-08;1000002893;Budi Santoso;TV Kabel;First Media;6972622743;370701;2000;372701;Teller;Sukses
TRX030727;2026-01-17;1000000791;Budi Santoso;Listrik;PLN;9517150219;290898;3000;293898;Teller;Sukses
TRX030731;2026-03-30;1000001874;Joko Susilo;BPJS;BPJS Kesehatan;2403367512;290980;3000;293980;Mobile Banking;Sukses
TRX030812;2026-02-15;1000000778;Eka Lestari;Internet;IndiHome;8178424113;297082;2500;299582;EDC;Sukses
TRX030856;2026-03-18;1000002605;Joko Susilo;Internet;IndiHome;6951190720;445729;2000;447729;Mobile Banking;Sukses
TRX030939;2026-02-25;1000002688;Budi Santoso;Internet;IndiHome;1017301196;135831;3000;138831;Internet Banking;Sukses
TRX030963;2026-02-11;1000003333;Eka Lestari;Internet;Biznet;4765672522;98964;3000;101964;Teller;Sukses
TRX030995;2026-03-13;1000001906;Eka Lestari;Listrik;PLN;1001187892;87750;2000;89750;Mobile Banking;Sukses
TRX031039;2026-02-07;1000000751;Citra Dewi;BPJS;BPJS Kesehatan;2375041008;117015;2000;119015;Internet Banking;Sukses
TRX031070;2026-01-25;1000002709;Joko Susilo;Listrik;PLN;6772061620;263485;2000;265485;ATM;Sukses
TRX031079;2026-01-22;1000000765;Andi Saputra;Listrik;PLN;2763298826;166831;3000;169831;Teller;Sukses
TRX031080;2026-03-07;1000000677;Budi Santoso;TV Kabel;Transvision;9754656051;345375;3000;348375;Mobile Banking;Sukses
TRX031092;2026-01-26;1000003709;Dedi Pratama;Internet;Biznet;6159676117;154464;2500;156964;EDC;Sukses
TRX031109;2026-02-03;1000001923;Andi Saputra;Internet;Biznet;6141646955;442008;3000;445008;Mobile Banking;Sukses
TRX031135;2026-03-30;1000000613;Joko Susilo;Air;PDAM;1579097588;124340;3000;127340;Mobile Banking;Sukses
TRX031137;2026-03-12;1000002721;Intan Sari;TV Kabel;First Media;8334098612;488448;3000;491448;Mobile Banking;Sukses
TRX031143;2026-03-06;1000004643;Fajar Hidayat;Internet;IndiHome;3161553124;271685;3000;274685;Teller;Sukses
TRX031198;2026-01-28;1000001783;Andi Saputra;TV Kabel;Transvision;3283259461;359336;2500;361836;Mobile Banking;Sukses
TRX031207;2026-03-30;1000004969;Hadi Wijaya;Air;PDAM;6418599787;412755;2500;415255;Internet Banking;Sukses
TRX031229;2026-02-03;1000004274;Andi Saputra;Internet;Biznet;5625486060;447951;2500;450451;Mobile Banking;Sukses
TRX031256;2026-02-14;1000003084;Budi Santoso;BPJS;BPJS Kesehatan;6396642380;212780;3000;215780;Internet Banking;Sukses
TRX031331;2026-01-09;1000003918;Eka Lestari;Internet;IndiHome;9619280520;190781;2000;192781;EDC;Sukses
TRX031373;2026-02-10;1000004012;Fajar Hidayat;BPJS;BPJS Kesehatan;1018241149;57614;3000;60614;Mobile Banking;Sukses
TRX031510;2026-02-26;1000002725;Andi Saputra;BPJS;BPJS Kesehatan;7350334790;87084;3000;90084;Teller;Sukses
TRX031541;2026-03-07;1000002605;Joko Susilo;BPJS;BPJS Kesehatan;8761573475;167194;2500;169694;Internet Banking;Sukses
TRX031556;2026-02-02;1000002576;Hadi Wijaya;Internet;IndiHome;7608343925;326932;3000;329932;ATM;Sukses
TRX031558;2026-01-17;1000000172;Budi Santoso;TV Kabel;First Media;4485260262;139536;2000;141536;Mobile Banking;Sukses
TRX031604;2026-02-19;1000001001;Budi Santoso;Listrik;PLN;6950088796;246368;2500;248868;Internet Banking;Sukses
TRX031651;2026-02-10;1000003490;Joko Susilo;Internet;IndiHome;4370994506;72458;2000;74458;EDC;Sukses
TRX031682;2026-02-25;1000002696;Citra Dewi;Listrik;PLN;5244752656;481402;3000;484402;Mobile Banking;Sukses
TRX031685;2026-03-12;1000004424;Eka Lestari;Internet;IndiHome;6384538066;258491;3000;261491;Mobile Banking;Sukses
TRX031709;2026-01-22;1000002583;Citra Dewi;Internet;Biznet;5318334054;63708;2000;65708;ATM;Sukses
TRX031750;2026-04-01;1000002588;Joko Susilo;Listrik;PLN;7367323170;467041;3000;470041;Teller;Sukses
TRX031778;2026-03-11;1000001791;Eka Lestari;Listrik;PLN;1226589971;169515;2000;171515;Internet Banking;Sukses
TRX031814;2026-03-31;1000004184;Dedi Pratama;Listrik;PLN;5000503702;468449;3000;471449;ATM;Sukses
TRX031839;2026-03-18;1000000904;Eka Lestari;Air;PDAM;2506201127;359745;2500;362245;Teller;Sukses
TRX031840;2026-02-14;1000004297;Citra Dewi;TV Kabel;First Media;6663239374;472012;2000;474012;EDC;Sukses
TRX031866;2026-03-18;1000001586;Dedi Pratama;BPJS;BPJS Kesehatan;7392245915;463108;2000;465108;EDC;Sukses
TRX031890;2026-03-01;1000004829;Gina Marlina;Internet;Biznet;7408896657;198833;2000;200833;Teller;Sukses
TRX031926;2026-02-17;1000003332;Citra Dewi;TV Kabel;First Media;7602362069;64955;3000;67955;ATM;Sukses
TRX031930;2026-01-18;1000002000;Gina Marlina;Internet;IndiHome;4488980981;152760;2500;155260;EDC;Sukses
TRX031945;2026-02-15;1000003411;Dedi Pratama;Internet;Biznet;5968937540;420747;2000;422747;Teller;Sukses
TRX032014;2026-02-11;1000002048;Citra Dewi;Listrik;PLN;8116303112;370931;3000;373931;Mobile Banking;Sukses
TRX032096;2026-02-12;1000000557;Citra Dewi;TV Kabel;Transvision;6735077845;98189;2000;100189;EDC;Sukses
TRX032157;2026-02-17;1000003352;Dedi Pratama;Listrik;PLN;8588153393;263345;2000;265345;Teller;Sukses
TRX032170;2026-02-01;1000001283;Fajar Hidayat;BPJS;BPJS Kesehatan;9756991423;297541;3000;300541;ATM;Sukses
TRX032237;2026-02-06;1000004879;Gina Marlina;TV Kabel;First Media;7321797888;70649;2000;72649;EDC;Sukses
TRX032267;2026-01-04;1000003241;Dedi Pratama;TV Kabel;Transvision;1814495364;134185;2500;136685;ATM;Sukses
TRX032272;2026-02-27;1000000582;Citra Dewi;TV Kabel;First Media;5496451879;149149;3000;152149;EDC;Sukses
TRX032303;2026-02-25;1000004835;Citra Dewi;TV Kabel;First Media;7599086380;271258;2000;273258;ATM;Sukses
TRX032387;2026-02-02;1000003467;Eka Lestari;Listrik;PLN;2873349516;68779;3000;71779;Teller;Sukses
TRX032436;2026-01-25;1000000224;Intan Sari;Listrik;PLN;6886931345;247152;3000;250152;ATM;Sukses
TRX032463;2026-03-20;1000003656;Andi Saputra;Listrik;PLN;8427285482;74671;3000;77671;Teller;Sukses
TRX032501;2026-01-01;1000001858;Budi Santoso;Internet;IndiHome;2536353825;55820;3000;58820;EDC;Sukses
TRX032524;2026-01-11;1000001578;Hadi Wijaya;BPJS;BPJS Kesehatan;8599859863;357954;2500;360454;Teller;Sukses
TRX032529;2026-03-23;1000001261;Dedi Pratama;Internet;IndiHome;9643864556;286270;3000;289270;Mobile Banking;Sukses
TRX032535;2026-01-04;1000003909;Eka Lestari;Internet;IndiHome;7075617252;398465;2000;400465;Mobile Banking;Sukses
TRX032569;2026-03-06;1000000134;Fajar Hidayat;Internet;IndiHome;8744770478;107108;3000;110108;Teller;Sukses
TRX032582;2026-02-06;1000004877;Fajar Hidayat;TV Kabel;First Media;1644015212;224521;3000;227521;Teller;Sukses
TRX032627;2026-02-05;1000000870;Hadi Wijaya;Air;PDAM;5188890370;336798;3000;339798;Teller;Sukses
TRX032756;2026-03-31;1000002194;Fajar Hidayat;Internet;Biznet;6860085091;333090;2500;335590;Mobile Banking;Sukses
TRX032793;2026-01-26;1000004506;Citra Dewi;Listrik;PLN;8340148090;300748;2000;302748;Internet Banking;Sukses
TRX032897;2026-03-23;1000002575;Hadi Wijaya;Internet;Biznet;7039559260;84628;3000;87628;Teller;Sukses
TRX032951;2026-03-06;1000003740;Budi Santoso;TV Kabel;First Media;2747536250;227747;3000;230747;ATM;Sukses
TRX032974;2026-01-24;1000002606;Hadi Wijaya;Air;PDAM;4081693576;464553;2000;466553;EDC;Sukses
TRX033043;2026-02-19;1000001465;Andi Saputra;TV Kabel;First Media;9583517730;402893;2000;404893;Mobile Banking;Sukses
TRX033159;2026-03-17;1000001531;Hadi Wijaya;Internet;Biznet;2627251880;290788;3000;293788;EDC;Sukses
TRX033202;2026-01-22;1000002353;Eka Lestari;Internet;IndiHome;3989089026;252680;2500;255180;Teller;Sukses
TRX033223;2026-03-15;1000003237;Joko Susilo;Air;PDAM;4669193087;272567;2000;274567;EDC;Sukses
TRX033316;2026-01-06;1000000237;Andi Saputra;BPJS;BPJS Kesehatan;5866889745;87299;3000;90299;ATM;Sukses
TRX033332;2026-03-30;1000001022;Joko Susilo;BPJS;BPJS Kesehatan;2833615139;65110;3000;68110;ATM;Sukses
TRX033363;2026-03-29;1000000897;Andi Saputra;Internet;IndiHome;4056489663;97702;2500;100202;EDC;Sukses
TRX033364;2026-01-05;1000001035;Budi Santoso;Internet;Biznet;3947245062;100663;2000;102663;Mobile Banking;Sukses
TRX033401;2026-01-09;1000000109;Andi Saputra;Internet;IndiHome;2754549283;132283;2500;134783;Mobile Banking;Sukses
TRX033479;2026-03-20;1000003837;Budi Santoso;Internet;IndiHome;5293343779;375619;2000;377619;Teller;Sukses
TRX033545;2026-01-24;1000004096;Budi Santoso;Air;PDAM;9151279775;219014;2000;221014;Internet Banking;Sukses
TRX033563;2026-01-25;1000003733;Gina Marlina;Listrik;PLN;3684303904;304843;3000;307843;Mobile Banking;Sukses
TRX033571;2026-01-19;1000004493;Gina Marlina;Internet;IndiHome;8656983079;407981;2000;409981;Internet Banking;Sukses
TRX033637;2026-01-03;1000002741;Dedi Pratama;Internet;Biznet;9914490024;304243;2500;306743;ATM;Sukses
TRX033645;2026-01-21;1000004532;Intan Sari;Internet;Biznet;7814295051;479440;3000;482440;ATM;Sukses
TRX033711;2026-02-16;1000001026;Joko Susilo;TV Kabel;Transvision;9736905094;198786;3000;201786;Internet Banking;Sukses
TRX033806;2026-01-21;1000001063;Joko Susilo;Internet;IndiHome;4863219125;437163;2500;439663;Mobile Banking;Sukses
TRX033825;2026-01-15;1000001521;Andi Saputra;Air;PDAM;8411592898;475859;2000;477859;Teller;Sukses
TRX033832;2026-03-16;1000001227;Hadi Wijaya;Air;PDAM;9308425114;307984;2000;309984;Internet Banking;Sukses
TRX033839;2026-01-02;1000001502;Gina Marlina;BPJS;BPJS Kesehatan;6229080062;380271;2000;382271;EDC;Sukses
TRX033870;2026-03-14;1000001025;Intan Sari;Internet;IndiHome;4604635844;203642;2500;206142;EDC;Sukses
TRX034021;2026-01-28;1000002849;Citra Dewi;BPJS;BPJS Kesehatan;5052895878;275596;2000;277596;Mobile Banking;Sukses
TRX034103;2026-02-09;1000002298;Hadi Wijaya;TV Kabel;First Media;3420843496;290192;2500;292692;Internet Banking;Sukses
TRX034109;2026-01-24;1000003246;Budi Santoso;Listrik;PLN;3172103118;82524;2500;85024;EDC;Sukses
TRX034127;2026-03-11;1000001168;Intan Sari;TV Kabel;First Media;2622406819;330723;3000;333723;Mobile Banking;Sukses
TRX034157;2026-03-26;1000001895;Budi Santoso;Listrik;PLN;7589579019;185518;2000;187518;ATM;Sukses
TRX034193;2026-01-06;1000001880;Hadi Wijaya;TV Kabel;First Media;8870941149;302116;3000;305116;Teller;Sukses
TRX034243;2026-03-19;1000002892;Intan Sari;Internet;IndiHome;2644865537;205649;2000;207649;Internet Banking;Sukses
TRX034249;2026-01-06;1000003832;Gina Marlina;Internet;IndiHome;4564246982;158617;2000;160617;Teller;Sukses
TRX034275;2026-02-25;1000000116;Intan Sari;BPJS;BPJS Kesehatan;3690619241;312101;2500;314601;Mobile Banking;Sukses
TRX034320;2026-01-29;1000004059;Citra Dewi;Air;PDAM;5220586314;167367;3000;170367;Mobile Banking;Sukses
TRX034387;2026-03-20;1000000319;Budi Santoso;Internet;IndiHome;4222145098;61605;2000;63605;EDC;Sukses
TRX034400;2026-01-18;1000001828;Eka Lestari;Air;PDAM;8013773341;249951;2500;252451;EDC;Sukses
TRX034464;2026-03-21;1000002206;Fajar Hidayat;Air;PDAM;3583162057;196517;2000;198517;Teller;Sukses
TRX034515;2026-02-02;1000003136;Hadi Wijaya;TV Kabel;First Media;9495743504;390992;2000;392992;Mobile Banking;Sukses
TRX034545;2026-03-17;1000004219;Intan Sari;TV Kabel;Transvision;9249446326;50914;2000;52914;ATM;Sukses
TRX034558;2026-03-09;1000000577;Budi Santoso;Internet;IndiHome;4273075451;243342;2000;245342;ATM;Sukses
TRX034667;2026-01-18;1000000807;Fajar Hidayat;TV Kabel;Transvision;2597054976;402846;2500;405346;Internet Banking;Sukses
TRX034721;2026-03-26;1000002452;Andi Saputra;BPJS;BPJS Kesehatan;6352151653;220382;2000;222382;Internet Banking;Sukses
TRX034725;2026-02-25;1000000146;Hadi Wijaya;TV Kabel;Transvision;9638003118;88416;2000;90416;Teller;Sukses
TRX034787;2026-02-14;1000001227;Hadi Wijaya;Listrik;PLN;4770237661;353293;3000;356293;Teller;Sukses
TRX034879;2026-03-17;1000001638;Gina Marlina;Internet;Biznet;5779439254;308669;2000;310669;Teller;Sukses
TRX034906;2026-03-20;1000004504;Joko Susilo;Internet;Biznet;2637929869;225067;2500;227567;Teller;Sukses
TRX034962;2026-02-11;1000001559;Budi Santoso;Internet;Biznet;7948683430;212103;3000;215103;Mobile Banking;Sukses
TRX035005;2026-01-01;1000003265;Dedi Pratama;Internet;Biznet;4573887927;79111;2500;81611;Internet Banking;Sukses
TRX035022;2026-01-01;1000000089;Hadi Wijaya;Listrik;PLN;9475470242;109817;2500;112317;EDC;Sukses
TRX035073;2026-01-08;1000003058;Budi Santoso;Internet;Biznet;1713626703;389883;2500;392383;Internet Banking;Sukses
TRX035096;2026-01-08;1000002856;Andi Saputra;TV Kabel;Transvision;3479784930;152122;3000;155122;Mobile Banking;Sukses
TRX035135;2026-02-15;1000001322;Eka Lestari;BPJS;BPJS Kesehatan;6376456334;455825;3000;458825;Mobile Banking;Sukses
TRX035195;2026-01-12;1000000013;Andi Saputra;TV Kabel;Transvision;1869229098;399830;2500;402330;Mobile Banking;Sukses
TRX035236;2026-02-26;1000003629;Citra Dewi;Internet;IndiHome;9347162714;317304;2500;319804;Mobile Banking;Sukses
TRX035282;2026-03-27;1000000430;Eka Lestari;TV Kabel;Transvision;5948679659;85467;2000;87467;Teller;Sukses
TRX035300;2026-03-27;1000004009;Fajar Hidayat;TV Kabel;First Media;4711873116;400606;2000;402606;ATM;Sukses
TRX035304;2026-01-09;1000002260;Intan Sari;Internet;IndiHome;4427649585;91135;3000;94135;Teller;Sukses
TRX035348;2026-03-13;1000003206;Budi Santoso;Listrik;PLN;9986902661;351875;2000;353875;EDC;Sukses
TRX035355;2026-03-20;1000004515;Budi Santoso;TV Kabel;First Media;1651927738;202034;2500;204534;ATM;Sukses
TRX035366;2026-03-04;1000004960;Citra Dewi;Internet;Biznet;3665085525;267267;2000;269267;Mobile Banking;Sukses
TRX035509;2026-02-16;1000004230;Intan Sari;Air;PDAM;3885263669;380562;2500;383062;ATM;Sukses
TRX035512;2026-04-01;1000001567;Eka Lestari;Internet;Biznet;9857396828;93367;2500;95867;EDC;Sukses
TRX035522;2026-01-17;1000003582;Joko Susilo;TV Kabel;Transvision;3649887919;114514;2000;116514;Mobile Banking;Sukses
TRX035671;2026-02-20;1000000822;Eka Lestari;Air;PDAM;2618119320;61566;2500;64066;EDC;Sukses
TRX035711;2026-01-28;1000000095;Budi Santoso;Listrik;PLN;9619128071;90291;2500;92791;EDC;Sukses
TRX035723;2026-02-26;1000004510;Hadi Wijaya;Air;PDAM;3941855173;267730;3000;270730;Teller;Sukses
TRX035836;2026-01-11;1000003056;Dedi Pratama;TV Kabel;First Media;5951099604;263873;2500;266373;EDC;Sukses
TRX035872;2026-02-19;1000000895;Gina Marlina;Internet;IndiHome;2133950019;263119;2000;265119;Teller;Sukses
TRX035907;2026-03-17;1000003462;Andi Saputra;TV Kabel;Transvision;5094859697;96092;2500;98592;ATM;Sukses
TRX035967;2026-02-15;1000000582;Citra Dewi;Internet;IndiHome;6322108844;128336;2500;130836;Teller;Sukses
TRX035995;2026-03-14;1000002503;Citra Dewi;Internet;Biznet;3784841709;359917;3000;362917;ATM;Sukses
TRX036014;2026-01-28;1000003454;Joko Susilo;Listrik;PLN;3191752180;238863;3000;241863;Mobile Banking;Sukses
TRX036047;2026-03-06;1000003311;Budi Santoso;Internet;IndiHome;1590089132;99217;2000;101217;EDC;Sukses
TRX036072;2026-02-03;1000000679;Budi Santoso;Listrik;PLN;3162724605;97971;2000;99971;Internet Banking;Sukses
TRX036076;2026-03-17;1000002873;Gina Marlina;Air;PDAM;6466112060;152580;3000;155580;Mobile Banking;Sukses
TRX036079;2026-03-26;1000003800;Gina Marlina;TV Kabel;Transvision;5758434104;369383;2500;371883;EDC;Sukses
TRX036083;2026-01-16;1000004366;Eka Lestari;TV Kabel;Transvision;5000328096;71286;2000;73286;EDC;Sukses
TRX036141;2026-02-17;1000003938;Eka Lestari;Air;PDAM;4826512971;437531;2500;440031;Internet Banking;Sukses
TRX036169;2026-02-19;1000004199;Eka Lestari;BPJS;BPJS Kesehatan;9413541614;483442;2000;485442;Internet Banking;Sukses
TRX036227;2026-01-23;1000000298;Andi Saputra;TV Kabel;Transvision;2696864455;323609;3000;326609;Internet Banking;Sukses
TRX036252;2026-01-02;1000001778;Fajar Hidayat;BPJS;BPJS Kesehatan;5202393256;106525;2500;109025;Teller;Sukses
TRX036271;2026-01-22;1000002746;Eka Lestari;TV Kabel;Transvision;2253954691;66754;2000;68754;Mobile Banking;Sukses
TRX036294;2026-02-06;1000000333;Hadi Wijaya;TV Kabel;First Media;5773981637;345379;2500;347879;ATM;Sukses
TRX036365;2026-02-04;1000000497;Eka Lestari;Listrik;PLN;1815814810;451104;3000;454104;Teller;Sukses
TRX036372;2026-03-16;1000003999;Joko Susilo;TV Kabel;Transvision;6785485800;470976;2000;472976;Internet Banking;Sukses
TRX036416;2026-03-31;1000003775;Eka Lestari;TV Kabel;First Media;6581191640;224782;2500;227282;EDC;Sukses
TRX036485;2026-03-11;1000000505;Joko Susilo;TV Kabel;First Media;1624435032;355533;3000;358533;Internet Banking;Sukses
TRX036525;2026-01-16;1000003631;Dedi Pratama;BPJS;BPJS Kesehatan;8168099285;58106;2500;60606;ATM;Sukses
TRX036543;2026-01-22;1000001340;Gina Marlina;Internet;IndiHome;7157497091;410668;3000;413668;Teller;Sukses
TRX036555;2026-01-14;1000003740;Budi Santoso;TV Kabel;Transvision;7942210813;242197;2000;244197;Teller;Sukses
TRX036612;2026-03-31;1000002769;Fajar Hidayat;Internet;IndiHome;2356056751;373202;2000;375202;EDC;Sukses
TRX036643;2026-03-09;1000002801;Andi Saputra;Internet;IndiHome;6345554816;480473;3000;483473;Mobile Banking;Sukses
TRX036650;2026-01-05;1000003099;Joko Susilo;TV Kabel;Transvision;9438688690;332574;3000;335574;ATM;Sukses
TRX036658;2026-03-04;1000000673;Dedi Pratama;TV Kabel;First Media;6253490834;302644;3000;305644;EDC;Sukses
TRX036703;2026-03-08;1000000097;Eka Lestari;TV Kabel;Transvision;2145655605;60908;3000;63908;EDC;Sukses
TRX036738;2026-01-02;1000003955;Citra Dewi;Internet;IndiHome;8347082993;83616;3000;86616;ATM;Sukses
TRX036746;2026-02-19;1000001230;Dedi Pratama;BPJS;BPJS Kesehatan;3116063794;83340;2000;85340;Mobile Banking;Sukses
TRX036858;2026-02-28;1000003836;Citra Dewi;Internet;Biznet;9908489542;71000;3000;74000;Mobile Banking;Sukses
TRX036868;2026-03-04;1000000991;Gina Marlina;Internet;IndiHome;6204219406;215780;2000;217780;EDC;Sukses
TRX036890;2026-03-31;1000002869;Andi Saputra;BPJS;BPJS Kesehatan;3371948109;155478;2500;157978;Teller;Sukses
TRX036953;2026-01-10;1000002920;Dedi Pratama;TV Kabel;First Media;5211797882;348552;3000;351552;Mobile Banking;Sukses
TRX036962;2026-03-13;1000001489;Fajar Hidayat;Air;PDAM;1731363698;244048;2500;246548;ATM;Sukses
TRX036965;2026-02-10;1000003553;Budi Santoso;BPJS;BPJS Kesehatan;6845435806;333737;3000;336737;EDC;Sukses
TRX036990;2026-01-17;1000000072;Eka Lestari;Listrik;PLN;3035258955;240044;3000;243044;EDC;Sukses
TRX037058;2026-01-31;1000001578;Hadi Wijaya;TV Kabel;First Media;2433594677;266330;3000;269330;Internet Banking;Sukses
TRX037073;2026-04-01;1000003962;Intan Sari;Air;PDAM;8687233784;76209;2500;78709;Mobile Banking;Sukses
TRX037141;2026-01-03;1000000527;Joko Susilo;Air;PDAM;3110017739;293005;2500;295505;Teller;Sukses
TRX037170;2026-03-28;1000003487;Andi Saputra;TV Kabel;First Media;9624879211;274498;2500;276998;Mobile Banking;Sukses
TRX037184;2026-02-20;1000003522;Eka Lestari;Internet;IndiHome;6498374174;174201;2500;176701;EDC;Sukses
TRX037185;2026-03-14;1000000918;Eka Lestari;TV Kabel;Transvision;3034583943;58352;3000;61352;ATM;Sukses
TRX037189;2026-02-24;1000001481;Intan Sari;Air;PDAM;2049427434;408528;3000;411528;ATM;Sukses
TRX037193;2026-03-06;1000003374;Citra Dewi;TV Kabel;Transvision;4131899117;320319;2500;322819;Mobile Banking;Sukses
TRX037292;2026-02-09;1000000086;Gina Marlina;Internet;Biznet;4053236807;309478;2000;311478;Mobile Banking;Sukses
TRX037323;2026-02-19;1000001387;Gina Marlina;Internet;Biznet;5512627708;93143;3000;96143;Mobile Banking;Sukses
TRX037397;2026-01-29;1000002963;Dedi Pratama;Internet;Biznet;6929531072;413121;2000;415121;Mobile Banking;Sukses
TRX037423;2026-01-08;1000004110;Budi Santoso;TV Kabel;First Media;3220377845;497622;3000;500622;EDC;Sukses
TRX037470;2026-03-01;1000000445;Eka Lestari;Internet;IndiHome;6516093815;147840;2500;150340;Mobile Banking;Sukses
TRX037491;2026-03-10;1000000870;Hadi Wijaya;Air;PDAM;3704881648;457321;3000;460321;ATM;Sukses
TRX037512;2026-01-14;1000001753;Budi Santoso;Internet;Biznet;7165329872;203464;2000;205464;ATM;Sukses
TRX037523;2026-02-13;1000003387;Citra Dewi;BPJS;BPJS Kesehatan;8349227846;140299;3000;143299;Teller;Sukses
TRX037547;2026-01-06;1000001949;Budi Santoso;TV Kabel;Transvision;3759864964;464147;2000;466147;EDC;Sukses
TRX037610;2026-02-17;1000003314;Eka Lestari;Internet;Biznet;8853620837;185143;3000;188143;EDC;Sukses
TRX037658;2026-01-01;1000003536;Intan Sari;TV Kabel;First Media;2053871884;139243;3000;142243;ATM;Sukses
TRX037717;2026-03-15;1000001328;Gina Marlina;TV Kabel;First Media;3436219376;378344;2000;380344;ATM;Sukses
TRX037725;2026-02-07;1000002383;Hadi Wijaya;Internet;Biznet;5377600967;121647;2500;124147;ATM;Sukses
TRX037748;2026-03-12;1000004954;Andi Saputra;Internet;Biznet;7964215310;376370;2000;378370;Teller;Sukses
TRX037798;2026-01-23;1000004179;Joko Susilo;Internet;Biznet;6120118150;253408;2500;255908;EDC;Sukses
TRX037825;2026-01-13;1000004435;Hadi Wijaya;Internet;Biznet;4779661174;374352;2000;376352;Internet Banking;Sukses
TRX037832;2026-01-17;1000002747;Dedi Pratama;TV Kabel;Transvision;3133254011;80985;2500;83485;Mobile Banking;Sukses
TRX037836;2026-01-05;1000002914;Budi Santoso;TV Kabel;Transvision;9659810520;278765;2500;281265;EDC;Sukses
TRX037867;2026-01-14;1000003620;Citra Dewi;Internet;Biznet;2635140339;388981;3000;391981;Teller;Sukses
TRX037921;2026-03-29;1000001273;Fajar Hidayat;Internet;Biznet;4595345969;468674;2000;470674;ATM;Sukses
TRX037964;2026-01-10;1000003908;Fajar Hidayat;Internet;Biznet;4480196172;415910;3000;418910;Internet Banking;Sukses
TRX038018;2026-01-12;1000001323;Eka Lestari;Internet;IndiHome;8776906025;369422;3000;372422;Teller;Sukses
TRX038092;2026-02-08;1000001395;Dedi Pratama;Listrik;PLN;2122606524;468544;2500;471044;Mobile Banking;Sukses
TRX038094;2026-03-20;1000001909;Andi Saputra;Internet;IndiHome;8638934071;72857;3000;75857;Mobile Banking;Sukses
TRX038112;2026-01-16;1000000270;Intan Sari;TV Kabel;Transvision;9586630483;316768;2500;319268;Teller;Sukses
TRX038125;2026-02-26;1000001055;Dedi Pratama;Listrik;PLN;1466911685;385900;2000;387900;ATM;Sukses
TRX038172;2026-01-03;1000002975;Fajar Hidayat;TV Kabel;Transvision;7814297754;166220;2500;168720;Mobile Banking;Sukses
TRX038243;2026-01-17;1000001348;Eka Lestari;Internet;IndiHome;4683957085;290226;2000;292226;EDC;Sukses
TRX038308;2026-03-26;1000004500;Hadi Wijaya;Air;PDAM;8731341961;437188;3000;440188;Teller;Sukses
TRX038310;2026-01-11;1000004718;Hadi Wijaya;TV Kabel;First Media;7322870871;437176;2000;439176;Mobile Banking;Sukses
TRX038331;2026-03-09;1000001619;Dedi Pratama;TV Kabel;First Media;6534403890;249646;2500;252146;ATM;Sukses
TRX038364;2026-02-26;1000000980;Hadi Wijaya;Air;PDAM;3474440051;295796;2500;298296;EDC;Sukses
TRX038404;2026-01-29;1000004579;Andi Saputra;TV Kabel;Transvision;5906056083;99054;2000;101054;Teller;Sukses
TRX038405;2026-02-07;1000001924;Citra Dewi;Air;PDAM;5452192647;136270;2000;138270;Internet Banking;Sukses
TRX038444;2026-02-05;1000003293;Eka Lestari;Internet;Biznet;4225039141;154811;2500;157311;Teller;Sukses
TRX038474;2026-03-04;1000003747;Intan Sari;Listrik;PLN;6606383146;404102;3000;407102;ATM;Sukses
TRX038523;2026-02-15;1000003248;Intan Sari;Internet;Biznet;6770362523;210493;2000;212493;Teller;Sukses
TRX038560;2026-01-26;1000003566;Intan Sari;TV Kabel;First Media;3683977534;167716;2500;170216;ATM;Sukses
TRX038607;2026-03-19;1000003471;Fajar Hidayat;TV Kabel;First Media;2718374692;385455;3000;388455;ATM;Sukses
TRX038615;2026-01-25;1000002544;Budi Santoso;Air;PDAM;8520466154;367796;3000;370796;EDC;Sukses
TRX038633;2026-02-14;1000003302;Citra Dewi;Listrik;PLN;9272746519;86377;2500;88877;Teller;Sukses
TRX038679;2026-01-17;1000000530;Andi Saputra;Listrik;PLN;6246705538;62935;2000;64935;EDC;Sukses
TRX038705;2026-01-09;1000002540;Intan Sari;Internet;Biznet;2803583143;74969;3000;77969;ATM;Sukses
TRX038811;2026-03-15;1000000374;Joko Susilo;Listrik;PLN;2306909227;326502;2000;328502;Internet Banking;Sukses
TRX038907;2026-02-02;1000002254;Dedi Pratama;BPJS;BPJS Kesehatan;5585198432;259806;3000;262806;EDC;Sukses
TRX038953;2026-01-27;1000003701;Budi Santoso;Internet;Biznet;6833543529;351130;3000;354130;ATM;Sukses
TRX039010;2026-01-27;1000002129;Andi Saputra;TV Kabel;Transvision;7921690093;174587;3000;177587;EDC;Sukses
TRX039011;2026-01-27;1000001105;Fajar Hidayat;BPJS;BPJS Kesehatan;6014784015;401890;3000;404890;EDC;Sukses
TRX039032;2026-01-16;1000002980;Intan Sari;Internet;Biznet;3109826237;371284;2000;373284;Mobile Banking;Sukses
TRX039079;2026-01-09;1000004775;Fajar Hidayat;Air;PDAM;7163136521;286360;3000;289360;Internet Banking;Sukses
TRX039095;2026-01-06;1000004258;Intan Sari;Internet;IndiHome;1698204749;336211;2000;338211;EDC;Sukses
TRX039133;2026-01-22;1000003745;Dedi Pratama;Air;PDAM;9134945216;374639;2500;377139;Mobile Banking;Sukses
TRX039301;2026-02-13;1000000827;Intan Sari;Air;PDAM;2533958241;245008;2000;247008;Mobile Banking;Sukses
TRX039337;2026-01-23;1000000846;Budi Santoso;Internet;IndiHome;5644937008;213564;3000;216564;Internet Banking;Sukses
TRX039373;2026-02-17;1000001484;Joko Susilo;Internet;Biznet;6354347485;379800;2500;382300;Internet Banking;Sukses
TRX039403;2026-03-31;1000000528;Citra Dewi;Internet;Biznet;5359087758;400487;2000;402487;Teller;Sukses
TRX039413;2026-03-26;1000000028;Intan Sari;Internet;Biznet;6911003763;376699;3000;379699;EDC;Sukses
TRX039437;2026-03-03;1000002364;Hadi Wijaya;Air;PDAM;8217234870;333949;2000;335949;Internet Banking;Sukses
TRX039445;2026-02-04;1000001811;Eka Lestari;TV Kabel;First Media;9454751530;216511;2000;218511;Mobile Banking;Sukses
TRX039456;2026-01-18;1000003536;Intan Sari;TV Kabel;First Media;8754619935;185928;3000;188928;Mobile Banking;Sukses
TRX039473;2026-03-15;1000000454;Eka Lestari;Internet;Biznet;4226432913;219523;3000;222523;Teller;Sukses
TRX039479;2026-02-10;1000000436;Andi Saputra;BPJS;BPJS Kesehatan;7145892999;84019;2000;86019;Mobile Banking;Sukses
TRX039480;2026-03-17;1000003587;Budi Santoso;BPJS;BPJS Kesehatan;2610831876;280138;2000;282138;Internet Banking;Sukses
TRX039496;2026-03-20;1000004194;Intan Sari;TV Kabel;First Media;3360971400;330352;3000;333352;EDC;Sukses
TRX039515;2026-03-24;1000000216;Budi Santoso;TV Kabel;Transvision;9189608975;159095;2000;161095;Internet Banking;Sukses
TRX039536;2026-03-26;1000000684;Budi Santoso;Internet;IndiHome;3500366849;97011;3000;100011;Mobile Banking;Sukses
TRX039540;2026-03-19;1000001141;Andi Saputra;Internet;Biznet;7255848816;251200;2500;253700;EDC;Sukses
TRX039596;2026-02-23;1000003532;Citra Dewi;Listrik;PLN;7381988837;323563;2000;325563;Internet Banking;Sukses
TRX039643;2026-02-01;1000001509;Eka Lestari;Air;PDAM;3209076082;479843;2500;482343;Internet Banking;Sukses
TRX039677;2026-02-20;1000003921;Gina Marlina;TV Kabel;First Media;6149718723;425583;2000;427583;ATM;Sukses
TRX039730;2026-01-10;1000001420;Eka Lestari;BPJS;BPJS Kesehatan;4209129405;171703;2000;173703;Mobile Banking;Sukses
TRX039780;2026-02-17;1000003181;Intan Sari;Air;PDAM;1997323428;133038;2500;135538;Internet Banking;Sukses
TRX039785;2026-02-20;1000002179;Joko Susilo;Internet;IndiHome;9985683634;409238;3000;412238;EDC;Sukses
TRX039804;2026-01-13;1000001375;Joko Susilo;Internet;Biznet;3453777443;287325;2500;289825;Internet Banking;Sukses
TRX039925;2026-03-12;1000003983;Budi Santoso;Air;PDAM;2824788151;400792;3000;403792;ATM;Sukses
TRX039929;2026-02-06;1000002609;Andi Saputra;Internet;IndiHome;7413265009;470531;3000;473531;Mobile Banking;Sukses
TRX039952;2026-01-19;1000002300;Andi Saputra;Air;PDAM;4558418401;284888;2500;287388;Teller;Sukses
TRX040209;2026-01-31;1000003334;Joko Susilo;Internet;IndiHome;4540944841;363271;2500;365771;ATM;Sukses
TRX040276;2026-03-14;1000001440;Joko Susilo;Internet;IndiHome;5024653736;91117;2000;93117;ATM;Sukses
TRX040280;2026-03-03;1000002248;Joko Susilo;TV Kabel;Transvision;7702758702;113799;2500;116299;Teller;Sukses
TRX040281;2026-01-18;1000003863;Dedi Pratama;Air;PDAM;2299930472;409313;2500;411813;Teller;Sukses
TRX040288;2026-01-11;1000003063;Fajar Hidayat;Air;PDAM;4912684803;207697;3000;210697;Mobile Banking;Sukses
TRX040332;2026-01-14;1000003743;Eka Lestari;Internet;IndiHome;8550760104;60717;2500;63217;ATM;Sukses
TRX040433;2026-02-06;1000003489;Joko Susilo;BPJS;BPJS Kesehatan;5728741255;346246;3000;349246;Teller;Sukses
TRX040446;2026-02-06;1000003767;Hadi Wijaya;TV Kabel;First Media;9083778305;478448;3000;481448;Mobile Banking;Sukses
TRX040456;2026-01-03;1000003087;Andi Saputra;TV Kabel;First Media;8599165237;224671;2500;227171;Internet Banking;Sukses
TRX040552;2026-03-08;1000000059;Dedi Pratama;Listrik;PLN;7953069215;464028;2500;466528;Teller;Sukses
TRX040571;2026-02-17;1000004250;Hadi Wijaya;Internet;IndiHome;3803518707;151965;2000;153965;Internet Banking;Sukses
TRX040601;2026-02-12;1000000538;Fajar Hidayat;Internet;IndiHome;1051371417;318020;3000;321020;Internet Banking;Sukses
TRX040622;2026-02-04;1000001465;Andi Saputra;TV Kabel;First Media;7622824940;364076;3000;367076;ATM;Sukses
TRX040662;2026-01-08;1000003981;Eka Lestari;Internet;Biznet;7186348525;210185;2000;212185;Internet Banking;Sukses
TRX040691;2026-02-09;1000001324;Hadi Wijaya;Internet;IndiHome;7035753187;308785;3000;311785;Mobile Banking;Sukses
TRX040714;2026-01-31;1000001613;Dedi Pratama;Internet;IndiHome;7575699169;482936;3000;485936;Internet Banking;Sukses
TRX040745;2026-03-05;1000001900;Budi Santoso;Internet;Biznet;3110595113;260040;2500;262540;ATM;Sukses
TRX040751;2026-02-21;1000002711;Budi Santoso;Air;PDAM;1072893284;305830;2000;307830;EDC;Sukses
TRX040841;2026-01-14;1000004070;Eka Lestari;Internet;IndiHome;5338193668;335774;2500;338274;Mobile Banking;Sukses
TRX040865;2026-03-23;1000002615;Eka Lestari;Air;PDAM;1591196671;182816;2500;185316;Teller;Sukses
TRX040952;2026-02-17;1000004825;Hadi Wijaya;TV Kabel;First Media;3940419826;307358;2000;309358;Teller;Sukses
TRX040968;2026-02-02;1000001682;Intan Sari;TV Kabel;Transvision;7804416375;483030;2000;485030;Internet Banking;Sukses
TRX041019;2026-03-06;1000001592;Dedi Pratama;Internet;IndiHome;8158950862;60566;3000;63566;Teller;Sukses
TRX041075;2026-02-17;1000004231;Eka Lestari;TV Kabel;Transvision;1077525226;334140;2000;336140;EDC;Sukses
TRX041079;2026-01-08;1000004514;Intan Sari;TV Kabel;First Media;6560750188;247043;2000;249043;Internet Banking;Sukses
TRX041106;2026-03-08;1000002349;Gina Marlina;Internet;IndiHome;6297356162;287380;2000;289380;ATM;Sukses
TRX041187;2026-02-15;1000003576;Andi Saputra;BPJS;BPJS Kesehatan;2387984924;308864;2000;310864;Teller;Sukses
TRX041256;2026-01-21;1000004092;Citra Dewi;BPJS;BPJS Kesehatan;1030499231;445327;2500;447827;EDC;Sukses
TRX041260;2026-03-05;1000002007;Gina Marlina;BPJS;BPJS Kesehatan;9197526689;448539;3000;451539;Teller;Sukses
TRX041269;2026-01-22;1000001088;Andi Saputra;BPJS;BPJS Kesehatan;8494247624;367157;2000;369157;ATM;Sukses
TRX041290;2026-01-30;1000002373;Dedi Pratama;TV Kabel;Transvision;7512254263;222122;2500;224622;Internet Banking;Sukses
TRX041342;2026-03-28;1000000659;Hadi Wijaya;Internet;Biznet;5516169010;457937;3000;460937;Mobile Banking;Sukses
TRX041359;2026-01-30;1000000436;Andi Saputra;TV Kabel;First Media;2914175818;409951;2000;411951;Mobile Banking;Sukses
TRX041403;2026-03-02;1000000456;Gina Marlina;Air;PDAM;5456062028;114128;2000;116128;Mobile Banking;Sukses
TRX041441;2026-03-29;1000002050;Andi Saputra;TV Kabel;First Media;5679945116;493194;2500;495694;Internet Banking;Sukses
TRX041552;2026-03-10;1000003774;Intan Sari;BPJS;BPJS Kesehatan;4783507356;294616;2500;297116;ATM;Sukses
TRX041602;2026-01-27;1000003919;Andi Saputra;Internet;Biznet;5259433758;144189;2500;146689;Internet Banking;Sukses
TRX041642;2026-03-19;1000004803;Hadi Wijaya;Listrik;PLN;8065384559;400251;2500;402751;Teller;Sukses
TRX041670;2026-01-29;1000004897;Andi Saputra;TV Kabel;First Media;8943784217;270944;2000;272944;Teller;Sukses
TRX041758;2026-03-12;1000002201;Citra Dewi;Air;PDAM;1324388629;346377;2500;348877;Internet Banking;Sukses
TRX041786;2026-01-23;1000004589;Dedi Pratama;TV Kabel;First Media;6223768236;357721;2500;360221;ATM;Sukses
TRX041804;2026-01-20;1000004521;Gina Marlina;Air;PDAM;1869070347;474588;2000;476588;Teller;Sukses
TRX041841;2026-02-07;1000000836;Andi Saputra;Air;PDAM;7070681865;375661;3000;378661;ATM;Sukses
TRX041856;2026-03-20;1000001434;Hadi Wijaya;TV Kabel;First Media;7274720816;412985;3000;415985;EDC;Sukses
TRX041891;2026-03-02;1000001699;Joko Susilo;Air;PDAM;3377369415;223358;2500;225858;Mobile Banking;Sukses
TRX041896;2026-02-09;1000004619;Hadi Wijaya;Internet;IndiHome;2433957768;334284;2500;336784;EDC;Sukses
TRX041926;2026-02-23;1000000215;Gina Marlina;Internet;Biznet;9306107956;250505;3000;253505;Mobile Banking;Sukses
TRX042007;2026-02-25;1000001949;Budi Santoso;BPJS;BPJS Kesehatan;4457916055;452015;3000;455015;Teller;Sukses
TRX042008;2026-01-06;1000002617;Andi Saputra;BPJS;BPJS Kesehatan;7405922698;91449;2500;93949;Mobile Banking;Sukses
TRX042050;2026-01-23;1000002214;Citra Dewi;Listrik;PLN;9650794169;67434;2000;69434;Teller;Sukses
TRX042056;2026-02-28;1000004797;Joko Susilo;Internet;Biznet;7016793359;163538;2500;166038;EDC;Sukses
TRX042123;2026-03-29;1000001644;Andi Saputra;TV Kabel;First Media;8162891052;81103;2000;83103;Internet Banking;Sukses
TRX042251;2026-01-25;1000000728;Intan Sari;Air;PDAM;1267294031;375691;3000;378691;Teller;Sukses
TRX042254;2026-01-27;1000001890;Andi Saputra;Air;PDAM;3895816438;169744;2500;172244;Teller;Sukses
TRX042260;2026-01-16;1000001467;Dedi Pratama;Internet;Biznet;1634185407;487484;3000;490484;Internet Banking;Sukses
TRX042275;2026-02-27;1000001616;Andi Saputra;Listrik;PLN;9103799035;462520;2000;464520;ATM;Sukses
TRX042278;2026-01-31;1000002486;Eka Lestari;TV Kabel;Transvision;9595000673;367258;3000;370258;EDC;Sukses
TRX042342;2026-03-21;1000004421;Joko Susilo;BPJS;BPJS Kesehatan;1547195604;298462;3000;301462;ATM;Sukses
TRX042403;2026-03-12;1000002971;Hadi Wijaya;Listrik;PLN;1637313497;489531;2000;491531;EDC;Sukses
TRX042404;2026-02-21;1000000131;Dedi Pratama;Internet;IndiHome;9535703836;257325;3000;260325;ATM;Sukses
TRX042415;2026-02-15;1000000233;Andi Saputra;Listrik;PLN;7186281351;458791;2000;460791;Mobile Banking;Sukses
TRX042432;2026-01-20;1000000152;Fajar Hidayat;Air;PDAM;8768488900;303128;2500;305628;Mobile Banking;Sukses
TRX042513;2026-01-23;1000000356;Hadi Wijaya;Internet;IndiHome;1462404788;304899;2000;306899;Teller;Sukses
TRX042658;2026-01-20;1000000413;Fajar Hidayat;Listrik;PLN;5390815894;67537;2000;69537;EDC;Sukses
TRX042821;2026-02-20;1000004662;Budi Santoso;TV Kabel;Transvision;5609355116;380675;2500;383175;EDC;Sukses
TRX042826;2026-03-11;1000004696;Fajar Hidayat;Listrik;PLN;4558906389;203881;2500;206381;Mobile Banking;Sukses
TRX042855;2026-03-25;1000001034;Fajar Hidayat;BPJS;BPJS Kesehatan;1865275820;428036;2000;430036;ATM;Sukses
TRX043041;2026-02-25;1000000056;Fajar Hidayat;TV Kabel;First Media;8199563837;262144;2500;264644;Teller;Sukses
TRX043111;2026-02-13;1000002831;Hadi Wijaya;Air;PDAM;6459666436;448087;2500;450587;ATM;Sukses
TRX043115;2026-03-01;1000002457;Eka Lestari;Air;PDAM;8484681398;363721;3000;366721;EDC;Sukses
TRX043209;2026-03-27;1000001257;Dedi Pratama;TV Kabel;First Media;3159302167;90576;2000;92576;Mobile Banking;Sukses
TRX043220;2026-02-02;1000001556;Eka Lestari;TV Kabel;Transvision;6288183274;256680;2500;259180;ATM;Sukses
TRX043244;2026-03-31;1000000099;Intan Sari;BPJS;BPJS Kesehatan;2443387942;234896;3000;237896;EDC;Sukses
TRX043269;2026-02-04;1000000890;Eka Lestari;Internet;IndiHome;6293887492;413086;2000;415086;Teller;Sukses
TRX043371;2026-01-14;1000000118;Dedi Pratama;TV Kabel;First Media;5152385863;55339;2000;57339;EDC;Sukses
TRX043446;2026-01-15;1000001018;Joko Susilo;TV Kabel;Transvision;2398830979;407751;3000;410751;Internet Banking;Sukses
TRX043570;2026-02-28;1000001281;Eka Lestari;Internet;IndiHome;8075038866;443000;2500;445500;EDC;Sukses
TRX043573;2026-02-15;1000004234;Hadi Wijaya;Air;PDAM;1035730619;93916;2500;96416;Internet Banking;Sukses
TRX043680;2026-03-24;1000000497;Eka Lestari;TV Kabel;Transvision;3146216192;436995;2000;438995;EDC;Sukses
TRX043701;2026-03-22;1000000453;Hadi Wijaya;Air;PDAM;7676544513;52131;3000;55131;Internet Banking;Sukses
TRX043709;2026-01-11;1000000035;Intan Sari;BPJS;BPJS Kesehatan;3036598818;267293;2000;269293;Internet Banking;Sukses
TRX043722;2026-01-12;1000004008;Citra Dewi;Air;PDAM;6446450595;406748;2000;408748;Internet Banking;Sukses
TRX043731;2026-01-05;1000001597;Hadi Wijaya;Air;PDAM;6139172230;460236;2000;462236;Mobile Banking;Sukses
TRX043737;2026-03-09;1000003003;Budi Santoso;Internet;Biznet;6398577554;189556;2500;192056;Teller;Sukses
TRX043758;2026-02-28;1000000499;Fajar Hidayat;Air;PDAM;8038623074;95574;2500;98074;ATM;Sukses
TRX043807;2026-02-01;1000002768;Fajar Hidayat;BPJS;BPJS Kesehatan;7219027404;283249;2000;285249;Teller;Sukses
TRX043853;2026-03-27;1000001959;Gina Marlina;Air;PDAM;7604745852;425962;3000;428962;Mobile Banking;Sukses
TRX043875;2026-03-09;1000002554;Hadi Wijaya;Internet;Biznet;7861210160;258036;3000;261036;ATM;Sukses
TRX044075;2026-03-14;1000003485;Dedi Pratama;TV Kabel;Transvision;2339802740;403171;3000;406171;EDC;Sukses
TRX044090;2026-01-20;1000003063;Fajar Hidayat;Listrik;PLN;1404484393;146256;3000;149256;EDC;Sukses
TRX044128;2026-01-13;1000004249;Dedi Pratama;BPJS;BPJS Kesehatan;3410739603;411676;2500;414176;Teller;Sukses
TRX044130;2026-02-08;1000003435;Joko Susilo;Listrik;PLN;2606574879;433027;2000;435027;Teller;Sukses
TRX044219;2026-01-08;1000003819;Joko Susilo;Listrik;PLN;3465188960;108226;3000;111226;Mobile Banking;Sukses
TRX044230;2026-01-20;1000001413;Hadi Wijaya;Internet;Biznet;5559542451;447099;2000;449099;Teller;Sukses
TRX044232;2026-03-23;1000001220;Dedi Pratama;Internet;IndiHome;7887018567;329363;2000;331363;Internet Banking;Sukses
TRX044267;2026-03-22;1000002184;Fajar Hidayat;Internet;Biznet;5962437780;214680;3000;217680;ATM;Sukses
TRX044303;2026-01-30;1000000443;Intan Sari;TV Kabel;First Media;8652345349;291910;2000;293910;EDC;Sukses
TRX044310;2026-01-10;1000001741;Gina Marlina;Internet;IndiHome;4695404248;112663;2500;115163;ATM;Sukses
TRX044360;2026-01-30;1000004510;Hadi Wijaya;TV Kabel;Transvision;2040686180;496490;2000;498490;Teller;Sukses
TRX044386;2026-03-09;1000001270;Fajar Hidayat;Air;PDAM;3245645444;305061;3000;308061;ATM;Sukses
TRX044397;2026-03-04;1000004908;Budi Santoso;Air;PDAM;9619019877;386728;2500;389228;EDC;Sukses
TRX044412;2026-03-26;1000000909;Dedi Pratama;Listrik;PLN;2992531921;299626;2000;301626;Teller;Sukses
TRX044438;2026-03-09;1000004749;Fajar Hidayat;Internet;Biznet;4841200891;423592;2500;426092;Teller;Sukses
TRX044474;2026-03-14;1000000354;Joko Susilo;Internet;IndiHome;8249238655;421230;3000;424230;ATM;Sukses
TRX044497;2026-04-01;1000004160;Fajar Hidayat;Air;PDAM;5672670712;122364;3000;125364;Teller;Sukses
TRX044530;2026-03-15;1000004241;Dedi Pratama;Air;PDAM;9908480001;402480;2500;404980;Internet Banking;Sukses
TRX044653;2026-01-09;1000001320;Fajar Hidayat;Internet;IndiHome;6408271025;402114;3000;405114;EDC;Sukses
TRX044659;2026-01-21;1000004422;Intan Sari;BPJS;BPJS Kesehatan;3935303458;150049;2500;152549;Mobile Banking;Sukses
TRX044669;2026-01-11;1000003838;Citra Dewi;Air;PDAM;4883124203;136411;3000;139411;EDC;Sukses
TRX044702;2026-02-14;1000000036;Fajar Hidayat;TV Kabel;First Media;6078708005;153085;2000;155085;ATM;Sukses
TRX044736;2026-02-24;1000003218;Dedi Pratama;Internet;Biznet;7985965444;171300;2500;173800;ATM;Sukses
TRX044743;2026-01-15;1000003905;Hadi Wijaya;Air;PDAM;6087534672;460354;2000;462354;EDC;Sukses
TRX044772;2026-03-30;1000002760;Joko Susilo;TV Kabel;Transvision;6696750953;412309;2500;414809;Mobile Banking;Sukses
TRX044870;2026-03-06;1000002971;Hadi Wijaya;Internet;IndiHome;9982072913;136506;2000;138506;Internet Banking;Sukses
TRX044910;2026-02-17;1000002298;Hadi Wijaya;Internet;Biznet;7589850139;263334;2000;265334;Mobile Banking;Sukses
TRX044995;2026-03-21;1000002923;Intan Sari;Listrik;PLN;7013440343;251248;2000;253248;EDC;Sukses
TRX045073;2026-03-12;1000001727;Budi Santoso;Air;PDAM;4884578137;377600;2000;379600;EDC;Sukses
TRX045074;2026-02-13;1000000464;Citra Dewi;Listrik;PLN;7783076772;154408;2500;156908;Mobile Banking;Sukses
TRX045137;2026-02-10;1000000710;Dedi Pratama;TV Kabel;First Media;1555826281;494703;2500;497203;Mobile Banking;Sukses
TRX045174;2026-01-22;1000001995;Joko Susilo;Internet;IndiHome;7004747374;238668;2500;241168;Mobile Banking;Sukses
TRX045213;2026-01-25;1000003345;Dedi Pratama;BPJS;BPJS Kesehatan;6057481264;488393;3000;491393;Internet Banking;Sukses
TRX045223;2026-02-16;1000004612;Gina Marlina;TV Kabel;Transvision;3022407411;171868;2000;173868;Internet Banking;Sukses
TRX045237;2026-01-15;1000002456;Andi Saputra;Internet;IndiHome;3981192998;430744;2000;432744;ATM;Sukses
TRX045248;2026-03-25;1000001290;Gina Marlina;TV Kabel;Transvision;2972869629;61535;3000;64535;Teller;Sukses
TRX045271;2026-03-29;1000001000;Hadi Wijaya;Air;PDAM;8432978014;261070;2000;263070;Internet Banking;Sukses
TRX045283;2026-01-10;1000001842;Eka Lestari;BPJS;BPJS Kesehatan;5476774953;143155;2500;145655;Teller;Sukses
TRX045289;2026-02-01;1000001003;Andi Saputra;Internet;Biznet;6154896118;483145;2500;485645;Mobile Banking;Sukses
TRX045308;2026-02-21;1000004228;Andi Saputra;Air;PDAM;7993212500;87090;2000;89090;ATM;Sukses
TRX045466;2026-02-08;1000003563;Joko Susilo;TV Kabel;Transvision;3802677495;472424;2500;474924;Mobile Banking;Sukses
TRX045540;2026-03-27;1000004778;Budi Santoso;TV Kabel;First Media;3361244236;77603;3000;80603;EDC;Sukses
TRX045588;2026-01-29;1000004313;Dedi Pratama;TV Kabel;First Media;7072140349;378355;3000;381355;ATM;Sukses
TRX045594;2026-03-11;1000003431;Andi Saputra;BPJS;BPJS Kesehatan;9689375938;328116;2000;330116;Internet Banking;Sukses
TRX045724;2026-02-12;1000000973;Intan Sari;Listrik;PLN;9766160491;439930;2000;441930;ATM;Sukses
TRX045791;2026-03-05;1000002944;Citra Dewi;Listrik;PLN;2866425178;439644;2000;441644;Teller;Sukses
TRX045816;2026-02-21;1000001010;Joko Susilo;TV Kabel;First Media;7867718717;418861;3000;421861;ATM;Sukses
TRX045830;2026-03-15;1000004769;Eka Lestari;Air;PDAM;6325308964;101909;2500;104409;ATM;Sukses
TRX045932;2026-02-24;1000000173;Andi Saputra;BPJS;BPJS Kesehatan;9135189360;339208;2000;341208;Mobile Banking;Sukses
TRX045972;2026-03-25;1000003151;Joko Susilo;Internet;Biznet;7629564994;212736;3000;215736;EDC;Sukses
TRX045981;2026-03-12;1000000340;Gina Marlina;Listrik;PLN;1533684523;224902;3000;227902;Internet Banking;Sukses
TRX046082;2026-01-11;1000003331;Andi Saputra;TV Kabel;First Media;2933520303;107410;2500;109910;EDC;Sukses
TRX046140;2026-01-29;1000001178;Intan Sari;BPJS;BPJS Kesehatan;7976118356;214069;2000;216069;Mobile Banking;Sukses
TRX046171;2026-03-12;1000001322;Eka Lestari;Internet;IndiHome;1815513024;158283;2500;160783;Teller;Sukses
TRX046174;2026-02-11;1000002507;Intan Sari;Air;PDAM;6146879543;63343;3000;66343;ATM;Sukses
TRX046254;2026-02-26;1000000505;Joko Susilo;Internet;Biznet;4767729523;210172;2500;212672;Internet Banking;Sukses
TRX046279;2026-03-04;1000001441;Joko Susilo;BPJS;BPJS Kesehatan;5376085132;385270;2000;387270;EDC;Sukses
TRX046318;2026-03-07;1000001279;Gina Marlina;Internet;IndiHome;9367819712;329792;3000;332792;Mobile Banking;Sukses
TRX046325;2026-03-28;1000004094;Intan Sari;Internet;IndiHome;5492564447;222869;2000;224869;EDC;Sukses
TRX046338;2026-01-21;1000004215;Gina Marlina;Listrik;PLN;8550550906;383999;2500;386499;EDC;Sukses
TRX046453;2026-01-24;1000004076;Budi Santoso;Internet;IndiHome;7476746148;470737;3000;473737;Teller;Sukses
TRX046464;2026-01-21;1000002881;Hadi Wijaya;TV Kabel;First Media;3794749080;381302;3000;384302;EDC;Sukses
TRX046471;2026-01-05;1000003340;Budi Santoso;Air;PDAM;6846709798;459681;2000;461681;ATM;Sukses
TRX046484;2026-01-07;1000004741;Dedi Pratama;Internet;IndiHome;1558323123;173622;3000;176622;Mobile Banking;Sukses
TRX046497;2026-03-07;1000001345;Citra Dewi;Internet;IndiHome;4667292276;284661;2000;286661;Mobile Banking;Sukses
TRX046534;2026-02-15;1000000108;Gina Marlina;Listrik;PLN;1374952895;228564;2000;230564;Teller;Sukses
TRX046573;2026-03-06;1000003337;Budi Santoso;Air;PDAM;7087543772;483339;3000;486339;Teller;Sukses
TRX046592;2026-01-25;1000002865;Intan Sari;Air;PDAM;1607290247;103770;2000;105770;Mobile Banking;Sukses
TRX046602;2026-02-09;1000000612;Citra Dewi;BPJS;BPJS Kesehatan;3200900836;234221;2000;236221;Internet Banking;Sukses
TRX046637;2026-02-24;1000003031;Hadi Wijaya;TV Kabel;First Media;9091467603;288762;3000;291762;Teller;Sukses
TRX046694;2026-03-06;1000000487;Andi Saputra;TV Kabel;First Media;9987510558;180525;2500;183025;Mobile Banking;Sukses
TRX046712;2026-02-22;1000001940;Joko Susilo;Air;PDAM;9060732067;343279;2000;345279;EDC;Sukses
TRX046733;2026-03-19;1000000924;Fajar Hidayat;Listrik;PLN;8586804938;68582;3000;71582;ATM;Sukses
TRX046745;2026-01-01;1000004447;Joko Susilo;Air;PDAM;8930538180;86027;3000;89027;Teller;Sukses
TRX046802;2026-01-29;1000002048;Citra Dewi;TV Kabel;Transvision;4266772025;244965;3000;247965;EDC;Sukses
TRX046839;2026-01-22;1000004820;Gina Marlina;TV Kabel;Transvision;6031472935;364094;2000;366094;Internet Banking;Sukses
TRX046872;2026-01-07;1000001273;Fajar Hidayat;TV Kabel;First Media;3213636899;464356;2500;466856;Teller;Sukses
TRX046873;2026-02-03;1000004425;Eka Lestari;TV Kabel;Transvision;8234205896;121393;3000;124393;Internet Banking;Sukses
TRX046885;2026-01-09;1000003645;Hadi Wijaya;Internet;IndiHome;9001172753;415227;3000;418227;Internet Banking;Sukses
TRX046889;2026-03-19;1000000638;Eka Lestari;Internet;Biznet;8954699385;174978;2000;176978;EDC;Sukses
TRX046950;2026-01-29;1000000175;Citra Dewi;BPJS;BPJS Kesehatan;5719550552;454411;2500;456911;ATM;Sukses
TRX046969;2026-02-18;1000001782;Citra Dewi;Internet;IndiHome;1104998974;329207;2000;331207;ATM;Sukses
TRX047017;2026-02-18;1000002913;Citra Dewi;Internet;IndiHome;6971144736;309575;2500;312075;Teller;Sukses
TRX047024;2026-04-01;1000002793;Intan Sari;Internet;IndiHome;3317408722;499449;2500;501949;ATM;Sukses
TRX047147;2026-03-24;1000000224;Intan Sari;BPJS;BPJS Kesehatan;8884168792;94903;2500;97403;Mobile Banking;Sukses
TRX047251;2026-01-06;1000003620;Citra Dewi;Internet;Biznet;5591755867;322475;2500;324975;Internet Banking;Sukses
TRX047395;2026-03-14;1000003881;Intan Sari;TV Kabel;First Media;2386650955;297677;2500;300177;ATM;Sukses
TRX047408;2026-02-20;1000003995;Gina Marlina;TV Kabel;Transvision;6095712669;400924;3000;403924;Mobile Banking;Sukses
TRX047560;2026-02-13;1000001350;Citra Dewi;BPJS;BPJS Kesehatan;3668431228;66911;2000;68911;Internet Banking;Sukses
TRX047580;2026-01-14;1000004440;Citra Dewi;TV Kabel;Transvision;1402770886;107873;3000;110873;Teller;Sukses
TRX047584;2026-02-21;1000003126;Andi Saputra;TV Kabel;First Media;3607854708;97689;2000;99689;Internet Banking;Sukses
TRX047623;2026-02-05;1000002199;Joko Susilo;BPJS;BPJS Kesehatan;1604827832;466300;2500;468800;EDC;Sukses
TRX047669;2026-02-26;1000003790;Andi Saputra;Internet;IndiHome;7625615182;445727;2000;447727;Internet Banking;Sukses
TRX047676;2026-03-13;1000003739;Hadi Wijaya;Listrik;PLN;3256518163;198016;3000;201016;Teller;Sukses
TRX047685;2026-02-09;1000001944;Citra Dewi;TV Kabel;Transvision;1492193485;263466;2000;265466;ATM;Sukses
TRX047715;2026-01-07;1000002156;Budi Santoso;BPJS;BPJS Kesehatan;8519291802;404372;3000;407372;ATM;Sukses
TRX047725;2026-04-01;1000003507;Gina Marlina;TV Kabel;First Media;9408581123;274263;2500;276763;Mobile Banking;Sukses
TRX047732;2026-03-02;1000003911;Budi Santoso;Internet;IndiHome;6537630332;430917;2500;433417;Internet Banking;Sukses
TRX047738;2026-03-26;1000001522;Hadi Wijaya;Air;PDAM;4213809042;411184;3000;414184;Internet Banking;Sukses
TRX047796;2026-01-10;1000004342;Dedi Pratama;TV Kabel;First Media;6032391231;52148;2500;54648;Teller;Sukses
TRX047927;2026-02-27;1000000518;Joko Susilo;Air;PDAM;9197463252;422375;3000;425375;EDC;Sukses
TRX047937;2026-03-17;1000002183;Citra Dewi;Internet;Biznet;7190978958;365661;2000;367661;EDC;Sukses
TRX047958;2026-03-20;1000004353;Andi Saputra;TV Kabel;First Media;4113416952;462428;2500;464928;ATM;Sukses
TRX048004;2026-03-07;1000001424;Eka Lestari;Internet;Biznet;8746669002;485181;2500;487681;ATM;Sukses
TRX048104;2026-01-20;1000002335;Dedi Pratama;Listrik;PLN;4909518396;136374;3000;139374;Internet Banking;Sukses
TRX048125;2026-03-01;1000003771;Citra Dewi;Internet;IndiHome;3680793320;419739;3000;422739;Internet Banking;Sukses
TRX048135;2026-01-15;1000002142;Andi Saputra;Internet;IndiHome;6149152460;392870;2500;395370;ATM;Sukses
TRX048194;2026-03-02;1000001060;Intan Sari;BPJS;BPJS Kesehatan;5467669202;312486;2500;314986;EDC;Sukses
TRX048214;2026-02-17;1000000657;Andi Saputra;BPJS;BPJS Kesehatan;5318498138;406021;2000;408021;Internet Banking;Sukses
TRX048227;2026-02-04;1000003650;Dedi Pratama;Listrik;PLN;8466727131;482672;2500;485172;Teller;Sukses
TRX048241;2026-03-16;1000002565;Budi Santoso;Internet;IndiHome;9854431328;444770;2500;447270;Teller;Sukses
TRX048270;2026-02-20;1000004148;Andi Saputra;TV Kabel;Transvision;1549520096;482075;3000;485075;ATM;Sukses
TRX048347;2026-01-24;1000002193;Dedi Pratama;TV Kabel;First Media;1980053579;340291;2000;342291;ATM;Sukses
TRX048396;2026-01-25;1000000481;Dedi Pratama;Internet;Biznet;1090715977;183920;3000;186920;EDC;Sukses
TRX048401;2026-03-13;1000003437;Budi Santoso;BPJS;BPJS Kesehatan;4251574302;103671;2000;105671;Mobile Banking;Sukses
TRX048467;2026-02-28;1000003651;Hadi Wijaya;TV Kabel;Transvision;2278439429;206291;2000;208291;ATM;Sukses
TRX048480;2026-02-15;1000001025;Intan Sari;Internet;IndiHome;2939049272;437483;3000;440483;ATM;Sukses
TRX048544;2026-01-27;1000002491;Budi Santoso;TV Kabel;First Media;1712048026;281295;2000;283295;Teller;Sukses
TRX048570;2026-02-04;1000000597;Citra Dewi;TV Kabel;First Media;2964710356;242759;2000;244759;EDC;Sukses
TRX048575;2026-03-12;1000000824;Dedi Pratama;Internet;Biznet;9517727620;53148;3000;56148;Teller;Sukses
TRX048580;2026-03-03;1000003092;Hadi Wijaya;TV Kabel;Transvision;8650076781;60564;2000;62564;Internet Banking;Sukses
TRX048584;2026-03-07;1000001831;Dedi Pratama;Internet;Biznet;8652557923;330572;3000;333572;ATM;Sukses
TRX048683;2026-01-28;1000002473;Gina Marlina;Internet;Biznet;9487450811;60753;2000;62753;Mobile Banking;Sukses
TRX048711;2026-02-24;1000000672;Intan Sari;BPJS;BPJS Kesehatan;1717595096;54328;3000;57328;Internet Banking;Sukses
TRX048735;2026-03-31;1000004453;Hadi Wijaya;TV Kabel;Transvision;1210669433;51482;2500;53982;Internet Banking;Sukses
TRX048767;2026-02-25;1000003212;Hadi Wijaya;Air;PDAM;8546341368;433514;2000;435514;ATM;Sukses
TRX048810;2026-03-30;1000002165;Dedi Pratama;Internet;Biznet;5234010435;264269;3000;267269;Mobile Banking;Sukses
TRX048833;2026-02-12;1000003634;Citra Dewi;Air;PDAM;3285297385;65232;2500;67732;ATM;Sukses
TRX048876;2026-01-08;1000002266;Eka Lestari;BPJS;BPJS Kesehatan;5595678678;122122;2500;124622;EDC;Sukses
TRX048885;2026-02-25;1000004744;Intan Sari;Listrik;PLN;8590993982;301855;2000;303855;Mobile Banking;Sukses
TRX048963;2026-03-07;1000001054;Fajar Hidayat;Internet;Biznet;8387244670;414880;2500;417380;Teller;Sukses
TRX048980;2026-01-20;1000003009;Citra Dewi;Listrik;PLN;1146501909;63179;2000;65179;Mobile Banking;Sukses
TRX048987;2026-03-18;1000000125;Dedi Pratama;Air;PDAM;8167234224;358072;2500;360572;ATM;Sukses
TRX049008;2026-03-17;1000001451;Gina Marlina;Air;PDAM;7980459472;162682;2500;165182;Teller;Sukses
TRX049012;2026-02-07;1000003404;Gina Marlina;Internet;Biznet;9181188107;222043;2500;224543;Teller;Sukses
TRX049042;2026-03-06;1000003120;Gina Marlina;Air;PDAM;3647995646;385282;3000;388282;EDC;Sukses
TRX049082;2026-01-15;1000000243;Budi Santoso;TV Kabel;First Media;7441713248;337452;3000;340452;Mobile Banking;Sukses
TRX049198;2026-02-23;1000003375;Hadi Wijaya;Internet;IndiHome;3863714830;435119;3000;438119;Internet Banking;Sukses
TRX049211;2026-03-16;1000000902;Budi Santoso;TV Kabel;Transvision;4172423900;105006;3000;108006;ATM;Sukses
TRX049212;2026-02-11;1000002112;Gina Marlina;Air;PDAM;4767913237;135632;2000;137632;Mobile Banking;Sukses
TRX049267;2026-01-08;1000000406;Eka Lestari;Listrik;PLN;6625861191;70745;2000;72745;Internet Banking;Sukses
TRX049285;2026-03-20;1000001598;Eka Lestari;BPJS;BPJS Kesehatan;1466477244;152534;2500;155034;Mobile Banking;Sukses
TRX049342;2026-01-13;1000004812;Dedi Pratama;TV Kabel;Transvision;1637322181;144875;2500;147375;ATM;Sukses
TRX049387;2026-03-29;1000001867;Citra Dewi;Internet;IndiHome;7712573213;490217;2500;492717;Teller;Sukses
TRX049393;2026-01-02;1000001426;Gina Marlina;Listrik;PLN;3006970156;171833;2000;173833;Teller;Sukses
TRX049415;2026-03-20;1000002724;Eka Lestari;TV Kabel;First Media;4024314993;63829;2500;66329;Internet Banking;Sukses
TRX049433;2026-03-30;1000000297;Intan Sari;Listrik;PLN;2982752020;181737;3000;184737;ATM;Sukses
TRX049481;2026-02-13;1000004912;Dedi Pratama;BPJS;BPJS Kesehatan;1510847021;347139;2500;349639;Teller;Sukses
TRX049611;2026-03-16;1000003943;Hadi Wijaya;TV Kabel;First Media;7197266693;288511;3000;291511;Internet Banking;Sukses
TRX049686;2026-02-02;1000001169;Eka Lestari;TV Kabel;Transvision;8917460199;379025;3000;382025;ATM;Sukses
TRX049695;2026-01-17;1000004906;Citra Dewi;Internet;Biznet;8673745698;112731;2000;114731;ATM;Sukses
TRX049766;2026-01-02;1000000735;Dedi Pratama;Listrik;PLN;6345755836;252062;2500;254562;Teller;Sukses
TRX049852;2026-03-17;1000002956;Hadi Wijaya;BPJS;BPJS Kesehatan;5030862112;176789;2000;178789;Teller;Sukses
TRX049881;2026-03-22;1000002705;Citra Dewi;BPJS;BPJS Kesehatan;5358789030;78764;2000;80764;Teller;Sukses
TRX049920;2026-03-03;1000002342;Gina Marlina;Internet;IndiHome;4791184072;216829;3000;219829;Teller;Sukses
TRX049962;2026-03-23;1000002925;Dedi Pratama;Listrik;PLN;4396568795;469948;2000;471948;Mobile Banking;Sukses
TRX049979;2026-01-26;1000000670;Hadi Wijaya;Listrik;PLN;5835678920;146081;2000;148081;Teller;Sukses
TRX050028;2026-03-15;1000000524;Andi Saputra;Listrik;PLN;8404315234;297775;3000;300775;Mobile Banking;Sukses
TRX050044;2026-02-18;1000002387;Fajar Hidayat;TV Kabel;Transvision;9705838212;222940;2000;224940;Teller;Sukses
TRX050103;2026-02-06;1000001522;Hadi Wijaya;TV Kabel;First Media;3240167817;207981;2000;209981;EDC;Sukses
TRX050132;2026-02-25;1000004325;Andi Saputra;Internet;IndiHome;6583013166;365765;2500;368265;Teller;Sukses
TRX050147;2026-03-16;1000004229;Eka Lestari;BPJS;BPJS Kesehatan;5933909878;261920;2000;263920;Teller;Sukses
TRX050154;2026-02-06;1000001872;Fajar Hidayat;Listrik;PLN;1883979762;252884;3000;255884;EDC;Sukses
TRX050159;2026-03-07;1000001831;Dedi Pratama;BPJS;BPJS Kesehatan;9852974066;222234;2500;224734;Internet Banking;Sukses
TRX050172;2026-02-13;1000000399;Fajar Hidayat;Listrik;PLN;5602468175;199104;3000;202104;Internet Banking;Sukses
TRX050209;2026-02-12;1000001233;Eka Lestari;Internet;IndiHome;6476448564;101507;3000;104507;Internet Banking;Sukses
TRX050279;2026-02-23;1000001161;Joko Susilo;Listrik;PLN;2607105668;364454;3000;367454;EDC;Sukses
TRX050396;2026-01-15;1000003990;Gina Marlina;Listrik;PLN;9791192719;419341;2500;421841;ATM;Sukses
TRX050409;2026-03-24;1000004040;Intan Sari;TV Kabel;First Media;8367434576;129698;2000;131698;Teller;Sukses
TRX050496;2026-02-07;1000003649;Gina Marlina;Air;PDAM;8827135588;459022;3000;462022;Internet Banking;Sukses
TRX050519;2026-02-07;1000000001;Fajar Hidayat;Air;PDAM;2343907114;440306;2000;442306;Mobile Banking;Sukses
TRX050583;2026-02-17;1000001037;Joko Susilo;Internet;Biznet;2878836123;343241;3000;346241;EDC;Sukses
TRX050672;2026-02-14;1000001434;Hadi Wijaya;Listrik;PLN;1744549413;148187;3000;151187;EDC;Sukses
TRX050715;2026-02-18;1000000001;Fajar Hidayat;Air;PDAM;4258357396;163348;2500;165848;EDC;Sukses
TRX050719;2026-03-01;1000000437;Dedi Pratama;Internet;Biznet;1931772165;118028;3000;121028;ATM;Sukses
TRX050755;2026-03-31;1000004431;Dedi Pratama;Internet;IndiHome;2257754232;372583;3000;375583;Teller;Sukses
TRX050844;2026-01-12;1000003951;Budi Santoso;BPJS;BPJS Kesehatan;4994005511;348949;2500;351449;Internet Banking;Sukses
TRX050865;2026-02-10;1000001403;Dedi Pratama;Internet;IndiHome;2662671403;180445;2000;182445;Mobile Banking;Sukses
TRX050882;2026-02-08;1000003694;Andi Saputra;TV Kabel;First Media;5090028388;253027;3000;256027;ATM;Sukses
TRX050906;2026-02-17;1000000282;Joko Susilo;Internet;Biznet;2770024555;253471;2500;255971;Internet Banking;Sukses
TRX050946;2026-01-20;1000000657;Andi Saputra;BPJS;BPJS Kesehatan;4972152025;228173;2000;230173;Teller;Sukses
TRX050952;2026-02-18;1000004161;Citra Dewi;BPJS;BPJS Kesehatan;7402204871;484002;3000;487002;EDC;Sukses
TRX051038;2026-01-24;1000002667;Intan Sari;TV Kabel;First Media;4609265717;416847;3000;419847;Teller;Sukses
TRX051153;2026-02-21;1000004139;Intan Sari;BPJS;BPJS Kesehatan;6481159390;424179;2500;426679;ATM;Sukses
TRX051202;2026-04-01;1000000643;Intan Sari;Listrik;PLN;9458492687;380317;2500;382817;ATM;Sukses
TRX051252;2026-01-24;1000000744;Fajar Hidayat;Internet;Biznet;6990923437;91420;2500;93920;Internet Banking;Sukses
TRX051279;2026-03-15;1000003915;Joko Susilo;Internet;IndiHome;1821038477;287679;2000;289679;Internet Banking;Sukses
TRX051359;2026-01-05;1000004103;Fajar Hidayat;Internet;Biznet;5563015008;333680;2500;336180;Teller;Sukses
TRX051396;2026-01-26;1000001882;Andi Saputra;BPJS;BPJS Kesehatan;6966228770;297583;2500;300083;ATM;Sukses
TRX051421;2026-02-22;1000003111;Dedi Pratama;Air;PDAM;3594149351;152579;2500;155079;Mobile Banking;Sukses
TRX051452;2026-02-15;1000003371;Intan Sari;Internet;IndiHome;2725647138;390122;2000;392122;EDC;Sukses
TRX051466;2026-02-21;1000003409;Citra Dewi;Listrik;PLN;1907080124;191823;3000;194823;Mobile Banking;Sukses
TRX051531;2026-03-19;1000000598;Joko Susilo;Listrik;PLN;1601726671;479528;3000;482528;ATM;Sukses
TRX051579;2026-01-12;1000000026;Intan Sari;TV Kabel;Transvision;3539720606;336281;2500;338781;ATM;Sukses
TRX051620;2026-01-25;1000000014;Joko Susilo;TV Kabel;Transvision;6480217070;288164;3000;291164;Teller;Sukses
TRX051622;2026-03-21;1000002572;Budi Santoso;Air;PDAM;4246583976;50641;2500;53141;Mobile Banking;Sukses
TRX051624;2026-03-14;1000004542;Intan Sari;Air;PDAM;6131290825;390762;2000;392762;ATM;Sukses
TRX051681;2026-02-22;1000002199;Joko Susilo;TV Kabel;Transvision;1007077019;108833;2500;111333;Teller;Sukses
TRX051760;2026-02-20;1000000262;Fajar Hidayat;Internet;IndiHome;9847356684;435255;2500;437755;EDC;Sukses
TRX051768;2026-01-13;1000004116;Citra Dewi;Internet;Biznet;2178660749;197944;3000;200944;Mobile Banking;Sukses
TRX051822;2026-03-30;1000000146;Hadi Wijaya;TV Kabel;Transvision;3129937922;131349;3000;134349;ATM;Sukses
TRX051919;2026-03-25;1000000000;Dedi Pratama;TV Kabel;First Media;8410410644;58861;3000;61861;EDC;Sukses
TRX051993;2026-03-31;1000001015;Dedi Pratama;Internet;Biznet;3428541433;191485;3000;194485;Teller;Sukses
TRX052008;2026-02-24;1000000323;Joko Susilo;TV Kabel;Transvision;4904406650;181713;2500;184213;Teller;Sukses
TRX052053;2026-02-23;1000000625;Hadi Wijaya;Listrik;PLN;8536561888;262057;3000;265057;Internet Banking;Sukses
TRX052061;2026-02-15;1000003426;Citra Dewi;Internet;Biznet;8110237007;260355;2000;262355;Mobile Banking;Sukses
TRX052184;2026-01-03;1000004848;Eka Lestari;TV Kabel;Transvision;6213149762;313664;3000;316664;ATM;Sukses
TRX052193;2026-02-03;1000003541;Budi Santoso;TV Kabel;Transvision;5087636596;471825;3000;474825;Teller;Sukses
TRX052198;2026-03-18;1000000464;Citra Dewi;Internet;IndiHome;8021599030;401349;2500;403849;ATM;Sukses
TRX052224;2026-02-14;1000004770;Budi Santoso;TV Kabel;First Media;2585554257;432198;2500;434698;Mobile Banking;Sukses
TRX052263;2026-03-19;1000001327;Joko Susilo;TV Kabel;Transvision;4820438899;336216;2500;338716;Mobile Banking;Sukses
TRX052335;2026-01-09;1000003415;Fajar Hidayat;Internet;IndiHome;4161983511;471424;3000;474424;Mobile Banking;Sukses
TRX052420;2026-02-18;1000002269;Citra Dewi;Internet;IndiHome;6425234365;368658;2000;370658;EDC;Sukses
TRX052433;2026-02-26;1000003749;Dedi Pratama;TV Kabel;First Media;6364930348;78169;3000;81169;ATM;Sukses
TRX052506;2026-02-14;1000001616;Andi Saputra;Listrik;PLN;9768393303;374171;2000;376171;Mobile Banking;Sukses
TRX052525;2026-01-15;1000004438;Citra Dewi;BPJS;BPJS Kesehatan;4213049043;280671;2500;283171;Teller;Sukses
TRX052549;2026-03-06;1000003017;Eka Lestari;TV Kabel;First Media;9527692751;94860;3000;97860;ATM;Sukses
TRX052568;2026-02-07;1000001793;Joko Susilo;TV Kabel;First Media;8865806332;72888;2500;75388;ATM;Sukses
TRX052616;2026-03-25;1000000873;Budi Santoso;BPJS;BPJS Kesehatan;6540630225;336450;2500;338950;Teller;Sukses
TRX052703;2026-01-24;1000003544;Gina Marlina;BPJS;BPJS Kesehatan;7244983128;411471;2500;413971;EDC;Sukses
TRX052705;2026-01-31;1000001715;Eka Lestari;Internet;IndiHome;8812004454;213555;2000;215555;Internet Banking;Sukses
TRX052768;2026-03-30;1000001650;Eka Lestari;TV Kabel;First Media;5516082761;433184;2500;435684;Teller;Sukses
TRX052781;2026-03-15;1000000011;Budi Santoso;BPJS;BPJS Kesehatan;8784715856;301717;2000;303717;Mobile Banking;Sukses
TRX052806;2026-02-12;1000001129;Citra Dewi;TV Kabel;First Media;2780921881;116873;3000;119873;Teller;Sukses
TRX052886;2026-01-30;1000002799;Andi Saputra;TV Kabel;Transvision;7255780728;478974;3000;481974;EDC;Sukses
TRX052918;2026-02-25;1000002624;Eka Lestari;TV Kabel;Transvision;1721684323;96968;2000;98968;Teller;Sukses
TRX052927;2026-01-03;1000000194;Citra Dewi;Internet;Biznet;4537738022;142367;2500;144867;Internet Banking;Sukses
TRX052942;2026-02-23;1000001222;Andi Saputra;TV Kabel;Transvision;3910435346;68641;2500;71141;Teller;Sukses
TRX053041;2026-03-10;1000001060;Intan Sari;Air;PDAM;4717864218;68722;2500;71222;ATM;Sukses
TRX053098;2026-03-11;1000001824;Andi Saputra;Internet;IndiHome;3399448627;322357;2500;324857;EDC;Sukses
TRX053100;2026-03-02;1000003523;Budi Santoso;Internet;IndiHome;2205548283;69039;3000;72039;Teller;Sukses
TRX053120;2026-02-20;1000001318;Budi Santoso;TV Kabel;First Media;2483060237;107049;2500;109549;Mobile Banking;Sukses
TRX053131;2026-01-06;1000002616;Budi Santoso;TV Kabel;Transvision;3332463758;105809;2500;108309;EDC;Sukses
TRX053201;2026-02-04;1000004501;Citra Dewi;TV Kabel;Transvision;5982433433;433897;2000;435897;EDC;Sukses
TRX053221;2026-02-11;1000004631;Joko Susilo;Internet;Biznet;4118280311;119385;2500;121885;Internet Banking;Sukses
TRX053231;2026-02-07;1000003816;Hadi Wijaya;Listrik;PLN;5846765209;231685;2000;233685;ATM;Sukses
TRX053300;2026-03-30;1000002750;Budi Santoso;TV Kabel;Transvision;5303036751;484885;2000;486885;Teller;Sukses
TRX053311;2026-01-16;1000004331;Eka Lestari;Internet;Biznet;6448020402;491234;3000;494234;Internet Banking;Sukses
TRX053325;2026-03-03;1000004640;Citra Dewi;Air;PDAM;6213517586;270652;2500;273152;Internet Banking;Sukses
TRX053335;2026-03-28;1000000517;Andi Saputra;BPJS;BPJS Kesehatan;2047124265;217272;2000;219272;Mobile Banking;Sukses
TRX053340;2026-02-08;1000001382;Hadi Wijaya;BPJS;BPJS Kesehatan;9470832249;99933;2500;102433;Internet Banking;Sukses
TRX053355;2026-02-11;1000000328;Eka Lestari;BPJS;BPJS Kesehatan;6440296853;199522;2000;201522;Mobile Banking;Sukses
TRX053370;2026-03-02;1000003230;Hadi Wijaya;Internet;Biznet;2370149247;368533;2000;370533;EDC;Sukses
TRX053382;2026-01-24;1000002308;Intan Sari;TV Kabel;Transvision;3558653525;190528;2500;193028;ATM;Sukses
TRX053498;2026-01-18;1000001469;Hadi Wijaya;Listrik;PLN;4487138971;442879;2000;444879;EDC;Sukses
TRX053516;2026-01-25;1000000083;Gina Marlina;BPJS;BPJS Kesehatan;6625383092;110281;2000;112281;Mobile Banking;Sukses
TRX053559;2026-01-20;1000000309;Eka Lestari;TV Kabel;First Media;1802458525;255027;2500;257527;Mobile Banking;Sukses
TRX053574;2026-02-12;1000003082;Dedi Pratama;Internet;IndiHome;3004280111;172925;2000;174925;EDC;Sukses
TRX053621;2026-02-08;1000002265;Gina Marlina;Internet;Biznet;8747950574;358790;2500;361290;EDC;Sukses
TRX053690;2026-03-19;1000004837;Dedi Pratama;Air;PDAM;1894453872;273552;3000;276552;EDC;Sukses
TRX053693;2026-02-28;1000002576;Hadi Wijaya;TV Kabel;Transvision;3410731754;202270;3000;205270;EDC;Sukses
TRX053747;2026-01-31;1000000039;Andi Saputra;Internet;IndiHome;4823142909;217250;3000;220250;Mobile Banking;Sukses
TRX053759;2026-02-03;1000004664;Fajar Hidayat;Air;PDAM;7508571769;438564;3000;441564;EDC;Sukses
TRX053877;2026-01-07;1000002170;Fajar Hidayat;Internet;IndiHome;8127951916;336936;3000;339936;EDC;Sukses
TRX053904;2026-02-05;1000004272;Citra Dewi;Listrik;PLN;4275617501;61353;2000;63353;Mobile Banking;Sukses
TRX053926;2026-03-09;1000004295;Intan Sari;Internet;Biznet;4058741305;287024;3000;290024;ATM;Sukses
TRX053927;2026-03-22;1000003012;Intan Sari;Air;PDAM;7050974870;395858;2500;398358;ATM;Sukses
TRX053928;2026-03-17;1000003873;Citra Dewi;Listrik;PLN;7968755032;345286;2000;347286;ATM;Sukses
TRX053932;2026-01-31;1000004365;Intan Sari;Listrik;PLN;6393387995;183686;2000;185686;Internet Banking;Sukses
TRX053935;2026-01-11;1000004963;Andi Saputra;Air;PDAM;1061185114;409631;3000;412631;Teller;Sukses
TRX054051;2026-02-24;1000002857;Gina Marlina;Internet;Biznet;4929306999;148146;2500;150646;EDC;Sukses
TRX054052;2026-03-30;1000004021;Hadi Wijaya;TV Kabel;First Media;3201672448;212926;2000;214926;ATM;Sukses
TRX054054;2026-01-25;1000001908;Budi Santoso;Air;PDAM;1780571758;258992;3000;261992;Mobile Banking;Sukses
TRX054114;2026-01-02;1000001466;Citra Dewi;Air;PDAM;3233631823;369637;3000;372637;Mobile Banking;Sukses
TRX054122;2026-02-08;1000001195;Joko Susilo;TV Kabel;First Media;1634939975;108968;2500;111468;Teller;Sukses
TRX054172;2026-01-06;1000000455;Citra Dewi;Air;PDAM;1704065597;168473;2500;170973;Mobile Banking;Sukses
TRX054229;2026-03-28;1000000165;Citra Dewi;Internet;Biznet;2170785788;355398;2000;357398;EDC;Sukses
TRX054259;2026-02-19;1000002928;Andi Saputra;TV Kabel;First Media;6615325736;273670;3000;276670;Teller;Sukses
TRX054332;2026-02-17;1000003248;Intan Sari;Air;PDAM;7993501866;327327;3000;330327;Internet Banking;Sukses
TRX054367;2026-01-05;1000003386;Joko Susilo;Listrik;PLN;7312021260;69048;2000;71048;EDC;Sukses
TRX054394;2026-01-06;1000002676;Budi Santoso;Listrik;PLN;8940328881;316732;2000;318732;EDC;Sukses
TRX054403;2026-03-20;1000003161;Andi Saputra;Internet;Biznet;4156907419;257382;3000;260382;ATM;Sukses
TRX054431;2026-02-03;1000003377;Eka Lestari;BPJS;BPJS Kesehatan;6823625454;496499;2000;498499;Mobile Banking;Sukses
TRX054497;2026-03-22;1000004896;Budi Santoso;Internet;Biznet;7437174193;322081;3000;325081;Mobile Banking;Sukses
TRX054578;2026-01-17;1000000683;Citra Dewi;Internet;IndiHome;9595902907;348136;2000;350136;EDC;Sukses
TRX054586;2026-01-05;1000003848;Gina Marlina;Listrik;PLN;2105465712;383874;2500;386374;Internet Banking;Sukses
TRX054662;2026-02-12;1000003708;Intan Sari;TV Kabel;Transvision;6428271145;327663;2000;329663;Mobile Banking;Sukses
TRX054667;2026-03-07;1000004879;Gina Marlina;TV Kabel;First Media;5456910022;79573;3000;82573;Mobile Banking;Sukses
TRX054743;2026-04-01;1000003546;Budi Santoso;TV Kabel;Transvision;5514905767;160624;2500;163124;Teller;Sukses
TRX054784;2026-02-05;1000000010;Gina Marlina;BPJS;BPJS Kesehatan;9796463704;136497;3000;139497;Internet Banking;Sukses
TRX054879;2026-01-07;1000003836;Citra Dewi;BPJS;BPJS Kesehatan;5635049722;89120;2000;91120;EDC;Sukses
TRX054904;2026-02-15;1000004515;Budi Santoso;TV Kabel;First Media;3715605102;257664;2000;259664;Internet Banking;Sukses
TRX054964;2026-03-12;1000004800;Intan Sari;Internet;Biznet;2624413945;384124;2500;386624;Internet Banking;Sukses
TRX055029;2026-01-19;1000000314;Intan Sari;BPJS;BPJS Kesehatan;1200401847;345179;3000;348179;ATM;Sukses
TRX055103;2026-01-24;1000002327;Citra Dewi;Internet;Biznet;9250644235;51966;3000;54966;Mobile Banking;Sukses
TRX055146;2026-03-19;1000001517;Eka Lestari;Internet;IndiHome;1885078984;480050;2000;482050;ATM;Sukses
TRX055192;2026-03-24;1000003474;Intan Sari;Air;PDAM;8148651297;454963;3000;457963;Teller;Sukses
TRX055209;2026-02-25;1000001271;Citra Dewi;TV Kabel;Transvision;7353088369;158727;2000;160727;Internet Banking;Sukses
TRX055321;2026-02-23;1000003276;Hadi Wijaya;BPJS;BPJS Kesehatan;8304558274;253237;2500;255737;Internet Banking;Sukses
TRX055376;2026-01-16;1000004273;Dedi Pratama;BPJS;BPJS Kesehatan;3783547926;57310;2500;59810;Internet Banking;Sukses
TRX055490;2026-01-08;1000000638;Eka Lestari;Internet;IndiHome;2776050068;486709;3000;489709;EDC;Sukses
TRX055661;2026-03-26;1000000990;Hadi Wijaya;Air;PDAM;1052614364;347384;3000;350384;ATM;Sukses
TRX055685;2026-01-05;1000003818;Dedi Pratama;BPJS;BPJS Kesehatan;4010391908;449530;3000;452530;EDC;Sukses
TRX055711;2026-03-16;1000000374;Joko Susilo;Listrik;PLN;7906501858;378630;3000;381630;ATM;Sukses
TRX055822;2026-03-31;1000003945;Citra Dewi;BPJS;BPJS Kesehatan;2074867381;178044;3000;181044;Internet Banking;Sukses
TRX055854;2026-03-03;1000003784;Fajar Hidayat;TV Kabel;First Media;6552655907;192485;2500;194985;Teller;Sukses
TRX055889;2026-01-09;1000002179;Joko Susilo;TV Kabel;First Media;9689637726;351686;3000;354686;Teller;Sukses
TRX055902;2026-03-31;1000004000;Hadi Wijaya;BPJS;BPJS Kesehatan;9709797193;308189;2500;310689;EDC;Sukses
TRX055903;2026-03-03;1000004283;Gina Marlina;Internet;Biznet;8216363444;195002;2500;197502;Mobile Banking;Sukses
TRX055911;2026-01-27;1000001739;Budi Santoso;Air;PDAM;1053504511;389438;2500;391938;ATM;Sukses
TRX055950;2026-04-01;1000003876;Eka Lestari;TV Kabel;Transvision;8749957870;59167;3000;62167;ATM;Sukses
TRX055961;2026-02-09;1000000871;Hadi Wijaya;Listrik;PLN;9364900090;242913;2500;245413;ATM;Sukses
TRX056028;2026-01-21;1000002874;Intan Sari;BPJS;BPJS Kesehatan;3445485432;189276;2000;191276;EDC;Sukses
TRX056145;2026-02-27;1000000469;Andi Saputra;BPJS;BPJS Kesehatan;5941750487;428252;2000;430252;Internet Banking;Sukses
TRX056166;2026-03-21;1000003812;Hadi Wijaya;Internet;Biznet;2691020447;314720;2000;316720;Teller;Sukses
TRX056186;2026-02-23;1000004180;Andi Saputra;TV Kabel;First Media;9190555558;444475;2500;446975;EDC;Sukses
TRX056211;2026-02-24;1000002153;Eka Lestari;Air;PDAM;5064340028;278734;2500;281234;EDC;Sukses
TRX056245;2026-02-07;1000004053;Citra Dewi;BPJS;BPJS Kesehatan;9578138576;436021;2000;438021;Internet Banking;Sukses
TRX056267;2026-01-18;1000000809;Intan Sari;Internet;Biznet;2706490552;187263;3000;190263;Mobile Banking;Sukses
TRX056413;2026-03-31;1000000155;Fajar Hidayat;Air;PDAM;3369315784;364455;3000;367455;Teller;Sukses
TRX056416;2026-01-17;1000004068;Joko Susilo;TV Kabel;First Media;8330290688;164556;2000;166556;Internet Banking;Sukses
TRX056420;2026-02-05;1000000244;Gina Marlina;Air;PDAM;4979236111;184041;2000;186041;Internet Banking;Sukses
TRX056446;2026-02-28;1000003517;Citra Dewi;Air;PDAM;7629991356;152322;2500;154822;Teller;Sukses
TRX056490;2026-03-09;1000004375;Hadi Wijaya;TV Kabel;Transvision;2870121713;208025;3000;211025;Internet Banking;Sukses
TRX056595;2026-01-16;1000004736;Joko Susilo;Internet;IndiHome;7274417547;374416;3000;377416;EDC;Sukses
TRX056611;2026-01-24;1000004422;Intan Sari;Internet;IndiHome;9969443492;119077;2000;121077;EDC;Sukses
TRX056617;2026-03-26;1000002303;Andi Saputra;Listrik;PLN;5747944347;286292;2500;288792;Mobile Banking;Sukses
TRX056670;2026-03-18;1000004391;Eka Lestari;Internet;IndiHome;1987141396;455311;2000;457311;Internet Banking;Sukses
TRX056700;2026-02-16;1000004440;Citra Dewi;Internet;IndiHome;1945947195;477620;2500;480120;Mobile Banking;Sukses
TRX056703;2026-03-12;1000004148;Andi Saputra;TV Kabel;First Media;4432174694;201046;2500;203546;Teller;Sukses
TRX056711;2026-02-25;1000003365;Dedi Pratama;Air;PDAM;5650061052;323675;2000;325675;EDC;Sukses
TRX056788;2026-02-12;1000002959;Gina Marlina;Internet;Biznet;4923708466;241930;2500;244430;Internet Banking;Sukses
TRX056900;2026-02-18;1000004822;Eka Lestari;TV Kabel;First Media;8334565085;201980;3000;204980;EDC;Sukses
TRX057049;2026-01-05;1000002226;Andi Saputra;TV Kabel;Transvision;9944933342;187088;3000;190088;ATM;Sukses
TRX057070;2026-03-27;1000001195;Joko Susilo;TV Kabel;First Media;9608347776;217181;3000;220181;EDC;Sukses
TRX057228;2026-03-28;1000001576;Eka Lestari;BPJS;BPJS Kesehatan;8131771302;384002;2500;386502;Teller;Sukses
TRX057364;2026-01-02;1000000628;Budi Santoso;BPJS;BPJS Kesehatan;7477646178;205405;2000;207405;EDC;Sukses
TRX057385;2026-02-19;1000003854;Intan Sari;Internet;Biznet;4450593285;119361;2000;121361;Mobile Banking;Sukses
TRX057387;2026-02-25;1000002937;Fajar Hidayat;TV Kabel;First Media;8416647769;496730;3000;499730;Mobile Banking;Sukses
TRX057390;2026-01-10;1000004553;Eka Lestari;Internet;IndiHome;2600893640;149623;2500;152123;Internet Banking;Sukses
TRX057410;2026-02-15;1000004150;Hadi Wijaya;Air;PDAM;1727123998;361525;2000;363525;Internet Banking;Sukses
TRX057412;2026-03-19;1000000524;Andi Saputra;Listrik;PLN;4502593218;499545;3000;502545;Mobile Banking;Sukses
TRX057436;2026-01-23;1000004145;Fajar Hidayat;TV Kabel;Transvision;9786233169;250841;2500;253341;Teller;Sukses
TRX057482;2026-01-21;1000004562;Hadi Wijaya;TV Kabel;Transvision;5279175910;317861;3000;320861;ATM;Sukses
TRX057500;2026-02-21;1000000089;Hadi Wijaya;BPJS;BPJS Kesehatan;2438979937;259687;2500;262187;Internet Banking;Sukses
TRX057516;2026-03-04;1000003289;Dedi Pratama;Internet;IndiHome;7764763706;87887;2000;89887;Internet Banking;Sukses
TRX057618;2026-02-11;1000004685;Joko Susilo;Air;PDAM;2379394994;378371;3000;381371;EDC;Sukses
TRX057658;2026-02-23;1000001779;Budi Santoso;Internet;Biznet;7984858814;440461;2500;442961;ATM;Sukses
TRX057660;2026-01-09;1000003957;Fajar Hidayat;Air;PDAM;8368003587;484392;2500;486892;Internet Banking;Sukses
TRX057672;2026-01-09;1000001588;Dedi Pratama;TV Kabel;Transvision;9388716746;120270;3000;123270;ATM;Sukses
TRX057699;2026-02-18;1000002452;Andi Saputra;TV Kabel;Transvision;1873909711;332126;3000;335126;Mobile Banking;Sukses
TRX057704;2026-03-17;1000004292;Citra Dewi;Listrik;PLN;9590549947;396207;3000;399207;Internet Banking;Sukses
TRX057722;2026-01-14;1000003782;Fajar Hidayat;TV Kabel;Transvision;8516895020;233220;3000;236220;Mobile Banking;Sukses
TRX057753;2026-02-19;1000002245;Andi Saputra;Internet;IndiHome;9528222982;252222;2500;254722;Teller;Sukses
TRX057766;2026-02-27;1000001638;Gina Marlina;BPJS;BPJS Kesehatan;2823158017;145465;3000;148465;Internet Banking;Sukses
TRX057816;2026-03-08;1000002549;Hadi Wijaya;Air;PDAM;5070890176;292193;2000;294193;ATM;Sukses
TRX057838;2026-02-04;1000000423;Gina Marlina;Internet;Biznet;9416365884;474219;2500;476719;Teller;Sukses
TRX057973;2026-02-20;1000003663;Eka Lestari;Internet;IndiHome;7481972075;246670;3000;249670;Mobile Banking;Sukses
TRX057993;2026-02-01;1000002218;Andi Saputra;TV Kabel;First Media;8116742760;196034;3000;199034;Internet Banking;Sukses
TRX058056;2026-03-09;1000004666;Dedi Pratama;Listrik;PLN;3629808997;208984;2500;211484;Internet Banking;Sukses
TRX058103;2026-01-26;1000003238;Intan Sari;Air;PDAM;3845801869;172988;2000;174988;ATM;Sukses
TRX058170;2026-01-03;1000004725;Gina Marlina;TV Kabel;Transvision;7390763635;327069;3000;330069;Teller;Sukses
TRX058224;2026-03-01;1000000746;Eka Lestari;Air;PDAM;9267510993;398685;3000;401685;ATM;Sukses
TRX058265;2026-03-27;1000000517;Andi Saputra;Listrik;PLN;6709162573;139032;2500;141532;EDC;Sukses
TRX058282;2026-02-02;1000001078;Fajar Hidayat;Internet;Biznet;9008744788;482047;2500;484547;EDC;Sukses
TRX058393;2026-02-24;1000004270;Joko Susilo;Air;PDAM;2627708443;337926;2000;339926;ATM;Sukses
TRX058501;2026-01-08;1000001151;Hadi Wijaya;TV Kabel;First Media;1502322166;422242;3000;425242;Mobile Banking;Sukses
TRX058515;2026-02-24;1000001509;Eka Lestari;Air;PDAM;3003520465;397836;3000;400836;Teller;Sukses
TRX058550;2026-02-01;1000003473;Gina Marlina;Listrik;PLN;5773244649;179364;2500;181864;Mobile Banking;Sukses
TRX058571;2026-01-12;1000004220;Gina Marlina;BPJS;BPJS Kesehatan;1195935760;116902;3000;119902;EDC;Sukses
TRX058592;2026-02-01;1000004245;Citra Dewi;Internet;IndiHome;5282963178;448437;3000;451437;Internet Banking;Sukses
TRX058676;2026-01-14;1000003883;Dedi Pratama;Internet;IndiHome;6059032308;495053;2000;497053;Mobile Banking;Sukses
TRX058697;2026-03-29;1000003948;Joko Susilo;TV Kabel;Transvision;9269751937;222307;2500;224807;Internet Banking;Sukses
TRX058806;2026-03-13;1000000711;Citra Dewi;TV Kabel;Transvision;4310896000;193593;2500;196093;EDC;Sukses
TRX058857;2026-03-07;1000003653;Citra Dewi;Listrik;PLN;6147337664;389531;2000;391531;ATM;Sukses
TRX058864;2026-01-12;1000001282;Gina Marlina;TV Kabel;Transvision;4995235569;89144;2000;91144;Internet Banking;Sukses
TRX058873;2026-03-24;1000002357;Joko Susilo;Air;PDAM;2021615661;72589;2500;75089;Internet Banking;Sukses
TRX058886;2026-03-12;1000000648;Fajar Hidayat;TV Kabel;Transvision;3940548023;91481;2000;93481;Internet Banking;Sukses
TRX058909;2026-02-21;1000004615;Gina Marlina;TV Kabel;First Media;8185543084;368740;2500;371240;Internet Banking;Sukses
TRX058939;2026-03-20;1000001630;Hadi Wijaya;Listrik;PLN;4684843207;279343;2500;281843;ATM;Sukses
TRX059059;2026-01-06;1000004156;Citra Dewi;TV Kabel;Transvision;3446881108;328017;2000;330017;Teller;Sukses
TRX059063;2026-03-25;1000000968;Citra Dewi;Internet;IndiHome;1194226262;326767;2500;329267;Teller;Sukses
TRX059065;2026-03-29;1000000707;Hadi Wijaya;BPJS;BPJS Kesehatan;2793558899;396755;2500;399255;Teller;Sukses
TRX059129;2026-01-27;1000001503;Joko Susilo;TV Kabel;Transvision;5508072191;364726;2000;366726;EDC;Sukses
TRX059143;2026-01-24;1000000248;Hadi Wijaya;Internet;IndiHome;4378976665;199970;2500;202470;ATM;Sukses
TRX059334;2026-02-06;1000001582;Eka Lestari;Listrik;PLN;7638291407;311984;2000;313984;Internet Banking;Sukses
TRX059408;2026-03-03;1000003168;Budi Santoso;BPJS;BPJS Kesehatan;1708686817;111928;2000;113928;Teller;Sukses
TRX059430;2026-02-07;1000003284;Intan Sari;Air;PDAM;2231500184;127123;2000;129123;Teller;Sukses
TRX059437;2026-02-05;1000000866;Gina Marlina;Air;PDAM;3045229678;93441;2500;95941;EDC;Sukses
TRX059477;2026-01-15;1000004880;Citra Dewi;TV Kabel;First Media;6515330853;209505;3000;212505;ATM;Sukses
TRX059478;2026-01-14;1000004344;Eka Lestari;TV Kabel;Transvision;5452253823;357388;3000;360388;Mobile Banking;Sukses
TRX059493;2026-01-05;1000001836;Andi Saputra;Listrik;PLN;1003381551;359940;2000;361940;Teller;Sukses
TRX059549;2026-03-19;1000000200;Dedi Pratama;Internet;IndiHome;5722845422;201509;3000;204509;Mobile Banking;Sukses
TRX059550;2026-03-10;1000003829;Budi Santoso;Internet;Biznet;7511161282;64963;3000;67963;EDC;Sukses
TRX059607;2026-02-08;1000002185;Joko Susilo;BPJS;BPJS Kesehatan;4764922483;236289;2500;238789;EDC;Sukses
TRX059664;2026-01-07;1000003215;Eka Lestari;TV Kabel;First Media;2588609053;300572;2000;302572;Internet Banking;Sukses
TRX059676;2026-03-29;1000003923;Hadi Wijaya;Internet;Biznet;4597224205;373416;3000;376416;Internet Banking;Sukses
TRX059691;2026-01-04;1000003064;Budi Santoso;Internet;IndiHome;5488741849;227788;3000;230788;EDC;Sukses
TRX059726;2026-02-20;1000004920;Eka Lestari;BPJS;BPJS Kesehatan;7327966925;289549;3000;292549;EDC;Sukses
TRX059745;2026-02-27;1000004396;Eka Lestari;Listrik;PLN;6473548509;349406;2000;351406;ATM;Sukses
TRX059941;2026-02-12;1000002471;Hadi Wijaya;Internet;Biznet;4097876249;366775;2500;369275;Mobile Banking;Sukses
TRX059943;2026-03-09;1000000680;Hadi Wijaya;BPJS;BPJS Kesehatan;4385232258;445080;2500;447580;Mobile Banking;Sukses
TRX060001;2026-03-24;1000004865;Hadi Wijaya;Internet;Biznet;3495210619;291950;2500;294450;Teller;Sukses
TRX060003;2026-01-05;1000001295;Fajar Hidayat;TV Kabel;Transvision;8384797274;493693;3000;496693;EDC;Sukses
TRX060029;2026-02-09;1000000941;Fajar Hidayat;Internet;IndiHome;6397214768;105849;2500;108349;Mobile Banking;Sukses
TRX060053;2026-02-08;1000004784;Hadi Wijaya;BPJS;BPJS Kesehatan;6672313765;361308;3000;364308;Teller;Sukses
TRX060055;2026-01-13;1000002323;Dedi Pratama;TV Kabel;First Media;4050823797;483412;3000;486412;ATM;Sukses
TRX060083;2026-01-16;1000000412;Intan Sari;BPJS;BPJS Kesehatan;3626079787;177325;3000;180325;ATM;Sukses
TRX060114;2026-01-22;1000002452;Andi Saputra;TV Kabel;Transvision;7388218312;63124;2000;65124;ATM;Sukses
TRX060134;2026-01-12;1000004116;Citra Dewi;Internet;IndiHome;3235167562;93686;3000;96686;Mobile Banking;Sukses
TRX060152;2026-03-18;1000004851;Gina Marlina;BPJS;BPJS Kesehatan;8147720591;485945;2500;488445;ATM;Sukses
TRX060196;2026-01-16;1000004735;Fajar Hidayat;Internet;Biznet;2191972674;81911;2000;83911;Teller;Sukses
TRX060210;2026-03-14;1000001723;Andi Saputra;BPJS;BPJS Kesehatan;5699521385;78029;3000;81029;EDC;Sukses
TRX060365;2026-01-03;1000001132;Hadi Wijaya;Internet;IndiHome;7238468145;384006;2500;386506;Mobile Banking;Sukses
TRX060473;2026-02-13;1000000953;Gina Marlina;Listrik;PLN;3471299426;222852;3000;225852;ATM;Sukses
TRX060500;2026-03-19;1000001419;Intan Sari;Internet;IndiHome;4376287361;255989;2500;258489;Internet Banking;Sukses
TRX060512;2026-03-09;1000004299;Eka Lestari;Air;PDAM;3064996536;278452;2000;280452;Mobile Banking;Sukses
TRX060686;2026-03-01;1000002764;Andi Saputra;TV Kabel;Transvision;1180137646;459677;2500;462177;EDC;Sukses
TRX060710;2026-01-05;1000000611;Fajar Hidayat;TV Kabel;Transvision;8285499782;455396;3000;458396;EDC;Sukses
TRX060744;2026-03-20;1000004396;Eka Lestari;Air;PDAM;2886321119;259221;2000;261221;Internet Banking;Sukses
TRX060759;2026-03-14;1000003896;Dedi Pratama;Listrik;PLN;7070971173;105073;3000;108073;ATM;Sukses
TRX060881;2026-02-10;1000003761;Dedi Pratama;Internet;Biznet;8906012482;423986;3000;426986;Mobile Banking;Sukses
TRX060980;2026-02-17;1000001417;Budi Santoso;Air;PDAM;6261053040;126437;2500;128937;Internet Banking;Sukses
TRX061122;2026-01-03;1000004205;Citra Dewi;Air;PDAM;7467324671;138924;2000;140924;Teller;Sukses
TRX061140;2026-02-18;1000001036;Citra Dewi;Internet;Biznet;6659825316;305353;2000;307353;Mobile Banking;Sukses
TRX061151;2026-03-31;1000001036;Citra Dewi;Internet;Biznet;7868411918;293379;3000;296379;Mobile Banking;Sukses
TRX061176;2026-03-22;1000001078;Fajar Hidayat;TV Kabel;Transvision;2243426517;208439;3000;211439;Internet Banking;Sukses
TRX061200;2026-01-04;1000004730;Andi Saputra;TV Kabel;First Media;1388047831;479550;2000;481550;Mobile Banking;Sukses
TRX061205;2026-03-03;1000002517;Eka Lestari;Internet;IndiHome;4020129827;336041;2000;338041;ATM;Sukses
TRX061300;2026-01-09;1000000318;Intan Sari;TV Kabel;First Media;3097171364;275719;2500;278219;ATM;Sukses
TRX061376;2026-02-02;1000001893;Gina Marlina;Listrik;PLN;7517937779;352008;2500;354508;Mobile Banking;Sukses
TRX061420;2026-03-24;1000000480;Fajar Hidayat;Internet;IndiHome;4750218310;389317;2000;391317;Teller;Sukses
TRX061429;2026-02-24;1000003127;Budi Santoso;Internet;Biznet;1971364453;481476;2500;483976;EDC;Sukses
TRX061536;2026-03-15;1000003319;Eka Lestari;TV Kabel;Transvision;8092691483;295363;2500;297863;Internet Banking;Sukses
TRX061625;2026-02-27;1000001991;Eka Lestari;TV Kabel;Transvision;3917951630;111028;2000;113028;Internet Banking;Sukses
TRX061627;2026-01-16;1000000841;Eka Lestari;Internet;Biznet;6490678399;59443;2000;61443;Teller;Sukses
TRX061662;2026-01-25;1000002877;Joko Susilo;Listrik;PLN;1479309748;373943;3000;376943;Teller;Sukses
TRX061713;2026-01-11;1000003043;Citra Dewi;TV Kabel;Transvision;5154208522;356422;3000;359422;Internet Banking;Sukses
TRX061739;2026-02-22;1000004365;Intan Sari;TV Kabel;First Media;1646237628;302367;3000;305367;Mobile Banking;Sukses
TRX061758;2026-02-11;1000000540;Intan Sari;TV Kabel;First Media;9529318712;386546;2500;389046;EDC;Sukses
TRX061781;2026-03-19;1000003191;Citra Dewi;Internet;IndiHome;4728627690;420150;2000;422150;EDC;Sukses
TRX061784;2026-01-30;1000004402;Gina Marlina;BPJS;BPJS Kesehatan;3256776855;75486;3000;78486;ATM;Sukses
TRX061807;2026-03-24;1000003373;Dedi Pratama;Air;PDAM;7939777618;456221;2500;458721;Teller;Sukses
TRX061811;2026-02-10;1000002137;Eka Lestari;TV Kabel;First Media;8799344342;233810;3000;236810;Mobile Banking;Sukses
TRX061829;2026-03-22;1000004105;Gina Marlina;Internet;Biznet;4218045292;380413;2500;382913;Mobile Banking;Sukses
TRX061835;2026-03-10;1000001333;Budi Santoso;Air;PDAM;7820546776;498443;3000;501443;Teller;Sukses
TRX061836;2026-03-17;1000003040;Intan Sari;Internet;IndiHome;8395225777;388442;3000;391442;Mobile Banking;Sukses
TRX061857;2026-01-17;1000000714;Eka Lestari;TV Kabel;First Media;4024943017;204345;2000;206345;Teller;Sukses
TRX061922;2026-03-28;1000004119;Hadi Wijaya;Internet;IndiHome;4703176048;368661;2500;371161;Mobile Banking;Sukses
TRX061933;2026-01-13;1000003915;Joko Susilo;Internet;IndiHome;4307044249;407239;3000;410239;Internet Banking;Sukses
TRX062043;2026-03-20;1000000943;Intan Sari;BPJS;BPJS Kesehatan;8172327537;153388;2500;155888;ATM;Sukses
TRX062049;2026-01-10;1000000904;Eka Lestari;TV Kabel;Transvision;1214964018;448471;3000;451471;Teller;Sukses
TRX062058;2026-02-01;1000002473;Gina Marlina;BPJS;BPJS Kesehatan;1785970843;405442;2500;407942;ATM;Sukses
TRX062164;2026-01-16;1000000184;Dedi Pratama;Air;PDAM;6086819295;120595;2500;123095;Teller;Sukses
TRX062202;2026-02-26;1000004482;Intan Sari;Listrik;PLN;6170744610;183293;2000;185293;EDC;Sukses
TRX062247;2026-02-20;1000000871;Hadi Wijaya;Internet;Biznet;1181021062;486574;2000;488574;EDC;Sukses
TRX062265;2026-01-09;1000001070;Joko Susilo;TV Kabel;First Media;7478464869;91826;2500;94326;Teller;Sukses
TRX062287;2026-02-04;1000001793;Joko Susilo;Internet;Biznet;1838031737;152754;2000;154754;Internet Banking;Sukses
TRX062312;2026-01-26;1000000604;Fajar Hidayat;Internet;IndiHome;3703736684;122831;3000;125831;ATM;Sukses
TRX062318;2026-01-25;1000000977;Hadi Wijaya;Listrik;PLN;6431184533;451037;2500;453537;Mobile Banking;Sukses
TRX062334;2026-03-22;1000003708;Intan Sari;Internet;Biznet;5699831114;389272;2000;391272;Mobile Banking;Sukses
TRX062351;2026-03-29;1000004787;Intan Sari;TV Kabel;First Media;4355469293;247099;3000;250099;Mobile Banking;Sukses
TRX062379;2026-01-02;1000002210;Citra Dewi;Internet;IndiHome;8507075612;366589;3000;369589;EDC;Sukses
TRX062419;2026-02-22;1000003588;Eka Lestari;Listrik;PLN;1593766341;393632;2000;395632;EDC;Sukses
TRX062451;2026-02-28;1000003665;Hadi Wijaya;Internet;IndiHome;7744848624;119012;2000;121012;Internet Banking;Sukses
TRX062484;2026-02-05;1000001217;Citra Dewi;TV Kabel;Transvision;8267406208;269252;2000;271252;Mobile Banking;Sukses
TRX062519;2026-02-16;1000002291;Hadi Wijaya;Internet;Biznet;8237455138;184849;2000;186849;EDC;Sukses
TRX062580;2026-03-06;1000003206;Budi Santoso;Internet;IndiHome;2243302297;487877;2500;490377;Teller;Sukses
TRX062615;2026-04-01;1000002468;Joko Susilo;Air;PDAM;2335256594;397652;3000;400652;Teller;Sukses
TRX062762;2026-01-30;1000001951;Fajar Hidayat;BPJS;BPJS Kesehatan;1189184133;212638;3000;215638;Internet Banking;Sukses
TRX062808;2026-02-14;1000004461;Intan Sari;Internet;IndiHome;8231483157;173503;2500;176003;Mobile Banking;Sukses
TRX062889;2026-02-08;1000002521;Budi Santoso;Air;PDAM;3728992936;469605;2500;472105;EDC;Sukses
TRX063053;2026-02-22;1000002976;Gina Marlina;Internet;IndiHome;8079609126;493493;2000;495493;EDC;Sukses
TRX063150;2026-02-13;1000000009;Andi Saputra;TV Kabel;Transvision;9419401597;148396;2500;150896;Mobile Banking;Sukses
TRX063358;2026-03-29;1000003433;Andi Saputra;TV Kabel;Transvision;3748206847;78190;2500;80690;EDC;Sukses
TRX063398;2026-02-15;1000003445;Budi Santoso;Air;PDAM;7541296340;181487;3000;184487;Mobile Banking;Sukses
TRX063435;2026-03-02;1000001164;Joko Susilo;TV Kabel;Transvision;4880735765;254516;3000;257516;Internet Banking;Sukses
TRX063539;2026-03-22;1000001533;Joko Susilo;Internet;Biznet;2974927673;273120;2000;275120;ATM;Sukses
TRX063603;2026-03-13;1000003179;Gina Marlina;BPJS;BPJS Kesehatan;1663629172;360143;2000;362143;ATM;Sukses
TRX063664;2026-02-07;1000004723;Gina Marlina;Internet;IndiHome;7437682449;463464;2500;465964;EDC;Sukses
TRX063776;2026-01-09;1000000962;Hadi Wijaya;Internet;IndiHome;7591538079;407581;2500;410081;Mobile Banking;Sukses
TRX063793;2026-02-25;1000000527;Joko Susilo;Listrik;PLN;8119700615;236725;3000;239725;Teller;Sukses
TRX063823;2026-02-06;1000003032;Fajar Hidayat;TV Kabel;First Media;9975198637;244200;2000;246200;Teller;Sukses
TRX063924;2026-02-08;1000003568;Hadi Wijaya;Listrik;PLN;4195233575;150533;3000;153533;EDC;Sukses
TRX063951;2026-04-01;1000002960;Fajar Hidayat;Air;PDAM;8173465554;368795;2500;371295;Internet Banking;Sukses
TRX064038;2026-03-08;1000001389;Joko Susilo;Air;PDAM;6653825422;494618;2500;497118;Teller;Sukses
TRX064048;2026-02-03;1000002994;Citra Dewi;TV Kabel;Transvision;3262180957;327914;2500;330414;Mobile Banking;Sukses
TRX064208;2026-01-19;1000000111;Intan Sari;Internet;Biznet;4028169103;105648;3000;108648;Teller;Sukses
TRX064256;2026-03-16;1000001343;Hadi Wijaya;Air;PDAM;3368894101;310790;3000;313790;Mobile Banking;Sukses
TRX064261;2026-02-15;1000003445;Budi Santoso;BPJS;BPJS Kesehatan;3601621206;348285;2000;350285;Internet Banking;Sukses
TRX064296;2026-02-06;1000003986;Budi Santoso;Internet;IndiHome;9353921515;378496;2000;380496;EDC;Sukses
TRX064311;2026-01-31;1000000612;Citra Dewi;BPJS;BPJS Kesehatan;6231285120;263109;2500;265609;Internet Banking;Sukses
TRX064390;2026-03-11;1000003401;Dedi Pratama;TV Kabel;First Media;4279405977;213463;3000;216463;EDC;Sukses
TRX064407;2026-03-12;1000001307;Andi Saputra;BPJS;BPJS Kesehatan;4039454062;99938;3000;102938;Mobile Banking;Sukses
TRX064415;2026-02-02;1000004615;Gina Marlina;Internet;Biznet;6165706513;376646;2500;379146;Mobile Banking;Sukses
TRX064449;2026-01-09;1000001301;Fajar Hidayat;Internet;Biznet;3541651645;489546;2500;492046;Internet Banking;Sukses
TRX064469;2026-01-09;1000003525;Gina Marlina;TV Kabel;First Media;9222227170;375234;2500;377734;ATM;Sukses
TRX064474;2026-01-09;1000003996;Dedi Pratama;Air;PDAM;3113370633;261341;2500;263841;EDC;Sukses
TRX064507;2026-02-07;1000004721;Budi Santoso;Internet;IndiHome;2363894152;311819;2000;313819;Mobile Banking;Sukses
TRX064554;2026-01-03;1000004559;Budi Santoso;TV Kabel;First Media;5968691889;110807;3000;113807;Internet Banking;Sukses
TRX064560;2026-01-25;1000003815;Citra Dewi;TV Kabel;First Media;4364289770;326574;3000;329574;Mobile Banking;Sukses
TRX064676;2026-01-27;1000003276;Hadi Wijaya;TV Kabel;Transvision;6219948034;282233;2500;284733;Mobile Banking;Sukses
TRX064678;2026-01-19;1000000526;Citra Dewi;Internet;Biznet;8312483976;463413;2000;465413;ATM;Sukses
TRX064789;2026-01-19;1000001106;Eka Lestari;Internet;Biznet;5059453261;109743;2000;111743;Teller;Sukses
TRX064895;2026-02-27;1000000740;Intan Sari;TV Kabel;Transvision;2034064089;319379;2000;321379;Teller;Sukses
TRX064998;2026-02-04;1000001801;Gina Marlina;BPJS;BPJS Kesehatan;1949902852;301046;2000;303046;EDC;Sukses
TRX065040;2026-03-28;1000002441;Joko Susilo;TV Kabel;First Media;7297264095;432505;2000;434505;ATM;Sukses
TRX065041;2026-02-28;1000004267;Hadi Wijaya;Internet;IndiHome;1857665152;160624;3000;163624;ATM;Sukses
TRX065045;2026-03-23;1000004447;Joko Susilo;Internet;Biznet;8012613592;345586;3000;348586;ATM;Sukses
TRX065098;2026-03-21;1000003572;Intan Sari;TV Kabel;First Media;8157223194;75431;2500;77931;ATM;Sukses
TRX065142;2026-01-15;1000003288;Intan Sari;Internet;IndiHome;1998529706;95090;2500;97590;Internet Banking;Sukses
TRX065205;2026-02-01;1000002958;Eka Lestari;BPJS;BPJS Kesehatan;6156916275;104104;2500;106604;Mobile Banking;Sukses
TRX065248;2026-03-24;1000002969;Citra Dewi;Air;PDAM;8263285979;283428;2000;285428;Mobile Banking;Sukses
TRX065276;2026-02-16;1000004666;Dedi Pratama;TV Kabel;First Media;1651458680;197766;3000;200766;Mobile Banking;Sukses
TRX065331;2026-03-07;1000000963;Dedi Pratama;Listrik;PLN;6797777088;148421;2500;150921;Internet Banking;Sukses
TRX065353;2026-01-16;1000002057;Eka Lestari;Air;PDAM;9156454204;300620;2500;303120;Mobile Banking;Sukses
TRX065363;2026-01-20;1000000163;Hadi Wijaya;Internet;IndiHome;6040787688;151431;2000;153431;ATM;Sukses
TRX065373;2026-04-01;1000003070;Budi Santoso;TV Kabel;Transvision;7891713775;246271;3000;249271;EDC;Sukses
TRX065389;2026-02-08;1000004504;Joko Susilo;TV Kabel;Transvision;3903258681;429405;2000;431405;Internet Banking;Sukses
TRX065396;2026-03-02;1000000799;Joko Susilo;Listrik;PLN;3372960628;163709;2500;166209;Teller;Sukses
TRX065399;2026-01-24;1000002901;Budi Santoso;Air;PDAM;9463240746;470763;3000;473763;Teller;Sukses
TRX065405;2026-03-12;1000001936;Hadi Wijaya;TV Kabel;Transvision;6543978960;188153;2500;190653;Internet Banking;Sukses
TRX065410;2026-03-12;1000000900;Fajar Hidayat;Internet;Biznet;9306785641;185380;2000;187380;EDC;Sukses
TRX065427;2026-01-07;1000000064;Eka Lestari;Internet;IndiHome;9182460616;464776;3000;467776;Teller;Sukses
TRX065430;2026-03-18;1000004209;Intan Sari;TV Kabel;Transvision;5320693471;96679;2000;98679;ATM;Sukses
TRX065443;2026-03-24;1000001444;Andi Saputra;BPJS;BPJS Kesehatan;1849721254;274340;3000;277340;Internet Banking;Sukses
TRX065448;2026-03-11;1000002498;Joko Susilo;TV Kabel;Transvision;9536039723;391390;2000;393390;Internet Banking;Sukses
TRX065474;2026-03-10;1000000348;Intan Sari;Air;PDAM;8594728203;244610;2500;247110;ATM;Sukses
TRX065498;2026-01-09;1000004096;Budi Santoso;Air;PDAM;8023581200;310692;3000;313692;Mobile Banking;Sukses
TRX065508;2026-01-31;1000002775;Eka Lestari;Air;PDAM;3349981023;163121;2000;165121;EDC;Sukses
TRX065594;2026-02-02;1000000384;Gina Marlina;TV Kabel;First Media;7243460811;349596;2000;351596;Internet Banking;Sukses
TRX065608;2026-03-20;1000001458;Andi Saputra;TV Kabel;Transvision;7228443685;420538;2500;423038;Internet Banking;Sukses
TRX065617;2026-03-07;1000003153;Gina Marlina;Listrik;PLN;7300513673;239297;3000;242297;ATM;Sukses
TRX065664;2026-02-18;1000004511;Andi Saputra;BPJS;BPJS Kesehatan;6976909671;484279;2500;486779;Mobile Banking;Sukses
TRX065735;2026-02-03;1000003334;Joko Susilo;Air;PDAM;1235744807;375237;2500;377737;EDC;Sukses
TRX065738;2026-01-10;1000002112;Gina Marlina;Listrik;PLN;4887421297;251429;3000;254429;EDC;Sukses
TRX065758;2026-04-01;1000000817;Eka Lestari;Air;PDAM;8942496904;131277;2500;133777;EDC;Sukses
TRX065809;2026-01-22;1000002199;Joko Susilo;Air;PDAM;7283883059;415197;2000;417197;Mobile Banking;Sukses
TRX065845;2026-01-26;1000002884;Gina Marlina;BPJS;BPJS Kesehatan;8872200140;96753;3000;99753;Teller;Sukses
TRX065850;2026-03-07;1000000469;Andi Saputra;Internet;Biznet;2196994720;337904;2000;339904;ATM;Sukses
TRX065864;2026-03-10;1000004534;Gina Marlina;Internet;Biznet;6367241619;297117;2500;299617;EDC;Sukses
TRX065910;2026-02-10;1000004201;Dedi Pratama;Air;PDAM;9585988188;250671;2500;253171;Mobile Banking;Sukses
TRX065945;2026-01-04;1000002780;Hadi Wijaya;Air;PDAM;7010921624;99053;3000;102053;EDC;Sukses
TRX065973;2026-02-04;1000002621;Hadi Wijaya;Internet;IndiHome;4693650250;417114;2000;419114;Mobile Banking;Sukses
TRX066013;2026-01-27;1000003070;Budi Santoso;Internet;Biznet;2618117157;235671;2500;238171;Teller;Sukses
TRX066042;2026-02-12;1000003852;Hadi Wijaya;TV Kabel;Transvision;1002024703;381116;3000;384116;ATM;Sukses
TRX066089;2026-01-08;1000004074;Citra Dewi;BPJS;BPJS Kesehatan;4907415903;449142;2500;451642;Teller;Sukses
TRX066110;2026-01-21;1000000568;Budi Santoso;Internet;Biznet;5121446718;490884;2000;492884;ATM;Sukses
TRX066177;2026-01-29;1000002906;Intan Sari;Internet;Biznet;7312987352;413119;2500;415619;ATM;Sukses
TRX066211;2026-03-24;1000001607;Eka Lestari;BPJS;BPJS Kesehatan;8260621093;483323;2500;485823;Mobile Banking;Sukses
TRX066219;2026-02-02;1000000914;Intan Sari;Internet;IndiHome;1014088924;143044;3000;146044;Mobile Banking;Sukses
TRX066245;2026-01-09;1000001990;Eka Lestari;Air;PDAM;7660111017;491047;2500;493547;Mobile Banking;Sukses
TRX066295;2026-03-27;1000004973;Citra Dewi;Internet;Biznet;2088939029;114629;3000;117629;Internet Banking;Sukses
TRX066312;2026-01-05;1000004499;Fajar Hidayat;Internet;IndiHome;6402683767;322569;2000;324569;EDC;Sukses
TRX066326;2026-03-12;1000000661;Eka Lestari;TV Kabel;Transvision;2430750532;431880;2500;434380;Teller;Sukses
TRX066375;2026-01-03;1000000813;Gina Marlina;Listrik;PLN;2218929003;337135;3000;340135;Internet Banking;Sukses
TRX066401;2026-03-15;1000001297;Intan Sari;TV Kabel;First Media;3869862851;143157;2500;145657;Mobile Banking;Sukses
TRX066436;2026-01-21;1000001873;Gina Marlina;TV Kabel;Transvision;8223231793;418648;2000;420648;ATM;Sukses
TRX066473;2026-03-26;1000000980;Hadi Wijaya;Internet;Biznet;3874537558;207853;2500;210353;ATM;Sukses
TRX066529;2026-03-17;1000001446;Intan Sari;TV Kabel;Transvision;5368615183;76019;2500;78519;ATM;Sukses
TRX066634;2026-03-30;1000003940;Dedi Pratama;TV Kabel;Transvision;6061264161;262869;2500;265369;Internet Banking;Sukses
TRX066825;2026-01-24;1000004205;Citra Dewi;BPJS;BPJS Kesehatan;3092917061;456886;2000;458886;Teller;Sukses
TRX066939;2026-02-03;1000003698;Intan Sari;TV Kabel;Transvision;9625960105;317715;2000;319715;Internet Banking;Sukses
TRX066947;2026-01-24;1000003494;Dedi Pratama;TV Kabel;First Media;8338878924;444496;3000;447496;Mobile Banking;Sukses
TRX066983;2026-02-20;1000003709;Dedi Pratama;Internet;IndiHome;3401984618;239207;2000;241207;Mobile Banking;Sukses
TRX066990;2026-03-17;1000003152;Joko Susilo;TV Kabel;First Media;5130824820;452638;2500;455138;Internet Banking;Sukses
TRX066991;2026-02-28;1000002229;Joko Susilo;Listrik;PLN;5104752274;150538;3000;153538;Internet Banking;Sukses
TRX067141;2026-02-04;1000002283;Eka Lestari;TV Kabel;Transvision;8312524284;314296;2500;316796;Mobile Banking;Sukses
TRX067247;2026-03-19;1000004784;Hadi Wijaya;TV Kabel;Transvision;6102412686;323091;3000;326091;Mobile Banking;Sukses
TRX067303;2026-01-06;1000001992;Intan Sari;Internet;IndiHome;2967956716;288068;3000;291068;EDC;Sukses
TRX067342;2026-03-06;1000000136;Joko Susilo;Internet;Biznet;8906898237;236116;2000;238116;ATM;Sukses
TRX067349;2026-02-28;1000003916;Dedi Pratama;BPJS;BPJS Kesehatan;7201515323;176704;2000;178704;Mobile Banking;Sukses
TRX067351;2026-04-01;1000000455;Citra Dewi;Internet;IndiHome;8833585256;292471;2500;294971;Internet Banking;Sukses
TRX067405;2026-01-11;1000004286;Budi Santoso;TV Kabel;First Media;6012930548;300083;3000;303083;Internet Banking;Sukses
TRX067414;2026-01-19;1000003226;Citra Dewi;Internet;Biznet;1554942775;340739;2500;343239;Mobile Banking;Sukses
TRX067554;2026-01-05;1000004241;Dedi Pratama;Listrik;PLN;5628989193;220360;2000;222360;Teller;Sukses
TRX067556;2026-01-30;1000000398;Citra Dewi;BPJS;BPJS Kesehatan;3464715027;124496;2500;126996;Teller;Sukses
TRX067590;2026-01-24;1000000849;Eka Lestari;Internet;IndiHome;7297223061;394708;2500;397208;Mobile Banking;Sukses
TRX067621;2026-02-02;1000001887;Dedi Pratama;BPJS;BPJS Kesehatan;6391279419;105609;3000;108609;ATM;Sukses
TRX067623;2026-02-01;1000002186;Eka Lestari;BPJS;BPJS Kesehatan;7308451521;379947;3000;382947;Internet Banking;Sukses
TRX067677;2026-01-29;1000001059;Eka Lestari;BPJS;BPJS Kesehatan;6897313245;141754;2500;144254;Mobile Banking;Sukses
TRX067689;2026-02-15;1000003910;Dedi Pratama;TV Kabel;First Media;8862997488;381111;2500;383611;EDC;Sukses
TRX067711;2026-02-01;1000001417;Budi Santoso;Listrik;PLN;1757403996;464124;3000;467124;ATM;Sukses
TRX067717;2026-02-22;1000000601;Gina Marlina;Internet;IndiHome;6162883414;143244;2000;145244;Mobile Banking;Sukses
TRX067756;2026-03-30;1000003918;Eka Lestari;Internet;Biznet;8323477708;389806;3000;392806;Teller;Sukses
TRX067768;2026-01-28;1000004406;Budi Santoso;Air;PDAM;8860209906;411390;3000;414390;Internet Banking;Sukses
TRX067775;2026-02-13;1000000035;Intan Sari;TV Kabel;First Media;6254446804;290525;2000;292525;Mobile Banking;Sukses
TRX067829;2026-03-31;1000004728;Hadi Wijaya;TV Kabel;Transvision;2860741648;178904;3000;181904;Teller;Sukses
TRX067902;2026-01-14;1000004798;Budi Santoso;Air;PDAM;3742136298;435770;2500;438270;ATM;Sukses
TRX067954;2026-01-06;1000001326;Budi Santoso;Internet;Biznet;1791008221;226657;2000;228657;ATM;Sukses
TRX068033;2026-03-28;1000003540;Intan Sari;TV Kabel;Transvision;4674037719;298158;2000;300158;ATM;Sukses
TRX068055;2026-02-06;1000000251;Gina Marlina;TV Kabel;Transvision;5640814160;92633;2000;94633;Mobile Banking;Sukses
TRX068075;2026-02-20;1000002328;Hadi Wijaya;Internet;IndiHome;1703937043;411345;3000;414345;ATM;Sukses
TRX068103;2026-01-18;1000002798;Eka Lestari;BPJS;BPJS Kesehatan;2752438181;439704;2500;442204;ATM;Sukses
TRX068107;2026-02-16;1000001116;Dedi Pratama;Internet;Biznet;2403526732;105920;2000;107920;EDC;Sukses
TRX068184;2026-01-10;1000004862;Citra Dewi;Internet;IndiHome;4017052836;376570;2000;378570;Teller;Sukses
TRX068278;2026-01-07;1000002691;Citra Dewi;Air;PDAM;6011610278;219294;2000;221294;Internet Banking;Sukses
TRX068303;2026-02-10;1000003566;Intan Sari;BPJS;BPJS Kesehatan;8801220392;116946;2500;119446;Mobile Banking;Sukses
TRX068314;2026-01-24;1000002566;Andi Saputra;Internet;Biznet;1244417903;443766;2500;446266;Mobile Banking;Sukses
TRX068388;2026-02-18;1000002783;Intan Sari;BPJS;BPJS Kesehatan;7988559312;406983;2500;409483;EDC;Sukses
TRX068398;2026-01-28;1000004682;Intan Sari;Internet;IndiHome;7808561500;345997;2500;348497;Internet Banking;Sukses
TRX068401;2026-01-24;1000003469;Dedi Pratama;TV Kabel;Transvision;2951560889;148641;3000;151641;Mobile Banking;Sukses
TRX068412;2026-02-27;1000000624;Intan Sari;TV Kabel;First Media;2868716867;483051;3000;486051;Teller;Sukses
TRX068459;2026-02-07;1000004439;Gina Marlina;TV Kabel;First Media;1713643361;102967;3000;105967;Teller;Sukses
TRX068523;2026-03-12;1000004033;Citra Dewi;TV Kabel;Transvision;4728008582;287278;2000;289278;Mobile Banking;Sukses
TRX068545;2026-02-04;1000000738;Hadi Wijaya;TV Kabel;Transvision;4379693614;79997;2500;82497;Mobile Banking;Sukses
TRX068589;2026-03-08;1000003601;Dedi Pratama;Internet;Biznet;2651751852;79519;2000;81519;EDC;Sukses
TRX068601;2026-02-12;1000000453;Hadi Wijaya;Listrik;PLN;1607767993;478368;2500;480868;Teller;Sukses
TRX068656;2026-02-08;1000002399;Andi Saputra;TV Kabel;Transvision;8285278565;320789;3000;323789;EDC;Sukses
TRX068670;2026-01-25;1000002441;Joko Susilo;Listrik;PLN;9721892363;192370;2000;194370;EDC;Sukses
TRX068743;2026-02-18;1000001830;Citra Dewi;Air;PDAM;6775388059;247908;2500;250408;Teller;Sukses
TRX068889;2026-02-20;1000004276;Joko Susilo;BPJS;BPJS Kesehatan;8974421421;179315;2500;181815;ATM;Sukses
TRX068939;2026-03-27;1000004914;Hadi Wijaya;TV Kabel;Transvision;6743898194;230121;3000;233121;ATM;Sukses
TRX068962;2026-01-14;1000000600;Eka Lestari;Internet;Biznet;4533084508;365252;2000;367252;ATM;Sukses
TRX069009;2026-01-08;1000001364;Budi Santoso;TV Kabel;Transvision;4943644497;181641;3000;184641;ATM;Sukses
TRX069026;2026-01-29;1000001194;Eka Lestari;Internet;Biznet;6186798551;199646;2500;202146;EDC;Sukses
TRX069028;2026-03-09;1000003914;Dedi Pratama;TV Kabel;First Media;9234575781;261291;2000;263291;Mobile Banking;Sukses
TRX069029;2026-01-24;1000003092;Hadi Wijaya;BPJS;BPJS Kesehatan;8923978316;259637;3000;262637;Internet Banking;Sukses
TRX069038;2026-02-06;1000004303;Gina Marlina;TV Kabel;First Media;4031270363;107744;2000;109744;Internet Banking;Sukses
TRX069039;2026-01-11;1000003071;Dedi Pratama;TV Kabel;First Media;7812141066;228698;2000;230698;Mobile Banking;Sukses
TRX069056;2026-03-28;1000004174;Dedi Pratama;Internet;IndiHome;2802487157;473562;3000;476562;Teller;Sukses
TRX069086;2026-01-02;1000004824;Andi Saputra;BPJS;BPJS Kesehatan;7820568965;413486;2500;415986;EDC;Sukses
TRX069106;2026-01-30;1000000880;Fajar Hidayat;Listrik;PLN;8857869838;84971;2500;87471;Teller;Sukses
TRX069107;2026-02-25;1000000338;Andi Saputra;TV Kabel;Transvision;9458346577;259625;2000;261625;Mobile Banking;Sukses
TRX069162;2026-02-16;1000002578;Hadi Wijaya;BPJS;BPJS Kesehatan;8790751257;438130;2500;440630;ATM;Sukses
TRX069234;2026-03-17;1000000304;Joko Susilo;TV Kabel;First Media;5823959684;484289;2000;486289;Mobile Banking;Sukses
TRX069270;2026-02-17;1000004483;Eka Lestari;Internet;Biznet;1715510911;294181;2000;296181;Teller;Sukses
TRX069402;2026-03-31;1000001029;Eka Lestari;TV Kabel;Transvision;7432012899;120759;3000;123759;EDC;Sukses
TRX069440;2026-03-13;1000003350;Eka Lestari;TV Kabel;Transvision;3916060609;272817;3000;275817;EDC;Sukses
TRX069472;2026-01-27;1000003483;Dedi Pratama;TV Kabel;First Media;2317497324;176837;2500;179337;Internet Banking;Sukses
TRX069487;2026-02-07;1000002663;Budi Santoso;TV Kabel;Transvision;4108461912;147173;2500;149673;EDC;Sukses
TRX069492;2026-01-24;1000004614;Joko Susilo;TV Kabel;First Media;9923636195;442028;2000;444028;Mobile Banking;Sukses
TRX069532;2026-01-30;1000001929;Eka Lestari;TV Kabel;First Media;1022076056;55528;2000;57528;Teller;Sukses
TRX069537;2026-03-04;1000004086;Joko Susilo;Air;PDAM;5086862657;250672;2000;252672;EDC;Sukses
TRX069572;2026-01-31;1000004418;Budi Santoso;Internet;Biznet;5929275273;485647;2000;487647;EDC;Sukses
TRX069576;2026-01-17;1000003808;Dedi Pratama;Internet;Biznet;7161148552;388409;3000;391409;Mobile Banking;Sukses
TRX069733;2026-02-27;1000003096;Intan Sari;Listrik;PLN;2952367689;286931;2500;289431;Teller;Sukses
TRX069778;2026-01-09;1000001735;Andi Saputra;Internet;IndiHome;9627289051;203541;3000;206541;EDC;Sukses
TRX069812;2026-02-02;1000002748;Gina Marlina;Air;PDAM;4977949836;371390;3000;374390;ATM;Sukses
TRX069821;2026-02-04;1000002436;Eka Lestari;Listrik;PLN;6024456571;258850;3000;261850;Mobile Banking;Sukses
TRX069971;2026-03-14;1000002086;Fajar Hidayat;Internet;IndiHome;4896493668;284575;2500;287075;Mobile Banking;Sukses
TRX069989;2026-03-20;1000002808;Budi Santoso;TV Kabel;Transvision;5287388103;189906;2500;192406;ATM;Sukses
TRX069995;2026-01-27;1000000989;Gina Marlina;Internet;Biznet;6699741589;480407;2000;482407;Internet Banking;Sukses
TRX069996;2026-01-29;1000001799;Fajar Hidayat;Internet;IndiHome;7078443291;370857;3000;373857;ATM;Sukses
TRX070025;2026-01-05;1000004529;Andi Saputra;Air;PDAM;9601243596;229652;3000;232652;Teller;Sukses
TRX070026;2026-02-12;1000001071;Eka Lestari;Internet;IndiHome;4328609977;467790;2000;469790;Teller;Sukses
TRX070027;2026-01-01;1000001567;Eka Lestari;Air;PDAM;8711234131;354956;2500;357456;Teller;Sukses
TRX070036;2026-02-15;1000004638;Fajar Hidayat;Air;PDAM;6420795919;299484;2500;301984;EDC;Sukses
TRX070037;2026-01-13;1000003231;Budi Santoso;Internet;Biznet;6394600039;87134;2000;89134;Teller;Sukses
TRX070052;2026-01-26;1000000624;Intan Sari;Air;PDAM;9579812778;323620;2500;326120;EDC;Sukses
TRX070104;2026-03-11;1000000939;Citra Dewi;TV Kabel;Transvision;2877281469;151783;2500;154283;Teller;Sukses
TRX070134;2026-02-25;1000004418;Budi Santoso;TV Kabel;First Media;3582227747;51509;3000;54509;Internet Banking;Sukses
TRX070141;2026-02-17;1000001963;Eka Lestari;TV Kabel;Transvision;4391600283;229505;3000;232505;Teller;Sukses
TRX070147;2026-03-02;1000003113;Intan Sari;Internet;IndiHome;4702436547;164767;3000;167767;EDC;Sukses
TRX070197;2026-02-05;1000003720;Intan Sari;Listrik;PLN;5986041032;293422;3000;296422;Teller;Sukses
TRX070233;2026-01-23;1000002395;Andi Saputra;Internet;IndiHome;1865932652;434275;2000;436275;ATM;Sukses
TRX070236;2026-03-06;1000004873;Andi Saputra;Internet;IndiHome;5260017690;330173;3000;333173;Internet Banking;Sukses
TRX070303;2026-01-19;1000001123;Joko Susilo;TV Kabel;First Media;6543192818;238191;2000;240191;Mobile Banking;Sukses
TRX070358;2026-01-21;1000004873;Andi Saputra;BPJS;BPJS Kesehatan;2576789154;262963;3000;265963;EDC;Sukses
TRX070385;2026-02-16;1000000260;Intan Sari;TV Kabel;Transvision;7160570077;368764;3000;371764;Teller;Sukses
TRX070427;2026-03-31;1000004714;Gina Marlina;Air;PDAM;7077998023;367396;2000;369396;Mobile Banking;Sukses
TRX070505;2026-02-12;1000002130;Budi Santoso;TV Kabel;Transvision;4765458501;171846;3000;174846;EDC;Sukses
TRX070514;2026-03-02;1000003222;Hadi Wijaya;TV Kabel;Transvision;5388538429;220101;2000;222101;Internet Banking;Sukses
TRX070568;2026-02-13;1000001754;Joko Susilo;Air;PDAM;6259982019;316116;2000;318116;Internet Banking;Sukses
TRX070580;2026-01-05;1000001853;Eka Lestari;Listrik;PLN;5810682422;245830;3000;248830;EDC;Sukses
TRX070584;2026-03-24;1000000246;Eka Lestari;Internet;IndiHome;8937139076;131940;3000;134940;Mobile Banking;Sukses
TRX070588;2026-03-01;1000001400;Budi Santoso;TV Kabel;Transvision;5853747581;430062;2500;432562;Internet Banking;Sukses
TRX070620;2026-02-05;1000002101;Hadi Wijaya;TV Kabel;First Media;5460435300;124366;2500;126866;Internet Banking;Sukses
TRX070683;2026-03-26;1000003019;Gina Marlina;BPJS;BPJS Kesehatan;7014857770;422520;3000;425520;Internet Banking;Sukses
TRX070694;2026-01-05;1000001504;Andi Saputra;Listrik;PLN;4340152113;61194;3000;64194;Teller;Sukses
TRX070699;2026-02-28;1000001200;Dedi Pratama;TV Kabel;Transvision;6977915004;100743;2000;102743;ATM;Sukses
TRX070770;2026-02-24;1000001200;Dedi Pratama;Internet;Biznet;1588754720;94894;2000;96894;ATM;Sukses
TRX070891;2026-03-06;1000002214;Citra Dewi;Internet;IndiHome;2233110240;66255;2000;68255;Teller;Sukses
TRX070897;2026-02-22;1000002269;Citra Dewi;TV Kabel;First Media;1503371192;434380;3000;437380;Teller;Sukses
TRX070901;2026-02-28;1000000400;Andi Saputra;TV Kabel;First Media;6663124606;451378;2000;453378;EDC;Sukses
TRX070946;2026-03-18;1000002423;Gina Marlina;TV Kabel;Transvision;9243576040;277069;2500;279569;EDC;Sukses
TRX070956;2026-03-16;1000000606;Eka Lestari;TV Kabel;First Media;8011949087;307357;2000;309357;Teller;Sukses
TRX070970;2026-01-07;1000001862;Intan Sari;Internet;Biznet;7581762632;350435;2000;352435;EDC;Sukses
TRX071005;2026-02-17;1000004252;Citra Dewi;BPJS;BPJS Kesehatan;6309581469;447872;2000;449872;EDC;Sukses
TRX071050;2026-01-07;1000004999;Joko Susilo;TV Kabel;First Media;6073706015;144922;2500;147422;Internet Banking;Sukses
TRX071068;2026-02-01;1000002270;Budi Santoso;Air;PDAM;9330240467;252261;2500;254761;Internet Banking;Sukses
TRX071070;2026-03-01;1000000949;Andi Saputra;BPJS;BPJS Kesehatan;3812767316;52861;2000;54861;Internet Banking;Sukses
TRX071085;2026-02-20;1000001803;Joko Susilo;Listrik;PLN;2256230431;208216;2000;210216;EDC;Sukses
TRX071104;2026-01-04;1000004021;Hadi Wijaya;BPJS;BPJS Kesehatan;2416684069;274096;2000;276096;EDC;Sukses
TRX071146;2026-03-24;1000003685;Joko Susilo;Listrik;PLN;7532475806;462470;3000;465470;Teller;Sukses
TRX071163;2026-03-02;1000002174;Intan Sari;TV Kabel;First Media;4457460952;190092;2000;192092;Teller;Sukses
TRX071185;2026-02-14;1000003787;Dedi Pratama;Listrik;PLN;4729031523;395120;2500;397620;Internet Banking;Sukses
TRX071294;2026-02-11;1000004481;Hadi Wijaya;TV Kabel;First Media;5497392637;73808;3000;76808;EDC;Sukses
TRX071361;2026-03-25;1000002612;Intan Sari;TV Kabel;First Media;6413520118;184228;2500;186728;Mobile Banking;Sukses
TRX071364;2026-01-26;1000000280;Citra Dewi;Internet;Biznet;7620380573;71160;2500;73660;Mobile Banking;Sukses
TRX071375;2026-02-10;1000001721;Fajar Hidayat;Internet;IndiHome;2653980742;368239;3000;371239;Teller;Sukses
TRX071399;2026-03-14;1000004723;Gina Marlina;Air;PDAM;1635054208;333942;2000;335942;Mobile Banking;Sukses
TRX071451;2026-03-07;1000004272;Citra Dewi;TV Kabel;First Media;6639892710;148667;2000;150667;Teller;Sukses
TRX071453;2026-02-11;1000002215;Joko Susilo;BPJS;BPJS Kesehatan;5655144201;299412;2500;301912;Internet Banking;Sukses
TRX071572;2026-03-15;1000003296;Andi Saputra;Air;PDAM;7065323130;116093;3000;119093;Teller;Sukses
TRX071640;2026-02-05;1000000357;Andi Saputra;TV Kabel;Transvision;6755040346;144594;3000;147594;Internet Banking;Sukses
TRX071730;2026-02-19;1000000293;Eka Lestari;Listrik;PLN;4489127511;396496;2000;398496;ATM;Sukses
TRX071733;2026-03-11;1000002890;Andi Saputra;BPJS;BPJS Kesehatan;9799135425;375068;2500;377568;EDC;Sukses
TRX071739;2026-02-19;1000003347;Citra Dewi;Internet;IndiHome;3668647225;414379;2500;416879;Mobile Banking;Sukses
TRX071778;2026-02-16;1000003573;Joko Susilo;TV Kabel;First Media;6128174738;205949;2000;207949;Teller;Sukses
TRX071846;2026-02-13;1000002497;Intan Sari;BPJS;BPJS Kesehatan;1019026446;399138;2000;401138;Teller;Sukses
TRX071990;2026-01-20;1000001227;Hadi Wijaya;Internet;Biznet;6820117233;103649;2000;105649;Internet Banking;Sukses
TRX072026;2026-02-11;1000000521;Budi Santoso;TV Kabel;First Media;2903353005;119844;3000;122844;Internet Banking;Sukses
TRX072050;2026-03-19;1000004622;Gina Marlina;TV Kabel;First Media;5414507872;141154;2000;143154;Teller;Sukses
TRX072111;2026-01-16;1000003846;Andi Saputra;Internet;Biznet;3434889240;336681;2500;339181;EDC;Sukses
TRX072155;2026-03-28;1000002803;Hadi Wijaya;Listrik;PLN;4074929930;177443;2000;179443;Internet Banking;Sukses
TRX072200;2026-02-14;1000001211;Hadi Wijaya;BPJS;BPJS Kesehatan;8233643708;58759;2500;61259;ATM;Sukses
TRX072215;2026-02-28;1000000881;Budi Santoso;Listrik;PLN;4460926569;310480;3000;313480;ATM;Sukses
TRX072273;2026-03-31;1000004722;Eka Lestari;Internet;Biznet;1424006896;372537;3000;375537;Internet Banking;Sukses
TRX072343;2026-02-02;1000000623;Dedi Pratama;BPJS;BPJS Kesehatan;3209920345;471154;3000;474154;EDC;Sukses
TRX072385;2026-01-19;1000001912;Joko Susilo;Internet;IndiHome;2158234478;286577;3000;289577;Mobile Banking;Sukses
TRX072391;2026-03-03;1000004135;Andi Saputra;Air;PDAM;6013586517;221044;2000;223044;EDC;Sukses
TRX072430;2026-02-04;1000000134;Fajar Hidayat;TV Kabel;Transvision;5836554864;448659;2500;451159;Teller;Sukses
TRX072452;2026-01-05;1000003664;Eka Lestari;Listrik;PLN;9764411565;195570;2500;198070;Mobile Banking;Sukses
TRX072465;2026-03-18;1000003249;Gina Marlina;TV Kabel;Transvision;9633327692;132523;2500;135023;Mobile Banking;Sukses
TRX072480;2026-02-11;1000001738;Fajar Hidayat;TV Kabel;Transvision;5073907760;440498;2500;442998;ATM;Sukses
TRX072493;2026-03-17;1000002940;Intan Sari;Internet;Biznet;7274835581;316003;2000;318003;Mobile Banking;Sukses
TRX072513;2026-01-24;1000000663;Budi Santoso;TV Kabel;First Media;3350858340;373989;3000;376989;Teller;Sukses
TRX072544;2026-02-14;1000003705;Eka Lestari;TV Kabel;Transvision;5228615453;180792;2000;182792;Mobile Banking;Sukses
TRX072588;2026-01-28;1000000903;Gina Marlina;TV Kabel;First Media;3850102748;407475;2500;409975;Mobile Banking;Sukses
TRX072606;2026-02-09;1000003488;Citra Dewi;BPJS;BPJS Kesehatan;7509008591;137965;2500;140465;ATM;Sukses
TRX072616;2026-01-07;1000000908;Intan Sari;Listrik;PLN;7613773953;391966;2500;394466;Internet Banking;Sukses
TRX072679;2026-01-18;1000002927;Budi Santoso;Internet;IndiHome;7318921211;54089;2500;56589;ATM;Sukses
TRX072714;2026-03-28;1000004377;Citra Dewi;Air;PDAM;2759970185;458573;3000;461573;ATM;Sukses
TRX072719;2026-03-02;1000002922;Budi Santoso;Internet;Biznet;4308706028;429706;2000;431706;EDC;Sukses
TRX072817;2026-02-17;1000003363;Intan Sari;Listrik;PLN;1045442934;251277;2000;253277;EDC;Sukses
TRX072820;2026-03-01;1000004042;Fajar Hidayat;BPJS;BPJS Kesehatan;8384972658;476067;2500;478567;Mobile Banking;Sukses
TRX072836;2026-02-05;1000001577;Gina Marlina;TV Kabel;First Media;9716292822;98308;2000;100308;Teller;Sukses
TRX072876;2026-03-16;1000004728;Hadi Wijaya;Listrik;PLN;8559615462;476955;2500;479455;EDC;Sukses
TRX072891;2026-03-03;1000004749;Fajar Hidayat;Listrik;PLN;5013952160;444986;3000;447986;ATM;Sukses
TRX072896;2026-01-30;1000002182;Budi Santoso;Internet;Biznet;2167765256;472582;2500;475082;EDC;Sukses
TRX072900;2026-03-11;1000002496;Hadi Wijaya;Internet;Biznet;9381505183;428590;2000;430590;ATM;Sukses
TRX072913;2026-01-11;1000001303;Intan Sari;BPJS;BPJS Kesehatan;6133008484;182143;3000;185143;Teller;Sukses
TRX072954;2026-03-11;1000002374;Dedi Pratama;Internet;IndiHome;1270685698;312719;2000;314719;ATM;Sukses
TRX072961;2026-02-14;1000002688;Budi Santoso;Internet;Biznet;6631688971;123197;3000;126197;Mobile Banking;Sukses
TRX073019;2026-02-02;1000001208;Andi Saputra;Internet;IndiHome;5520796570;492390;2500;494890;Mobile Banking;Sukses
TRX073061;2026-02-23;1000003240;Gina Marlina;BPJS;BPJS Kesehatan;4218134256;181876;3000;184876;Teller;Sukses
TRX073088;2026-03-20;1000002032;Joko Susilo;Listrik;PLN;3707037494;414426;2000;416426;EDC;Sukses
TRX073090;2026-02-09;1000004964;Eka Lestari;Internet;Biznet;1264901799;293472;3000;296472;Mobile Banking;Sukses
TRX073189;2026-01-19;1000004883;Citra Dewi;Air;PDAM;8543042359;161050;2000;163050;ATM;Sukses
TRX073215;2026-02-16;1000003653;Citra Dewi;TV Kabel;Transvision;1251299941;369031;2000;371031;EDC;Sukses
TRX073268;2026-01-07;1000003282;Budi Santoso;Air;PDAM;7332934406;230561;2000;232561;Internet Banking;Sukses
TRX073296;2026-03-16;1000004263;Citra Dewi;TV Kabel;First Media;1662021860;316897;2000;318897;Internet Banking;Sukses
TRX073346;2026-03-23;1000004703;Gina Marlina;TV Kabel;First Media;5645239323;342813;2000;344813;EDC;Sukses
TRX073363;2026-03-21;1000000551;Andi Saputra;Air;PDAM;8418696428;212440;3000;215440;Teller;Sukses
TRX073365;2026-01-14;1000002326;Citra Dewi;TV Kabel;Transvision;2888470312;471407;2000;473407;Internet Banking;Sukses
TRX073441;2026-01-26;1000001487;Intan Sari;TV Kabel;Transvision;5858722847;460043;3000;463043;Mobile Banking;Sukses
TRX073442;2026-03-22;1000001355;Gina Marlina;Air;PDAM;8485650944;273882;3000;276882;ATM;Sukses
TRX073500;2026-02-13;1000002936;Dedi Pratama;TV Kabel;First Media;1394383900;339251;2500;341751;Mobile Banking;Sukses
TRX073709;2026-03-17;1000001594;Dedi Pratama;Internet;IndiHome;4549367055;430442;2000;432442;Mobile Banking;Sukses
TRX073766;2026-02-28;1000000949;Andi Saputra;Internet;Biznet;6471031296;334783;2500;337283;Internet Banking;Sukses
TRX073844;2026-03-05;1000004140;Intan Sari;BPJS;BPJS Kesehatan;5278382697;454431;2000;456431;EDC;Sukses
TRX073971;2026-01-05;1000000015;Budi Santoso;Internet;Biznet;1265564368;492918;2000;494918;Mobile Banking;Sukses
TRX074057;2026-02-19;1000001189;Andi Saputra;TV Kabel;Transvision;4000214843;198269;2500;200769;EDC;Sukses
TRX074066;2026-01-30;1000001470;Budi Santoso;Internet;Biznet;9658517985;388450;2000;390450;Internet Banking;Sukses
TRX074106;2026-02-14;1000002415;Joko Susilo;Listrik;PLN;4307070679;50229;2500;52729;Teller;Sukses
TRX074174;2026-03-27;1000002677;Budi Santoso;TV Kabel;First Media;3413564033;113753;3000;116753;ATM;Sukses
TRX074204;2026-01-24;1000004874;Fajar Hidayat;Listrik;PLN;1752846156;264238;3000;267238;Internet Banking;Sukses
TRX074215;2026-02-07;1000004416;Budi Santoso;Listrik;PLN;3517620984;486090;3000;489090;Internet Banking;Sukses
TRX074231;2026-03-07;1000002251;Joko Susilo;Internet;Biznet;5535212843;239174;3000;242174;Teller;Sukses
TRX074277;2026-01-03;1000002983;Hadi Wijaya;Air;PDAM;9029258034;152312;2000;154312;Teller;Sukses
TRX074285;2026-03-31;1000003087;Andi Saputra;Internet;Biznet;9025449178;313757;3000;316757;ATM;Sukses
TRX074329;2026-02-02;1000003170;Citra Dewi;Listrik;PLN;9217682025;56846;2000;58846;Mobile Banking;Sukses
TRX074356;2026-03-09;1000004567;Dedi Pratama;Internet;Biznet;2658219276;251111;3000;254111;Mobile Banking;Sukses
TRX074457;2026-01-10;1000001388;Hadi Wijaya;TV Kabel;First Media;1164756899;200197;3000;203197;EDC;Sukses
TRX074595;2026-03-06;1000004562;Hadi Wijaya;BPJS;BPJS Kesehatan;6613166785;339880;2000;341880;Mobile Banking;Sukses
TRX074654;2026-03-14;1000003973;Gina Marlina;BPJS;BPJS Kesehatan;9105984554;121840;2500;124340;Teller;Sukses
TRX074789;2026-03-16;1000002238;Andi Saputra;Internet;Biznet;9283685402;105113;2000;107113;Internet Banking;Sukses
TRX074902;2026-02-14;1000001437;Hadi Wijaya;TV Kabel;First Media;3512580786;483453;2500;485953;Teller;Sukses
TRX074922;2026-02-21;1000001328;Gina Marlina;BPJS;BPJS Kesehatan;3802952888;222128;2500;224628;EDC;Sukses
TRX074947;2026-02-01;1000001934;Joko Susilo;Listrik;PLN;1091590182;496234;3000;499234;ATM;Sukses
TRX075001;2026-03-27;1000004230;Intan Sari;Air;PDAM;6442680427;493609;2000;495609;Internet Banking;Sukses
TRX075083;2026-03-13;1000002574;Eka Lestari;Listrik;PLN;9152933457;67077;2500;69577;EDC;Sukses
TRX075111;2026-03-29;1000003200;Citra Dewi;TV Kabel;First Media;2340980332;264363;2500;266863;ATM;Sukses
TRX075133;2026-01-30;1000000221;Eka Lestari;TV Kabel;Transvision;2667396938;321640;3000;324640;Teller;Sukses
TRX075222;2026-04-01;1000002986;Joko Susilo;Air;PDAM;4617382768;404895;3000;407895;Teller;Sukses
TRX075228;2026-01-23;1000004513;Intan Sari;BPJS;BPJS Kesehatan;9241931674;405583;3000;408583;EDC;Sukses
TRX075236;2026-02-26;1000002492;Hadi Wijaya;Air;PDAM;6998224309;259154;2000;261154;EDC;Sukses
TRX075359;2026-01-01;1000004461;Intan Sari;TV Kabel;First Media;1713273724;288128;2000;290128;EDC;Sukses
TRX075375;2026-01-13;1000000214;Citra Dewi;Internet;Biznet;3282216687;265700;2000;267700;ATM;Sukses
TRX075431;2026-02-10;1000004800;Intan Sari;Listrik;PLN;8193130933;302029;2000;304029;Teller;Sukses
TRX075453;2026-01-27;1000002873;Gina Marlina;TV Kabel;First Media;2148116097;371206;2000;373206;EDC;Sukses
TRX075456;2026-01-05;1000002491;Budi Santoso;Listrik;PLN;9670952628;469431;2500;471931;Internet Banking;Sukses
TRX075493;2026-03-31;1000002573;Citra Dewi;Internet;IndiHome;5289231774;172774;2000;174774;Mobile Banking;Sukses
TRX075510;2026-01-13;1000002729;Budi Santoso;Internet;Biznet;5795007262;97365;2000;99365;Mobile Banking;Sukses
TRX075527;2026-03-09;1000000730;Citra Dewi;Internet;IndiHome;3106397976;124984;3000;127984;Mobile Banking;Sukses
TRX075566;2026-02-07;1000000811;Fajar Hidayat;Internet;Biznet;1349827676;284740;3000;287740;Internet Banking;Sukses
TRX075584;2026-01-09;1000001678;Fajar Hidayat;BPJS;BPJS Kesehatan;5397432293;101724;2500;104224;Mobile Banking;Sukses
TRX075614;2026-03-26;1000003954;Gina Marlina;Internet;IndiHome;5300850199;349098;2000;351098;Internet Banking;Sukses
TRX075660;2026-02-24;1000003787;Dedi Pratama;BPJS;BPJS Kesehatan;8338598396;197967;2500;200467;Teller;Sukses
TRX075666;2026-01-25;1000003091;Fajar Hidayat;Listrik;PLN;8409830998;52242;3000;55242;Internet Banking;Sukses
TRX075672;2026-01-13;1000003883;Dedi Pratama;Air;PDAM;8430027876;336146;2500;338646;Internet Banking;Sukses
TRX075722;2026-01-02;1000002276;Andi Saputra;Listrik;PLN;6287880311;172526;2000;174526;ATM;Sukses
TRX075764;2026-02-23;1000002216;Andi Saputra;Listrik;PLN;8888086160;369917;2500;372417;Teller;Sukses
TRX075807;2026-03-28;1000003813;Intan Sari;Internet;IndiHome;3007799107;260982;2000;262982;ATM;Sukses
TRX075937;2026-01-12;1000001668;Dedi Pratama;BPJS;BPJS Kesehatan;4947816834;323231;2500;325731;Internet Banking;Sukses
TRX075968;2026-01-30;1000000871;Hadi Wijaya;Internet;Biznet;3932549697;90475;3000;93475;Mobile Banking;Sukses
TRX075986;2026-01-19;1000002296;Eka Lestari;BPJS;BPJS Kesehatan;4837099994;460005;2000;462005;EDC;Sukses
TRX076092;2026-03-05;1000000047;Gina Marlina;Internet;IndiHome;5723169363;439929;3000;442929;Internet Banking;Sukses
TRX076148;2026-01-12;1000004574;Budi Santoso;Internet;Biznet;1298181582;344925;3000;347925;Teller;Sukses
TRX076153;2026-03-27;1000003220;Andi Saputra;BPJS;BPJS Kesehatan;1534281500;303019;2000;305019;EDC;Sukses
TRX076157;2026-01-27;1000000104;Eka Lestari;Internet;Biznet;3913741429;269406;2500;271906;EDC;Sukses
TRX076197;2026-02-20;1000002582;Citra Dewi;TV Kabel;First Media;5333250993;344490;3000;347490;Teller;Sukses
TRX076213;2026-03-29;1000000543;Intan Sari;Internet;Biznet;1901769282;258740;3000;261740;Teller;Sukses
TRX076260;2026-02-13;1000004678;Intan Sari;TV Kabel;Transvision;1866799333;386780;3000;389780;Teller;Sukses
TRX076302;2026-01-11;1000003000;Budi Santoso;TV Kabel;Transvision;8405818783;107933;2000;109933;EDC;Sukses
TRX076305;2026-03-27;1000003439;Fajar Hidayat;Air;PDAM;2712123916;340974;2000;342974;Mobile Banking;Sukses
TRX076310;2026-01-24;1000002007;Gina Marlina;TV Kabel;Transvision;4803667928;313016;3000;316016;Internet Banking;Sukses
TRX076317;2026-03-09;1000001527;Joko Susilo;TV Kabel;Transvision;8725949350;158064;2500;160564;Internet Banking;Sukses
TRX076418;2026-03-24;1000002548;Budi Santoso;Air;PDAM;3673326140;303050;3000;306050;Mobile Banking;Sukses
TRX076424;2026-03-08;1000004822;Eka Lestari;TV Kabel;First Media;1461388346;210789;3000;213789;EDC;Sukses
TRX076456;2026-03-23;1000002912;Budi Santoso;Internet;IndiHome;5921248744;263486;2000;265486;EDC;Sukses
TRX076500;2026-01-12;1000001385;Eka Lestari;Listrik;PLN;6922141729;466389;2000;468389;Mobile Banking;Sukses
TRX076501;2026-01-13;1000002933;Andi Saputra;Internet;IndiHome;5372338963;161940;3000;164940;Teller;Sukses
TRX076602;2026-03-19;1000003002;Gina Marlina;Listrik;PLN;5862699018;133251;3000;136251;ATM;Sukses
TRX076706;2026-02-11;1000003383;Dedi Pratama;Internet;Biznet;7956627838;185421;3000;188421;EDC;Sukses
TRX076761;2026-02-27;1000001953;Joko Susilo;Air;PDAM;2911026140;167705;2000;169705;Teller;Sukses
TRX076803;2026-01-20;1000004288;Dedi Pratama;Listrik;PLN;5817803608;85521;2000;87521;ATM;Sukses
TRX077095;2026-03-09;1000002581;Dedi Pratama;Air;PDAM;7103151609;207576;2000;209576;Mobile Banking;Sukses
TRX077136;2026-03-02;1000002191;Gina Marlina;Air;PDAM;9112440665;280864;2000;282864;Mobile Banking;Sukses
TRX077162;2026-01-03;1000000910;Eka Lestari;Listrik;PLN;1383465482;305589;2500;308089;Teller;Sukses
TRX077199;2026-03-25;1000002908;Dedi Pratama;Listrik;PLN;4892984099;100258;2000;102258;Teller;Sukses
TRX077206;2026-01-11;1000004901;Dedi Pratama;BPJS;BPJS Kesehatan;4149008787;350981;2000;352981;Mobile Banking;Sukses
TRX077331;2026-02-15;1000004853;Joko Susilo;Air;PDAM;5114253620;75803;3000;78803;Mobile Banking;Sukses
TRX077359;2026-01-03;1000001750;Hadi Wijaya;BPJS;BPJS Kesehatan;2154528161;289526;3000;292526;EDC;Sukses
TRX077373;2026-01-28;1000000054;Citra Dewi;TV Kabel;Transvision;7049006243;72168;2000;74168;Internet Banking;Sukses
TRX077387;2026-03-18;1000001970;Andi Saputra;Internet;IndiHome;5307393969;157521;3000;160521;EDC;Sukses
TRX077393;2026-03-19;1000001012;Citra Dewi;Internet;Biznet;9819313364;242588;3000;245588;EDC;Sukses
TRX077404;2026-01-20;1000004522;Fajar Hidayat;Air;PDAM;1513402336;375259;2500;377759;Mobile Banking;Sukses
TRX077520;2026-04-01;1000002943;Andi Saputra;Air;PDAM;9619065350;397029;3000;400029;Mobile Banking;Sukses
TRX077571;2026-01-25;1000004971;Eka Lestari;BPJS;BPJS Kesehatan;6262775919;238614;3000;241614;Teller;Sukses
TRX077578;2026-04-01;1000001910;Intan Sari;Internet;IndiHome;7401850055;368267;3000;371267;EDC;Sukses
TRX077722;2026-03-05;1000003867;Andi Saputra;Internet;IndiHome;4400086360;434447;3000;437447;EDC;Sukses
TRX077727;2026-04-01;1000004020;Budi Santoso;Listrik;PLN;9631397104;458401;2500;460901;Teller;Sukses
TRX077778;2026-02-21;1000002285;Intan Sari;BPJS;BPJS Kesehatan;9108030464;124952;3000;127952;EDC;Sukses
TRX077794;2026-03-16;1000003338;Gina Marlina;Internet;Biznet;5719575405;426159;3000;429159;ATM;Sukses
TRX077799;2026-02-24;1000000667;Gina Marlina;TV Kabel;Transvision;5276198550;191863;3000;194863;Internet Banking;Sukses
TRX077802;2026-02-03;1000003834;Intan Sari;TV Kabel;First Media;3835753143;299770;3000;302770;EDC;Sukses
TRX077883;2026-01-10;1000003771;Citra Dewi;BPJS;BPJS Kesehatan;9376701339;436391;2000;438391;Teller;Sukses
TRX077902;2026-03-10;1000002337;Joko Susilo;TV Kabel;Transvision;7553630590;267247;3000;270247;EDC;Sukses
TRX077916;2026-02-18;1000001059;Eka Lestari;Internet;Biznet;3965493407;303082;2500;305582;Internet Banking;Sukses
TRX077969;2026-02-19;1000003131;Intan Sari;Listrik;PLN;4179471858;306275;2000;308275;Internet Banking;Sukses
TRX077979;2026-02-01;1000002568;Hadi Wijaya;Listrik;PLN;3869536740;414457;2500;416957;ATM;Sukses
TRX078018;2026-01-05;1000001687;Eka Lestari;BPJS;BPJS Kesehatan;8960453656;390148;2500;392648;ATM;Sukses
TRX078058;2026-03-01;1000003401;Dedi Pratama;Internet;Biznet;1789686409;325781;2000;327781;EDC;Sukses
TRX078082;2026-03-26;1000001432;Hadi Wijaya;Internet;Biznet;4879843485;224085;2000;226085;EDC;Sukses
TRX078308;2026-01-08;1000001388;Hadi Wijaya;TV Kabel;Transvision;8304834351;164294;2500;166794;Teller;Sukses
TRX078339;2026-02-03;1000001630;Hadi Wijaya;Internet;Biznet;4529588138;409469;2000;411469;EDC;Sukses
TRX078365;2026-02-25;1000000584;Intan Sari;Internet;IndiHome;6034715564;110354;2500;112854;Teller;Sukses
TRX078370;2026-03-10;1000000836;Andi Saputra;TV Kabel;First Media;4021955579;479015;2500;481515;ATM;Sukses
TRX078426;2026-02-08;1000000419;Hadi Wijaya;Air;PDAM;1551669971;259314;3000;262314;ATM;Sukses
TRX078429;2026-01-19;1000001247;Eka Lestari;Internet;Biznet;3717499616;114646;2500;117146;EDC;Sukses
TRX078447;2026-02-14;1000003664;Eka Lestari;Internet;Biznet;7902541564;286192;2500;288692;Mobile Banking;Sukses
TRX078448;2026-02-10;1000000092;Joko Susilo;Listrik;PLN;3695726324;83789;2500;86289;ATM;Sukses
TRX078459;2026-01-15;1000003614;Andi Saputra;TV Kabel;First Media;4182603755;407052;2500;409552;EDC;Sukses
TRX078474;2026-03-31;1000001792;Eka Lestari;TV Kabel;Transvision;4761266394;483367;2500;485867;EDC;Sukses
TRX078483;2026-01-09;1000003643;Dedi Pratama;Air;PDAM;5402899834;221222;2500;223722;ATM;Sukses
TRX078492;2026-01-18;1000000169;Gina Marlina;BPJS;BPJS Kesehatan;2034446825;240916;3000;243916;EDC;Sukses
TRX078520;2026-02-06;1000002682;Dedi Pratama;TV Kabel;First Media;1331658153;278884;2000;280884;EDC;Sukses
TRX078521;2026-03-20;1000001083;Intan Sari;BPJS;BPJS Kesehatan;8919800676;444523;2000;446523;EDC;Sukses
TRX078525;2026-02-15;1000000634;Eka Lestari;TV Kabel;First Media;5988509074;258808;2500;261308;Teller;Sukses
TRX078563;2026-02-23;1000003230;Hadi Wijaya;Internet;IndiHome;6335630393;194282;2000;196282;ATM;Sukses
TRX078583;2026-03-25;1000002932;Joko Susilo;Internet;Biznet;5111093242;227707;2500;230207;ATM;Sukses
TRX078584;2026-01-27;1000004933;Fajar Hidayat;Listrik;PLN;2768384911;70373;3000;73373;Internet Banking;Sukses
TRX078623;2026-01-12;1000000410;Citra Dewi;Internet;Biznet;3547763607;399197;2500;401697;ATM;Sukses
TRX078631;2026-03-14;1000004433;Gina Marlina;Listrik;PLN;5192781508;209534;2000;211534;EDC;Sukses
TRX078666;2026-01-23;1000000863;Fajar Hidayat;TV Kabel;Transvision;2227995114;101188;3000;104188;ATM;Sukses
TRX078802;2026-01-07;1000002549;Hadi Wijaya;TV Kabel;First Media;2283662918;109086;2000;111086;EDC;Sukses
TRX078814;2026-01-15;1000000534;Budi Santoso;Internet;IndiHome;2964316193;238755;2000;240755;Teller;Sukses
TRX078998;2026-03-06;1000000324;Intan Sari;Internet;IndiHome;7271275609;98290;2000;100290;Teller;Sukses
TRX079013;2026-03-31;1000000362;Eka Lestari;TV Kabel;First Media;7935973589;458764;3000;461764;Teller;Sukses
TRX079017;2026-03-02;1000003374;Citra Dewi;TV Kabel;First Media;2664702486;218857;2000;220857;Mobile Banking;Sukses
TRX079021;2026-02-14;1000002099;Gina Marlina;Listrik;PLN;9961874802;136012;2000;138012;EDC;Sukses
TRX079094;2026-03-11;1000003731;Andi Saputra;TV Kabel;First Media;4803730630;396484;3000;399484;Teller;Sukses
TRX079127;2026-03-10;1000003390;Dedi Pratama;BPJS;BPJS Kesehatan;1776397785;414843;2000;416843;EDC;Sukses
TRX079131;2026-03-07;1000000024;Gina Marlina;Listrik;PLN;8266005890;150732;2500;153232;Internet Banking;Sukses
TRX079137;2026-01-13;1000003448;Andi Saputra;Listrik;PLN;3340570991;231658;2500;234158;ATM;Sukses
TRX079161;2026-01-22;1000000935;Eka Lestari;Air;PDAM;3765209292;351785;2500;354285;EDC;Sukses
TRX079182;2026-03-11;1000001713;Gina Marlina;Listrik;PLN;8622403022;448804;2000;450804;Internet Banking;Sukses
TRX079249;2026-02-24;1000002148;Joko Susilo;TV Kabel;Transvision;5941673529;281438;3000;284438;EDC;Sukses
TRX079288;2026-02-20;1000001665;Joko Susilo;Internet;IndiHome;4263214723;355920;3000;358920;EDC;Sukses
TRX079355;2026-03-06;1000000141;Eka Lestari;TV Kabel;Transvision;2219337292;466935;3000;469935;Mobile Banking;Sukses
TRX079379;2026-01-15;1000004141;Citra Dewi;Listrik;PLN;2507780043;446286;2500;448786;Teller;Sukses
TRX079485;2026-01-29;1000004050;Citra Dewi;Air;PDAM;8132590558;417450;2500;419950;EDC;Sukses
TRX079537;2026-02-23;1000001026;Joko Susilo;TV Kabel;First Media;1761203507;161681;3000;164681;EDC;Sukses
TRX079577;2026-02-17;1000003015;Andi Saputra;TV Kabel;Transvision;3200811067;319510;2000;321510;ATM;Sukses
TRX079578;2026-01-06;1000000989;Gina Marlina;Air;PDAM;5445186147;304446;2500;306946;Mobile Banking;Sukses
TRX079590;2026-01-29;1000003585;Hadi Wijaya;TV Kabel;First Media;4213330096;134499;2000;136499;ATM;Sukses
TRX079596;2026-02-20;1000002776;Andi Saputra;TV Kabel;First Media;7151167617;232088;2000;234088;Internet Banking;Sukses
TRX079639;2026-01-31;1000003831;Gina Marlina;Listrik;PLN;9912203692;103588;2500;106088;Mobile Banking;Sukses
TRX079648;2026-03-05;1000001537;Hadi Wijaya;TV Kabel;First Media;4571211356;395847;2500;398347;Teller;Sukses
TRX079688;2026-03-06;1000004059;Citra Dewi;TV Kabel;First Media;5216218769;487090;2000;489090;Mobile Banking;Sukses
TRX079694;2026-02-06;1000004524;Andi Saputra;Internet;Biznet;6867585571;383667;3000;386667;EDC;Sukses
TRX079714;2026-01-08;1000001842;Eka Lestari;Air;PDAM;9537499673;392807;2000;394807;Internet Banking;Sukses
TRX079760;2026-03-25;1000001532;Dedi Pratama;BPJS;BPJS Kesehatan;3560652833;406737;2500;409237;Mobile Banking;Sukses
TRX079784;2026-02-18;1000001205;Gina Marlina;Internet;IndiHome;2601910903;318590;2000;320590;EDC;Sukses
TRX079813;2026-03-27;1000001989;Hadi Wijaya;Internet;Biznet;9666266580;138887;3000;141887;Teller;Sukses
TRX079858;2026-01-17;1000000891;Andi Saputra;TV Kabel;First Media;8790956031;355463;2000;357463;Mobile Banking;Sukses
TRX079876;2026-01-15;1000004988;Gina Marlina;BPJS;BPJS Kesehatan;8279875733;481262;3000;484262;Internet Banking;Sukses
TRX079899;2026-01-24;1000002776;Andi Saputra;Air;PDAM;9544033261;204908;3000;207908;EDC;Sukses
TRX079959;2026-01-22;1000001290;Gina Marlina;Air;PDAM;7222870310;71515;2500;74015;EDC;Sukses
TRX079963;2026-01-23;1000004590;Dedi Pratama;Internet;IndiHome;2719168680;182058;2000;184058;ATM;Sukses
TRX079983;2026-03-06;1000002956;Hadi Wijaya;Listrik;PLN;6760269514;478596;2000;480596;Mobile Banking;Sukses
TRX079991;2026-02-23;1000002696;Citra Dewi;Air;PDAM;5154557054;437769;2500;440269;Teller;Sukses
TRX080052;2026-02-04;1000001964;Hadi Wijaya;BPJS;BPJS Kesehatan;6207585826;264540;2000;266540;Mobile Banking;Sukses
TRX080082;2026-03-22;1000002180;Citra Dewi;Internet;IndiHome;4390713037;249288;3000;252288;EDC;Sukses
TRX080101;2026-02-08;1000004745;Dedi Pratama;Internet;Biznet;8707409514;232636;2500;235136;Teller;Sukses
TRX080106;2026-01-08;1000000864;Citra Dewi;TV Kabel;First Media;2635830014;197190;2000;199190;Teller;Sukses
TRX080119;2026-01-11;1000001186;Dedi Pratama;Air;PDAM;6326339050;340988;2500;343488;Mobile Banking;Sukses
TRX080173;2026-01-01;1000003894;Budi Santoso;TV Kabel;Transvision;1807133234;329781;3000;332781;Internet Banking;Sukses
TRX080183;2026-01-12;1000003596;Budi Santoso;Listrik;PLN;6544313718;308157;2500;310657;EDC;Sukses
TRX080187;2026-02-03;1000000354;Joko Susilo;Listrik;PLN;9867785911;54244;2500;56744;ATM;Sukses
TRX080299;2026-03-05;1000001956;Fajar Hidayat;Internet;Biznet;7082636538;350192;2500;352692;Teller;Sukses
TRX080324;2026-02-07;1000003980;Intan Sari;TV Kabel;Transvision;1318454633;381090;2500;383590;ATM;Sukses
TRX080448;2026-03-04;1000002825;Budi Santoso;Listrik;PLN;6393511543;218594;2000;220594;Mobile Banking;Sukses
TRX080570;2026-01-19;1000004475;Fajar Hidayat;Internet;Biznet;3145080013;455784;2000;457784;Mobile Banking;Sukses
TRX080591;2026-03-11;1000003835;Citra Dewi;TV Kabel;First Media;4831766828;449157;3000;452157;EDC;Sukses
TRX080603;2026-03-04;1000004736;Joko Susilo;BPJS;BPJS Kesehatan;7531651612;194992;3000;197992;Mobile Banking;Sukses
TRX080662;2026-03-04;1000004846;Andi Saputra;TV Kabel;Transvision;9408866250;275337;2500;277837;ATM;Sukses
TRX080664;2026-03-20;1000001025;Intan Sari;Listrik;PLN;4119934125;52910;2500;55410;Teller;Sukses
TRX080684;2026-01-03;1000000193;Gina Marlina;BPJS;BPJS Kesehatan;6811039091;53259;2500;55759;Mobile Banking;Sukses
TRX080729;2026-02-19;1000000255;Budi Santoso;TV Kabel;Transvision;2315467408;209808;2000;211808;Teller;Sukses
TRX080763;2026-02-12;1000003701;Budi Santoso;Listrik;PLN;7921259485;470705;2000;472705;Internet Banking;Sukses
TRX080919;2026-01-07;1000002551;Fajar Hidayat;BPJS;BPJS Kesehatan;1760851967;118193;3000;121193;Teller;Sukses
TRX080927;2026-03-15;1000000468;Fajar Hidayat;Internet;Biznet;3966887593;156911;3000;159911;Internet Banking;Sukses
TRX081024;2026-02-23;1000001056;Citra Dewi;Internet;IndiHome;7802945870;321296;2500;323796;ATM;Sukses
TRX081091;2026-01-31;1000004420;Intan Sari;Internet;Biznet;3509983256;98922;2000;100922;Teller;Sukses
TRX081237;2026-01-29;1000001773;Gina Marlina;Internet;Biznet;9099796816;403753;2500;406253;Internet Banking;Sukses
TRX081240;2026-02-25;1000003512;Dedi Pratama;Air;PDAM;4517776629;489895;2000;491895;Teller;Sukses
TRX081253;2026-01-26;1000000994;Joko Susilo;Listrik;PLN;3262830413;444764;2000;446764;Mobile Banking;Sukses
TRX081336;2026-02-13;1000000399;Fajar Hidayat;TV Kabel;Transvision;5138744031;139807;2500;142307;Teller;Sukses
TRX081409;2026-03-27;1000001937;Andi Saputra;Internet;IndiHome;2203053010;141252;3000;144252;ATM;Sukses
TRX081414;2026-03-12;1000000974;Fajar Hidayat;Internet;Biznet;6055100008;473603;2000;475603;Mobile Banking;Sukses
TRX081505;2026-01-13;1000004730;Andi Saputra;Internet;IndiHome;2559266191;481864;3000;484864;EDC;Sukses
TRX081529;2026-01-06;1000001840;Eka Lestari;TV Kabel;First Media;9866946018;344627;3000;347627;EDC;Sukses
TRX081612;2026-03-13;1000000611;Fajar Hidayat;Air;PDAM;2583486145;67968;2000;69968;EDC;Sukses
TRX081624;2026-03-30;1000003018;Budi Santoso;TV Kabel;Transvision;2997456022;377480;2500;379980;Mobile Banking;Sukses
TRX081628;2026-03-05;1000002968;Budi Santoso;Air;PDAM;2662913767;465539;3000;468539;ATM;Sukses
TRX081660;2026-02-15;1000002967;Intan Sari;TV Kabel;Transvision;9667993881;205567;3000;208567;EDC;Sukses
TRX081676;2026-01-15;1000000418;Citra Dewi;TV Kabel;Transvision;1116343018;120871;2500;123371;Internet Banking;Sukses
TRX081714;2026-03-05;1000000971;Intan Sari;TV Kabel;First Media;4498232913;85453;2500;87953;ATM;Sukses
TRX081730;2026-02-26;1000000262;Fajar Hidayat;BPJS;BPJS Kesehatan;3402023593;281820;2000;283820;Mobile Banking;Sukses
TRX081805;2026-03-25;1000001418;Intan Sari;Internet;Biznet;6387717032;495055;2500;497555;Mobile Banking;Sukses
TRX081821;2026-03-04;1000003523;Budi Santoso;Listrik;PLN;9433235034;458160;2500;460660;EDC;Sukses
TRX081831;2026-02-03;1000004070;Eka Lestari;BPJS;BPJS Kesehatan;2529444909;491591;2000;493591;Teller;Sukses
TRX081858;2026-01-13;1000002585;Fajar Hidayat;Air;PDAM;5984745688;331960;3000;334960;ATM;Sukses
TRX081909;2026-01-25;1000002101;Hadi Wijaya;Listrik;PLN;3620599979;57169;2500;59669;ATM;Sukses
TRX081916;2026-03-05;1000003098;Eka Lestari;BPJS;BPJS Kesehatan;7784070933;441703;2500;444203;Internet Banking;Sukses
TRX081919;2026-03-04;1000002240;Eka Lestari;Air;PDAM;8040491115;159548;2500;162048;Mobile Banking;Sukses
TRX081937;2026-01-09;1000004644;Hadi Wijaya;TV Kabel;Transvision;5486129412;443816;2500;446316;EDC;Sukses
TRX082020;2026-03-03;1000002328;Hadi Wijaya;BPJS;BPJS Kesehatan;1405900115;310125;2500;312625;Teller;Sukses
TRX082176;2026-03-17;1000001605;Andi Saputra;Internet;Biznet;4236915387;137158;2500;139658;ATM;Sukses
TRX082309;2026-02-09;1000000875;Andi Saputra;TV Kabel;Transvision;1695857630;386761;3000;389761;ATM;Sukses
TRX082322;2026-01-04;1000003251;Andi Saputra;Internet;Biznet;2245031613;493323;3000;496323;EDC;Sukses
TRX082375;2026-02-23;1000004787;Intan Sari;Internet;IndiHome;6021234704;376780;3000;379780;Mobile Banking;Sukses
TRX082556;2026-03-11;1000000702;Fajar Hidayat;Listrik;PLN;1224533478;209958;2000;211958;Internet Banking;Sukses
TRX082708;2026-01-07;1000002104;Fajar Hidayat;Internet;IndiHome;2931465014;430772;2500;433272;Mobile Banking;Sukses
TRX082711;2026-03-18;1000004872;Gina Marlina;Internet;IndiHome;8146294012;167843;2000;169843;EDC;Sukses
TRX082715;2026-03-26;1000003903;Joko Susilo;TV Kabel;Transvision;4575528316;58089;2000;60089;Internet Banking;Sukses
TRX082778;2026-02-15;1000002089;Eka Lestari;Internet;IndiHome;4934500750;189887;2500;192387;Internet Banking;Sukses
TRX082784;2026-03-12;1000002002;Intan Sari;Internet;Biznet;8896092888;423643;2000;425643;EDC;Sukses
TRX082798;2026-02-24;1000000848;Budi Santoso;TV Kabel;First Media;7327630857;255709;2500;258209;Teller;Sukses
TRX082828;2026-03-16;1000001013;Fajar Hidayat;Air;PDAM;1498865817;341131;3000;344131;Internet Banking;Sukses
TRX082872;2026-02-10;1000004046;Budi Santoso;TV Kabel;Transvision;6540506625;475924;2000;477924;ATM;Sukses
TRX082903;2026-01-09;1000002433;Hadi Wijaya;TV Kabel;Transvision;9856345877;82121;2500;84621;EDC;Sukses
TRX082942;2026-03-17;1000001511;Eka Lestari;Air;PDAM;3217542006;269954;2500;272454;EDC;Sukses
TRX082977;2026-03-11;1000004947;Dedi Pratama;TV Kabel;Transvision;3811558998;435079;2000;437079;Teller;Sukses
TRX083011;2026-01-18;1000002257;Gina Marlina;Internet;IndiHome;7285249072;215130;2500;217630;EDC;Sukses
TRX083120;2026-02-18;1000002071;Gina Marlina;BPJS;BPJS Kesehatan;5293476769;82171;3000;85171;Mobile Banking;Sukses
TRX083129;2026-01-20;1000004136;Hadi Wijaya;Air;PDAM;6889047873;238327;2500;240827;EDC;Sukses
TRX083160;2026-03-16;1000000718;Hadi Wijaya;Listrik;PLN;2525626141;286929;2500;289429;EDC;Sukses
TRX083228;2026-01-14;1000004184;Dedi Pratama;TV Kabel;Transvision;7243553650;72256;2000;74256;EDC;Sukses
TRX083267;2026-02-06;1000001572;Fajar Hidayat;Internet;IndiHome;6674926967;461428;2000;463428;ATM;Sukses
TRX083331;2026-03-19;1000003416;Gina Marlina;Internet;IndiHome;6448775649;494112;2000;496112;Teller;Sukses
TRX083374;2026-02-07;1000002950;Intan Sari;Air;PDAM;9268724447;455963;2500;458463;EDC;Sukses
TRX083417;2026-02-23;1000001654;Dedi Pratama;TV Kabel;Transvision;1037064182;234690;3000;237690;Internet Banking;Sukses
TRX083429;2026-03-11;1000001519;Hadi Wijaya;Listrik;PLN;9872062832;91993;2000;93993;Mobile Banking;Sukses
TRX083445;2026-02-08;1000004036;Budi Santoso;Air;PDAM;8825712872;135110;3000;138110;Teller;Sukses
TRX083467;2026-01-16;1000001549;Dedi Pratama;BPJS;BPJS Kesehatan;9405902332;490067;3000;493067;Internet Banking;Sukses
TRX083579;2026-02-15;1000003957;Fajar Hidayat;Listrik;PLN;2077498755;281110;2500;283610;Internet Banking;Sukses
TRX083593;2026-03-21;1000000941;Fajar Hidayat;TV Kabel;Transvision;1240226151;455665;2500;458165;ATM;Sukses
TRX083668;2026-01-24;1000002841;Intan Sari;Listrik;PLN;9971910936;145330;2000;147330;Mobile Banking;Sukses
TRX083679;2026-02-06;1000001153;Hadi Wijaya;TV Kabel;First Media;9823592386;69984;2500;72484;Teller;Sukses
TRX083702;2026-03-14;1000000003;Andi Saputra;TV Kabel;Transvision;1162526423;490780;3000;493780;Mobile Banking;Sukses
TRX083719;2026-01-02;1000000331;Fajar Hidayat;TV Kabel;First Media;2336177365;251030;3000;254030;Internet Banking;Sukses
TRX083743;2026-02-26;1000000178;Andi Saputra;Air;PDAM;6708957269;333406;3000;336406;Mobile Banking;Sukses
TRX083775;2026-03-28;1000003481;Citra Dewi;Internet;IndiHome;5371801173;212404;2000;214404;Mobile Banking;Sukses
TRX083790;2026-01-11;1000003713;Andi Saputra;TV Kabel;Transvision;3223725323;285925;2500;288425;EDC;Sukses
TRX083812;2026-02-17;1000003030;Hadi Wijaya;Air;PDAM;3399287133;442311;3000;445311;Internet Banking;Sukses
TRX083879;2026-03-21;1000004667;Gina Marlina;Air;PDAM;9635852102;133115;2000;135115;Mobile Banking;Sukses
TRX083926;2026-03-10;1000000837;Gina Marlina;TV Kabel;Transvision;7973903214;401903;2000;403903;ATM;Sukses
TRX083966;2026-01-28;1000001578;Hadi Wijaya;Internet;Biznet;6976642283;54498;3000;57498;Mobile Banking;Sukses
TRX083979;2026-03-10;1000003337;Budi Santoso;Internet;Biznet;8175805779;334108;2000;336108;EDC;Sukses
TRX084022;2026-02-12;1000003472;Andi Saputra;TV Kabel;Transvision;4495023579;221888;3000;224888;ATM;Sukses
TRX084027;2026-02-04;1000000441;Hadi Wijaya;Listrik;PLN;2556857678;419932;2500;422432;Teller;Sukses
TRX084049;2026-01-20;1000004158;Budi Santoso;TV Kabel;First Media;6600193821;395942;2000;397942;ATM;Sukses
TRX084072;2026-01-23;1000002525;Gina Marlina;Internet;Biznet;6431167854;66215;2500;68715;Teller;Sukses
TRX084079;2026-01-04;1000002303;Andi Saputra;Listrik;PLN;6659742945;130407;2000;132407;Teller;Sukses
TRX084138;2026-02-09;1000001278;Gina Marlina;Air;PDAM;8806360480;206555;2500;209055;Internet Banking;Sukses
TRX084146;2026-02-09;1000002071;Gina Marlina;Air;PDAM;7999280559;423494;3000;426494;Internet Banking;Sukses
TRX084190;2026-01-18;1000002820;Hadi Wijaya;Internet;Biznet;1267230281;347630;2000;349630;Mobile Banking;Sukses
TRX084237;2026-02-12;1000002170;Fajar Hidayat;BPJS;BPJS Kesehatan;9052664289;447233;2500;449733;Internet Banking;Sukses
TRX084371;2026-01-16;1000000813;Gina Marlina;Listrik;PLN;3444533979;203911;2500;206411;EDC;Sukses
TRX084380;2026-02-25;1000002908;Dedi Pratama;Air;PDAM;7329635796;446558;2500;449058;ATM;Sukses
TRX084387;2026-03-12;1000002272;Hadi Wijaya;Listrik;PLN;2132139622;143011;3000;146011;ATM;Sukses
TRX084402;2026-03-12;1000004019;Andi Saputra;BPJS;BPJS Kesehatan;6862967372;441490;2000;443490;Mobile Banking;Sukses
TRX084456;2026-01-27;1000003315;Hadi Wijaya;Internet;IndiHome;6665806970;350638;3000;353638;EDC;Sukses
TRX084480;2026-02-01;1000004842;Intan Sari;Listrik;PLN;4231821574;125391;2500;127891;Mobile Banking;Sukses
TRX084505;2026-02-09;1000004884;Gina Marlina;Air;PDAM;8485056410;274845;3000;277845;Mobile Banking;Sukses
TRX084526;2026-03-16;1000004049;Gina Marlina;TV Kabel;First Media;7305457907;229757;2000;231757;Mobile Banking;Sukses
TRX084620;2026-01-25;1000002162;Intan Sari;Listrik;PLN;8729023696;246398;3000;249398;Teller;Sukses
TRX084641;2026-02-16;1000003127;Budi Santoso;Internet;IndiHome;8648635780;468584;3000;471584;Teller;Sukses
TRX084661;2026-02-06;1000000410;Citra Dewi;BPJS;BPJS Kesehatan;8036454099;141016;2000;143016;Teller;Sukses
TRX084682;2026-01-29;1000002991;Dedi Pratama;Listrik;PLN;7276099725;122483;2000;124483;ATM;Sukses
TRX084706;2026-03-15;1000000265;Intan Sari;Internet;Biznet;6364113788;117078;2000;119078;Internet Banking;Sukses
TRX084749;2026-01-07;1000004338;Hadi Wijaya;Air;PDAM;5106533383;267250;2000;269250;Mobile Banking;Sukses
TRX084750;2026-03-03;1000002107;Budi Santoso;Air;PDAM;9281157458;417220;3000;420220;Teller;Sukses
TRX084761;2026-02-14;1000003976;Citra Dewi;TV Kabel;Transvision;8925097607;278034;3000;281034;Mobile Banking;Sukses
TRX084862;2026-03-22;1000003131;Intan Sari;TV Kabel;First Media;1027451404;165193;2000;167193;Internet Banking;Sukses
TRX084930;2026-02-20;1000001672;Citra Dewi;Internet;Biznet;3655361899;259653;2000;261653;ATM;Sukses
TRX084960;2026-02-26;1000002131;Budi Santoso;TV Kabel;Transvision;4578442134;249471;2000;251471;Internet Banking;Sukses
TRX085004;2026-02-03;1000004589;Dedi Pratama;BPJS;BPJS Kesehatan;2900313637;322207;3000;325207;EDC;Sukses
TRX085058;2026-02-11;1000000389;Andi Saputra;Internet;IndiHome;6318131699;294035;2000;296035;Mobile Banking;Sukses
TRX085255;2026-01-12;1000004520;Hadi Wijaya;Internet;IndiHome;2145054045;280274;2500;282774;Teller;Sukses
TRX085274;2026-02-12;1000003155;Eka Lestari;Internet;IndiHome;8520951288;233478;2000;235478;Teller;Sukses
TRX085278;2026-01-02;1000001889;Budi Santoso;Internet;IndiHome;3115647236;454180;2000;456180;ATM;Sukses
TRX085320;2026-03-23;1000002162;Intan Sari;Internet;Biznet;4837623197;377119;2500;379619;Mobile Banking;Sukses
TRX085347;2026-01-13;1000003742;Andi Saputra;Internet;IndiHome;2754589692;97075;2000;99075;ATM;Sukses
TRX085391;2026-01-05;1000004943;Eka Lestari;Air;PDAM;4922463843;317722;2000;319722;Mobile Banking;Sukses
TRX085451;2026-02-22;1000000138;Gina Marlina;Air;PDAM;5404610385;361114;2000;363114;Mobile Banking;Sukses
TRX085452;2026-02-16;1000003488;Citra Dewi;TV Kabel;First Media;2849773484;304130;2000;306130;EDC;Sukses
TRX085494;2026-03-18;1000001294;Fajar Hidayat;Air;PDAM;7055479899;215506;3000;218506;Teller;Sukses
TRX085504;2026-02-26;1000000958;Citra Dewi;TV Kabel;Transvision;8423369220;83440;3000;86440;Internet Banking;Sukses
TRX085587;2026-03-21;1000003204;Joko Susilo;Air;PDAM;4567057316;246559;2500;249059;Internet Banking;Sukses
TRX085617;2026-02-13;1000001206;Andi Saputra;TV Kabel;Transvision;2562229750;400882;2500;403382;Mobile Banking;Sukses
TRX085670;2026-03-13;1000001678;Fajar Hidayat;Internet;IndiHome;3817628870;421332;2500;423832;Mobile Banking;Sukses
TRX085713;2026-01-08;1000004858;Eka Lestari;Internet;IndiHome;6579133351;65080;3000;68080;Mobile Banking;Sukses
TRX085731;2026-02-24;1000004407;Hadi Wijaya;TV Kabel;Transvision;9899234564;283708;3000;286708;EDC;Sukses
TRX085759;2026-02-15;1000001564;Andi Saputra;BPJS;BPJS Kesehatan;5233784680;183620;2000;185620;Mobile Banking;Sukses
TRX085763;2026-02-03;1000004612;Gina Marlina;BPJS;BPJS Kesehatan;4987863620;201923;2500;204423;Mobile Banking;Sukses
TRX085810;2026-01-10;1000004567;Dedi Pratama;Internet;Biznet;7590684135;50771;2000;52771;Internet Banking;Sukses
TRX085839;2026-01-19;1000003419;Andi Saputra;Internet;IndiHome;6782870046;431425;2500;433925;Teller;Sukses
TRX085849;2026-02-12;1000001841;Budi Santoso;Internet;IndiHome;5192276008;365707;2500;368207;EDC;Sukses
TRX085866;2026-01-08;1000003878;Intan Sari;TV Kabel;Transvision;1150110044;483522;3000;486522;Internet Banking;Sukses
TRX085886;2026-01-21;1000000304;Joko Susilo;Internet;IndiHome;7041117153;134657;2000;136657;Internet Banking;Sukses
TRX085892;2026-03-28;1000000812;Hadi Wijaya;Internet;Biznet;3718451085;215620;3000;218620;Internet Banking;Sukses
TRX086023;2026-01-18;1000002382;Budi Santoso;TV Kabel;First Media;9884563169;124755;2000;126755;Teller;Sukses
TRX086047;2026-03-27;1000002299;Dedi Pratama;TV Kabel;First Media;7986547795;332894;2500;335394;ATM;Sukses
TRX086104;2026-02-14;1000004737;Citra Dewi;Listrik;PLN;9510738706;60834;2500;63334;ATM;Sukses
TRX086107;2026-03-06;1000003413;Andi Saputra;TV Kabel;First Media;8373752699;87129;2500;89629;Teller;Sukses
TRX086198;2026-01-23;1000002672;Fajar Hidayat;Internet;Biznet;4555878936;444932;3000;447932;ATM;Sukses
TRX086213;2026-03-08;1000002202;Andi Saputra;BPJS;BPJS Kesehatan;1742409655;89679;2000;91679;ATM;Sukses
TRX086217;2026-03-27;1000004146;Intan Sari;TV Kabel;First Media;2819554808;456875;2500;459375;Internet Banking;Sukses
TRX086237;2026-02-19;1000002861;Intan Sari;TV Kabel;First Media;8649155890;252100;2500;254600;Teller;Sukses
TRX086257;2026-03-14;1000002428;Intan Sari;TV Kabel;Transvision;5893963695;412181;2500;414681;ATM;Sukses
TRX086284;2026-01-23;1000003565;Budi Santoso;Listrik;PLN;4498119416;67212;3000;70212;Teller;Sukses
TRX086303;2026-01-19;1000002652;Dedi Pratama;Listrik;PLN;8710978975;368070;2000;370070;EDC;Sukses
TRX086330;2026-02-03;1000001630;Hadi Wijaya;Internet;Biznet;7200172003;450737;2000;452737;Mobile Banking;Sukses
TRX086483;2026-03-19;1000001838;Intan Sari;Air;PDAM;8481095002;409312;3000;412312;EDC;Sukses
TRX086621;2026-03-26;1000003883;Dedi Pratama;BPJS;BPJS Kesehatan;6196170438;192866;2000;194866;EDC;Sukses
TRX086622;2026-03-29;1000004989;Citra Dewi;Internet;IndiHome;6027387394;143657;3000;146657;Teller;Sukses
TRX086696;2026-03-29;1000001280;Fajar Hidayat;BPJS;BPJS Kesehatan;5333957372;185245;3000;188245;EDC;Sukses
TRX086700;2026-02-17;1000002987;Hadi Wijaya;BPJS;BPJS Kesehatan;5923120954;65013;3000;68013;Mobile Banking;Sukses
TRX086720;2026-03-11;1000002034;Intan Sari;Listrik;PLN;1176953072;217957;2500;220457;Internet Banking;Sukses
TRX086739;2026-03-01;1000003546;Budi Santoso;TV Kabel;First Media;6793739371;181347;3000;184347;EDC;Sukses
TRX086818;2026-02-01;1000003336;Intan Sari;BPJS;BPJS Kesehatan;8115285010;494350;3000;497350;Teller;Sukses
TRX086823;2026-03-21;1000001717;Citra Dewi;TV Kabel;Transvision;9259996949;253808;3000;256808;Mobile Banking;Sukses
TRX086827;2026-02-02;1000001346;Budi Santoso;Air;PDAM;3630594811;169545;3000;172545;Internet Banking;Sukses
TRX086831;2026-01-06;1000004465;Intan Sari;Internet;Biznet;4013252146;493530;2000;495530;Teller;Sukses
TRX086870;2026-04-01;1000001726;Dedi Pratama;Internet;Biznet;3031308422;122217;3000;125217;Internet Banking;Sukses
TRX086909;2026-02-12;1000004031;Hadi Wijaya;Listrik;PLN;9569629304;269067;2000;271067;ATM;Sukses
TRX086928;2026-02-05;1000001998;Dedi Pratama;TV Kabel;First Media;4590530993;421243;2500;423743;EDC;Sukses
TRX086944;2026-02-09;1000003912;Joko Susilo;Internet;IndiHome;5631196721;86053;2500;88553;Mobile Banking;Sukses
TRX086961;2026-02-11;1000000026;Intan Sari;BPJS;BPJS Kesehatan;7612830057;51796;3000;54796;ATM;Sukses
TRX086962;2026-03-23;1000000610;Citra Dewi;BPJS;BPJS Kesehatan;8985717177;257670;2000;259670;EDC;Sukses
TRX086980;2026-02-21;1000001349;Eka Lestari;BPJS;BPJS Kesehatan;9470631611;180668;3000;183668;ATM;Sukses
TRX086997;2026-03-21;1000002716;Dedi Pratama;Listrik;PLN;7457685047;98993;3000;101993;Internet Banking;Sukses
TRX087095;2026-01-17;1000002130;Budi Santoso;Internet;Biznet;2292406239;459259;2500;461759;EDC;Sukses
TRX087191;2026-01-09;1000002102;Intan Sari;Internet;Biznet;8774296203;222397;2000;224397;Mobile Banking;Sukses
TRX087307;2026-02-04;1000004050;Citra Dewi;Air;PDAM;5039881744;290597;2500;293097;Internet Banking;Sukses
TRX087442;2026-02-11;1000004907;Fajar Hidayat;Internet;Biznet;6127867863;337402;3000;340402;Teller;Sukses
TRX087445;2026-01-18;1000002324;Fajar Hidayat;BPJS;BPJS Kesehatan;1802069847;258581;3000;261581;ATM;Sukses
TRX087531;2026-03-25;1000004605;Eka Lestari;BPJS;BPJS Kesehatan;2599946441;371084;2000;373084;ATM;Sukses
TRX087537;2026-01-28;1000000745;Joko Susilo;Air;PDAM;9019978666;315170;2500;317670;Internet Banking;Sukses
TRX087552;2026-01-11;1000002821;Joko Susilo;TV Kabel;Transvision;8156693496;343228;3000;346228;Mobile Banking;Sukses
TRX087555;2026-02-12;1000004635;Intan Sari;Air;PDAM;4786425208;132238;2500;134738;ATM;Sukses
TRX087675;2026-01-12;1000003238;Intan Sari;Air;PDAM;9635421615;462200;3000;465200;EDC;Sukses
TRX087690;2026-02-04;1000003919;Andi Saputra;Internet;Biznet;4042906120;389840;2000;391840;Internet Banking;Sukses
TRX087712;2026-02-25;1000003085;Budi Santoso;Listrik;PLN;8702971024;190540;2500;193040;Internet Banking;Sukses
TRX087811;2026-02-06;1000002898;Intan Sari;Internet;Biznet;1730800632;152625;3000;155625;Teller;Sukses
TRX087817;2026-03-07;1000000079;Dedi Pratama;BPJS;BPJS Kesehatan;4677983060;83393;2500;85893;Teller;Sukses
TRX087866;2026-01-13;1000000458;Joko Susilo;Listrik;PLN;4689340899;407531;2500;410031;Teller;Sukses
TRX087882;2026-02-17;1000000136;Joko Susilo;TV Kabel;Transvision;7894895397;90171;2500;92671;Internet Banking;Sukses
TRX087901;2026-03-06;1000004891;Dedi Pratama;Internet;Biznet;7123803285;268470;2500;270970;ATM;Sukses
TRX087935;2026-01-08;1000002680;Eka Lestari;TV Kabel;First Media;9106703798;238530;2000;240530;ATM;Sukses
TRX087967;2026-02-20;1000001527;Joko Susilo;BPJS;BPJS Kesehatan;7534760194;100764;2500;103264;Mobile Banking;Sukses
TRX087982;2026-01-30;1000003975;Eka Lestari;Air;PDAM;5495587776;484624;2000;486624;Mobile Banking;Sukses
TRX087988;2026-02-03;1000003549;Intan Sari;Air;PDAM;9342509062;232769;2000;234769;Mobile Banking;Sukses
TRX087998;2026-02-13;1000002869;Andi Saputra;Air;PDAM;4529639786;451718;2500;454218;Internet Banking;Sukses
TRX088037;2026-02-03;1000003837;Budi Santoso;Internet;Biznet;3809974905;246512;2000;248512;Mobile Banking;Sukses
TRX088118;2026-01-15;1000004879;Gina Marlina;Air;PDAM;4021066168;63368;3000;66368;EDC;Sukses
TRX088183;2026-01-22;1000000311;Gina Marlina;Listrik;PLN;1075464349;131567;2000;133567;EDC;Sukses
TRX088214;2026-01-29;1000001312;Eka Lestari;TV Kabel;Transvision;7909322355;168754;3000;171754;Internet Banking;Sukses
TRX088222;2026-03-27;1000003775;Eka Lestari;TV Kabel;Transvision;6132418138;235860;2000;237860;EDC;Sukses
TRX088312;2026-03-24;1000002748;Gina Marlina;Air;PDAM;9588560790;259107;3000;262107;EDC;Sukses
TRX088335;2026-02-11;1000003234;Fajar Hidayat;BPJS;BPJS Kesehatan;3844886759;372312;3000;375312;ATM;Sukses
TRX088538;2026-02-06;1000004941;Andi Saputra;BPJS;BPJS Kesehatan;6864015137;62534;3000;65534;EDC;Sukses
TRX088552;2026-01-19;1000000606;Eka Lestari;BPJS;BPJS Kesehatan;6022569177;185441;3000;188441;Internet Banking;Sukses
TRX088582;2026-02-26;1000003899;Fajar Hidayat;TV Kabel;Transvision;3596187667;98157;2000;100157;EDC;Sukses
TRX088633;2026-03-24;1000003695;Hadi Wijaya;TV Kabel;Transvision;1164580812;478895;3000;481895;ATM;Sukses
TRX088652;2026-03-01;1000001851;Eka Lestari;Air;PDAM;5645724288;382127;2500;384627;EDC;Sukses
TRX088722;2026-01-09;1000002047;Eka Lestari;Air;PDAM;6580612792;244190;2500;246690;Internet Banking;Sukses
TRX088740;2026-03-30;1000002195;Andi Saputra;BPJS;BPJS Kesehatan;5685450985;297300;3000;300300;Internet Banking;Sukses
TRX088859;2026-02-22;1000001021;Intan Sari;Air;PDAM;5693578552;431307;2500;433807;Internet Banking;Sukses
TRX088871;2026-01-02;1000002243;Fajar Hidayat;BPJS;BPJS Kesehatan;5251630391;496731;2000;498731;EDC;Sukses
TRX088879;2026-03-29;1000004094;Intan Sari;Internet;IndiHome;6321383129;402371;2500;404871;EDC;Sukses
TRX088881;2026-03-04;1000004431;Dedi Pratama;TV Kabel;Transvision;6927985408;173525;3000;176525;Internet Banking;Sukses
TRX088987;2026-02-26;1000000682;Andi Saputra;Internet;Biznet;3800166375;357816;2500;360316;Internet Banking;Sukses
TRX089015;2026-01-14;1000004886;Dedi Pratama;BPJS;BPJS Kesehatan;7636596643;456243;3000;459243;EDC;Sukses
TRX089028;2026-03-18;1000000910;Eka Lestari;TV Kabel;Transvision;2046715705;300291;2000;302291;Teller;Sukses
TRX089108;2026-02-16;1000000038;Eka Lestari;TV Kabel;First Media;3561262433;463398;3000;466398;Internet Banking;Sukses
TRX089124;2026-03-24;1000004766;Hadi Wijaya;TV Kabel;First Media;5070385402;499464;3000;502464;ATM;Sukses
TRX089175;2026-02-24;1000003627;Citra Dewi;Internet;Biznet;1405698866;163460;2500;165960;ATM;Sukses
TRX089209;2026-02-06;1000001904;Dedi Pratama;Internet;IndiHome;6350256997;386319;2500;388819;Internet Banking;Sukses
TRX089212;2026-01-06;1000000522;Budi Santoso;TV Kabel;First Media;8324661293;385512;2500;388012;Internet Banking;Sukses
TRX089276;2026-01-10;1000002756;Gina Marlina;TV Kabel;Transvision;6083140102;149634;2500;152134;Mobile Banking;Sukses
TRX089288;2026-02-24;1000003103;Citra Dewi;Listrik;PLN;5926448269;191761;2500;194261;EDC;Sukses
TRX089318;2026-03-12;1000002973;Gina Marlina;TV Kabel;First Media;9372221891;123494;2000;125494;Internet Banking;Sukses
TRX089329;2026-03-14;1000003811;Andi Saputra;Air;PDAM;2625951448;430220;2500;432720;Mobile Banking;Sukses
TRX089393;2026-03-02;1000003901;Budi Santoso;Internet;Biznet;5237691245;228228;3000;231228;Internet Banking;Sukses
TRX089410;2026-01-31;1000001254;Gina Marlina;TV Kabel;First Media;7004381213;407293;2000;409293;ATM;Sukses
TRX089478;2026-03-02;1000003931;Joko Susilo;TV Kabel;First Media;3649012943;263417;2500;265917;EDC;Sukses
TRX089504;2026-01-04;1000004038;Dedi Pratama;Internet;Biznet;1378051109;204390;2000;206390;Internet Banking;Sukses
TRX089513;2026-01-29;1000004311;Intan Sari;TV Kabel;Transvision;1110765220;287886;2000;289886;ATM;Sukses
TRX089532;2026-02-28;1000002264;Hadi Wijaya;Air;PDAM;1672158022;78446;2000;80446;ATM;Sukses
TRX089540;2026-02-08;1000003881;Intan Sari;TV Kabel;Transvision;7453374561;147804;3000;150804;Teller;Sukses
TRX089594;2026-02-04;1000003615;Fajar Hidayat;Air;PDAM;9887660472;352974;3000;355974;Mobile Banking;Sukses
TRX089625;2026-02-12;1000001854;Eka Lestari;TV Kabel;Transvision;2008730031;54859;2500;57359;Internet Banking;Sukses
TRX089637;2026-01-05;1000000893;Andi Saputra;BPJS;BPJS Kesehatan;4750669833;142888;3000;145888;Internet Banking;Sukses
TRX089651;2026-02-08;1000001757;Intan Sari;BPJS;BPJS Kesehatan;4224734079;189043;2000;191043;ATM;Sukses
TRX089661;2026-02-10;1000003700;Joko Susilo;TV Kabel;Transvision;4482018325;172094;2000;174094;Mobile Banking;Sukses
TRX089686;2026-02-23;1000003828;Gina Marlina;TV Kabel;Transvision;3992233512;67220;3000;70220;Mobile Banking;Sukses
TRX089771;2026-01-05;1000002882;Gina Marlina;TV Kabel;First Media;9352856720;91003;2000;93003;EDC;Sukses
TRX089803;2026-01-19;1000001113;Eka Lestari;TV Kabel;First Media;4551131618;458456;2000;460456;Teller;Sukses
TRX089828;2026-01-22;1000004999;Joko Susilo;TV Kabel;First Media;2069224993;318116;3000;321116;Teller;Sukses
TRX089858;2026-01-14;1000003836;Citra Dewi;Internet;Biznet;2965484480;191995;2000;193995;EDC;Sukses
TRX089893;2026-01-17;1000002491;Budi Santoso;BPJS;BPJS Kesehatan;1369999412;140112;3000;143112;Internet Banking;Sukses
TRX089906;2026-02-13;1000004631;Joko Susilo;TV Kabel;First Media;6096352588;405737;2000;407737;Teller;Sukses
TRX089908;2026-01-15;1000003444;Gina Marlina;TV Kabel;Transvision;2543401344;310643;2000;312643;Mobile Banking;Sukses
TRX089957;2026-02-03;1000000335;Budi Santoso;TV Kabel;Transvision;4262711081;58471;2500;60971;EDC;Sukses
TRX089975;2026-01-18;1000002690;Fajar Hidayat;Internet;IndiHome;9938997172;76116;2000;78116;Mobile Banking;Sukses
TRX089979;2026-02-17;1000004238;Budi Santoso;Listrik;PLN;4158471892;291954;3000;294954;Internet Banking;Sukses
TRX089987;2026-01-25;1000003193;Hadi Wijaya;TV Kabel;First Media;5472087433;218616;2000;220616;ATM;Sukses
TRX090029;2026-02-14;1000004706;Dedi Pratama;TV Kabel;First Media;6076805740;147376;2500;149876;EDC;Sukses
TRX090104;2026-02-07;1000004180;Andi Saputra;TV Kabel;First Media;2805270573;251422;2000;253422;Mobile Banking;Sukses
TRX090254;2026-01-31;1000002728;Eka Lestari;TV Kabel;Transvision;6125467704;339690;2000;341690;Internet Banking;Sukses
TRX090312;2026-01-31;1000000429;Citra Dewi;Internet;IndiHome;3903001442;263813;3000;266813;Teller;Sukses
TRX090319;2026-03-05;1000003679;Andi Saputra;Internet;Biznet;5902830701;59210;2000;61210;Mobile Banking;Sukses
TRX090392;2026-02-06;1000000243;Budi Santoso;Air;PDAM;1346745636;302999;3000;305999;ATM;Sukses
TRX090419;2026-04-01;1000001079;Andi Saputra;Internet;Biznet;2629205297;319409;2500;321909;Mobile Banking;Sukses
TRX090449;2026-01-17;1000001515;Intan Sari;Internet;Biznet;4460679201;489278;3000;492278;Internet Banking;Sukses
TRX090491;2026-03-03;1000003129;Andi Saputra;Internet;IndiHome;1856174891;457770;3000;460770;EDC;Sukses
TRX090498;2026-03-25;1000003415;Fajar Hidayat;TV Kabel;Transvision;6611255046;422838;3000;425838;Internet Banking;Sukses
TRX090500;2026-02-20;1000001844;Dedi Pratama;Air;PDAM;9467385313;204508;2000;206508;Internet Banking;Sukses
TRX090513;2026-02-27;1000004572;Andi Saputra;Listrik;PLN;1926519395;178137;2000;180137;Internet Banking;Sukses
TRX090560;2026-02-22;1000004459;Eka Lestari;TV Kabel;Transvision;4770911087;202724;3000;205724;Internet Banking;Sukses
TRX090625;2026-01-03;1000001360;Hadi Wijaya;BPJS;BPJS Kesehatan;3226160668;360076;2000;362076;ATM;Sukses
TRX090704;2026-03-08;1000002872;Intan Sari;TV Kabel;Transvision;9036770066;294046;3000;297046;Mobile Banking;Sukses
TRX090763;2026-01-19;1000004065;Eka Lestari;TV Kabel;Transvision;1482941654;85533;2500;88033;Internet Banking;Sukses
TRX090858;2026-03-27;1000001400;Budi Santoso;BPJS;BPJS Kesehatan;7884177756;403163;2500;405663;Teller;Sukses
TRX090859;2026-02-26;1000002794;Hadi Wijaya;Listrik;PLN;3201890545;73938;2500;76438;Mobile Banking;Sukses
TRX090870;2026-03-03;1000000181;Joko Susilo;BPJS;BPJS Kesehatan;7641917271;248940;2500;251440;ATM;Sukses
TRX090878;2026-03-15;1000004524;Andi Saputra;TV Kabel;First Media;3734735629;424498;2000;426498;Teller;Sukses
TRX090907;2026-03-07;1000003555;Gina Marlina;BPJS;BPJS Kesehatan;3877474638;199780;3000;202780;Internet Banking;Sukses
TRX090924;2026-01-06;1000004445;Gina Marlina;Internet;IndiHome;3544049490;93971;2500;96471;Internet Banking;Sukses
TRX090958;2026-01-27;1000000697;Eka Lestari;Internet;IndiHome;1012889609;213546;2000;215546;Mobile Banking;Sukses
TRX090962;2026-03-16;1000004115;Intan Sari;Internet;Biznet;1414455628;197612;2000;199612;ATM;Sukses
TRX090982;2026-03-12;1000004110;Budi Santoso;BPJS;BPJS Kesehatan;2360788999;278827;2500;281327;EDC;Sukses
TRX090993;2026-03-28;1000000848;Budi Santoso;Internet;IndiHome;2644293749;194189;3000;197189;ATM;Sukses
TRX091002;2026-02-03;1000001292;Andi Saputra;Internet;IndiHome;2008853577;109090;3000;112090;ATM;Sukses
TRX091084;2026-04-01;1000001828;Eka Lestari;BPJS;BPJS Kesehatan;1810478201;260746;2500;263246;EDC;Sukses
TRX091113;2026-02-15;1000003248;Intan Sari;Internet;IndiHome;4315496308;465520;2500;468020;Internet Banking;Sukses
TRX091143;2026-02-03;1000000370;Intan Sari;Internet;IndiHome;7293082191;346172;2000;348172;Internet Banking;Sukses
TRX091207;2026-01-25;1000004827;Gina Marlina;TV Kabel;Transvision;8845584223;87272;2500;89772;Teller;Sukses
TRX091224;2026-01-16;1000003400;Citra Dewi;Internet;IndiHome;6740317022;459546;2500;462046;ATM;Sukses
TRX091228;2026-03-27;1000001320;Fajar Hidayat;Internet;IndiHome;9602177798;76323;3000;79323;EDC;Sukses
TRX091324;2026-03-08;1000004986;Budi Santoso;Listrik;PLN;1153242986;472870;2000;474870;Teller;Sukses
TRX091350;2026-02-08;1000002385;Dedi Pratama;TV Kabel;First Media;2661839400;220100;2000;222100;Internet Banking;Sukses
TRX091506;2026-03-14;1000004862;Citra Dewi;Internet;IndiHome;1361184727;228960;2000;230960;EDC;Sukses
TRX091591;2026-01-16;1000000920;Gina Marlina;Internet;IndiHome;3327216852;222047;2500;224547;Teller;Sukses
TRX091633;2026-03-01;1000003263;Andi Saputra;Listrik;PLN;3452984504;370638;3000;373638;ATM;Sukses
TRX091662;2026-02-26;1000001534;Dedi Pratama;TV Kabel;Transvision;7531438736;474398;2500;476898;EDC;Sukses
TRX091665;2026-03-17;1000000686;Hadi Wijaya;TV Kabel;Transvision;6136335654;110867;3000;113867;ATM;Sukses
TRX091690;2026-02-09;1000002225;Dedi Pratama;TV Kabel;Transvision;2583363904;373031;3000;376031;Internet Banking;Sukses
TRX091720;2026-04-01;1000001469;Hadi Wijaya;Listrik;PLN;6331779638;423825;2500;426325;Mobile Banking;Sukses
TRX091742;2026-03-29;1000002415;Joko Susilo;Listrik;PLN;5384292627;82292;3000;85292;ATM;Sukses
TRX091817;2026-03-14;1000002094;Intan Sari;TV Kabel;First Media;1991404413;370831;2000;372831;Internet Banking;Sukses
TRX091844;2026-02-25;1000000336;Fajar Hidayat;TV Kabel;First Media;7071513939;352681;2000;354681;Mobile Banking;Sukses
TRX091847;2026-02-28;1000003344;Intan Sari;TV Kabel;First Media;1907668743;352664;2500;355164;Mobile Banking;Sukses
TRX091877;2026-03-14;1000002341;Eka Lestari;TV Kabel;First Media;7053337244;74484;2500;76984;Mobile Banking;Sukses
TRX091894;2026-03-24;1000004244;Andi Saputra;TV Kabel;Transvision;9018616460;79767;3000;82767;Internet Banking;Sukses
TRX091936;2026-02-25;1000002176;Fajar Hidayat;BPJS;BPJS Kesehatan;9622061683;94122;3000;97122;EDC;Sukses
TRX091977;2026-01-25;1000000414;Joko Susilo;Listrik;PLN;8614427630;221633;2000;223633;Teller;Sukses
TRX092019;2026-02-03;1000002575;Hadi Wijaya;Air;PDAM;3694782082;98960;2000;100960;ATM;Sukses
TRX092030;2026-03-19;1000001941;Hadi Wijaya;Internet;Biznet;3019671846;484664;2000;486664;EDC;Sukses
TRX092083;2026-03-15;1000003605;Gina Marlina;Listrik;PLN;5325176880;477768;3000;480768;Internet Banking;Sukses
TRX092102;2026-03-11;1000004157;Intan Sari;TV Kabel;Transvision;1987991699;161759;2500;164259;Teller;Sukses
TRX092119;2026-01-07;1000002794;Hadi Wijaya;BPJS;BPJS Kesehatan;8146059886;208600;3000;211600;Teller;Sukses
TRX092136;2026-02-19;1000001532;Dedi Pratama;Internet;Biznet;7245385876;55202;3000;58202;Mobile Banking;Sukses
TRX092220;2026-03-21;1000003969;Budi Santoso;TV Kabel;First Media;1593366769;344795;2500;347295;Teller;Sukses
TRX092254;2026-01-30;1000003811;Andi Saputra;TV Kabel;Transvision;6129954300;311488;2000;313488;Mobile Banking;Sukses
TRX092268;2026-01-01;1000000641;Andi Saputra;Listrik;PLN;6235674350;127601;2000;129601;ATM;Sukses
TRX092280;2026-02-24;1000004994;Joko Susilo;Internet;Biznet;8313423809;156879;2500;159379;Internet Banking;Sukses
TRX092287;2026-03-17;1000001387;Gina Marlina;Listrik;PLN;6070322320;157175;2500;159675;EDC;Sukses
TRX092292;2026-03-19;1000000790;Fajar Hidayat;Internet;IndiHome;7057203747;394354;2000;396354;Internet Banking;Sukses
TRX092369;2026-01-08;1000000656;Fajar Hidayat;Air;PDAM;3736616008;480588;3000;483588;EDC;Sukses
TRX092451;2026-03-09;1000004061;Eka Lestari;TV Kabel;Transvision;2781214204;384778;2000;386778;Teller;Sukses
TRX092458;2026-02-07;1000000908;Intan Sari;Air;PDAM;6860086659;222367;2000;224367;Mobile Banking;Sukses
TRX092491;2026-03-11;1000001934;Joko Susilo;Internet;Biznet;7678439708;404100;2000;406100;Mobile Banking;Sukses
TRX092560;2026-03-04;1000004976;Budi Santoso;Listrik;PLN;8138127574;111176;3000;114176;Teller;Sukses
TRX092597;2026-01-05;1000001898;Gina Marlina;Air;PDAM;9099054740;480438;2000;482438;Mobile Banking;Sukses
TRX092611;2026-02-06;1000001818;Eka Lestari;Internet;IndiHome;8136739803;190205;2500;192705;Mobile Banking;Sukses
TRX092621;2026-02-15;1000003920;Dedi Pratama;Air;PDAM;4334211353;401710;2000;403710;Teller;Sukses
TRX092626;2026-01-31;1000001361;Andi Saputra;Internet;IndiHome;5121089837;470575;2000;472575;EDC;Sukses
TRX092661;2026-03-12;1000004241;Dedi Pratama;Air;PDAM;7635710390;445062;2500;447562;Mobile Banking;Sukses
TRX092668;2026-03-26;1000003180;Gina Marlina;Internet;IndiHome;4675927278;242011;2500;244511;Teller;Sukses
TRX092981;2026-03-15;1000004317;Joko Susilo;BPJS;BPJS Kesehatan;9990361195;160132;2500;162632;Internet Banking;Sukses
TRX092992;2026-01-16;1000004872;Gina Marlina;TV Kabel;Transvision;3130670470;100370;2500;102870;Internet Banking;Sukses
TRX093003;2026-01-30;1000000318;Intan Sari;TV Kabel;Transvision;2526724431;108952;2000;110952;ATM;Sukses
TRX093011;2026-02-21;1000000855;Hadi Wijaya;Listrik;PLN;5181522420;297699;2000;299699;ATM;Sukses
TRX093037;2026-02-11;1000002016;Fajar Hidayat;Internet;IndiHome;9590710370;294823;2000;296823;Teller;Sukses
TRX093044;2026-01-23;1000000670;Hadi Wijaya;Internet;IndiHome;2192419465;55994;2000;57994;Mobile Banking;Sukses
TRX093088;2026-02-07;1000002269;Citra Dewi;Air;PDAM;3491461379;367209;2500;369709;ATM;Sukses
TRX093155;2026-03-23;1000001885;Dedi Pratama;Air;PDAM;9062857726;395298;3000;398298;Mobile Banking;Sukses
TRX093159;2026-02-21;1000000201;Eka Lestari;TV Kabel;First Media;9727954732;435337;2000;437337;Mobile Banking;Sukses
TRX093216;2026-01-04;1000001258;Fajar Hidayat;Internet;IndiHome;5072685142;313686;2500;316186;Teller;Sukses
TRX093240;2026-03-06;1000001223;Eka Lestari;Air;PDAM;4203237636;80727;2000;82727;Teller;Sukses
TRX093260;2026-03-31;1000001701;Intan Sari;TV Kabel;First Media;8240839611;149945;3000;152945;Internet Banking;Sukses
TRX093328;2026-04-01;1000002470;Eka Lestari;Air;PDAM;9027875432;349533;2000;351533;Mobile Banking;Sukses
TRX093371;2026-02-20;1000001364;Budi Santoso;TV Kabel;Transvision;1816165631;406847;3000;409847;Internet Banking;Sukses
TRX093379;2026-03-30;1000002532;Joko Susilo;Air;PDAM;8881013670;253345;3000;256345;Internet Banking;Sukses
TRX093430;2026-02-04;1000003270;Fajar Hidayat;Internet;Biznet;1788168595;461171;2500;463671;Internet Banking;Sukses
TRX093462;2026-02-20;1000004572;Andi Saputra;TV Kabel;First Media;1514450055;237230;2500;239730;EDC;Sukses
TRX093505;2026-01-13;1000003249;Gina Marlina;Internet;Biznet;1687391516;457076;3000;460076;EDC;Sukses
TRX093580;2026-03-05;1000004101;Citra Dewi;Air;PDAM;3163715526;388842;2000;390842;ATM;Sukses
TRX093587;2026-01-06;1000001224;Eka Lestari;TV Kabel;Transvision;5096165475;406600;2500;409100;ATM;Sukses
TRX093605;2026-02-13;1000003573;Joko Susilo;Listrik;PLN;2575793377;437269;2500;439769;Mobile Banking;Sukses
TRX093613;2026-01-30;1000003343;Joko Susilo;TV Kabel;First Media;7224643585;66441;2000;68441;Mobile Banking;Sukses
TRX093634;2026-01-08;1000003282;Budi Santoso;Internet;IndiHome;3344184472;260048;2000;262048;Mobile Banking;Sukses
TRX093635;2026-01-26;1000004867;Gina Marlina;Air;PDAM;1693252652;219356;3000;222356;Internet Banking;Sukses
TRX093713;2026-03-27;1000004531;Eka Lestari;Internet;Biznet;7211681046;307659;2000;309659;Mobile Banking;Sukses
TRX093732;2026-01-20;1000003179;Gina Marlina;Air;PDAM;6987899364;82622;2500;85122;EDC;Sukses
TRX093811;2026-01-05;1000002619;Joko Susilo;Internet;IndiHome;6680852029;328804;2000;330804;Teller;Sukses
TRX093868;2026-01-06;1000004573;Andi Saputra;Listrik;PLN;5654561303;195409;2500;197909;Internet Banking;Sukses
TRX093873;2026-02-23;1000001771;Citra Dewi;BPJS;BPJS Kesehatan;8309121720;484243;3000;487243;ATM;Sukses
TRX093884;2026-03-04;1000002193;Dedi Pratama;Internet;Biznet;5936238686;369853;2500;372353;Internet Banking;Sukses
TRX093948;2026-01-28;1000002339;Intan Sari;TV Kabel;Transvision;4851080721;374950;2500;377450;Internet Banking;Sukses
TRX093965;2026-01-07;1000003089;Andi Saputra;BPJS;BPJS Kesehatan;5086064782;274859;3000;277859;Mobile Banking;Sukses
TRX094123;2026-01-18;1000003887;Dedi Pratama;Internet;Biznet;7710872314;67296;3000;70296;Teller;Sukses
TRX094126;2026-03-24;1000000904;Eka Lestari;Internet;Biznet;3793973371;117077;3000;120077;Teller;Sukses
TRX094226;2026-02-11;1000000980;Hadi Wijaya;Air;PDAM;7834757657;473037;2500;475537;ATM;Sukses
TRX094268;2026-03-03;1000003724;Dedi Pratama;TV Kabel;Transvision;5418214281;178184;2500;180684;EDC;Sukses
TRX094406;2026-02-19;1000003252;Fajar Hidayat;TV Kabel;First Media;4973314081;325836;2500;328336;Teller;Sukses
TRX094428;2026-02-09;1000002245;Andi Saputra;TV Kabel;Transvision;8723052447;50613;3000;53613;Internet Banking;Sukses
TRX094434;2026-01-26;1000001715;Eka Lestari;Air;PDAM;7145862368;265698;3000;268698;ATM;Sukses
TRX094460;2026-02-06;1000001120;Fajar Hidayat;BPJS;BPJS Kesehatan;4612720902;132289;2500;134789;Teller;Sukses
TRX094493;2026-02-15;1000001973;Andi Saputra;Internet;IndiHome;8322296085;451464;2500;453964;EDC;Sukses
TRX094608;2026-02-08;1000004359;Eka Lestari;Internet;IndiHome;3391589623;449780;3000;452780;Internet Banking;Sukses
TRX094643;2026-01-19;1000003675;Hadi Wijaya;TV Kabel;First Media;9770389351;85064;2000;87064;ATM;Sukses
TRX094652;2026-01-04;1000000946;Hadi Wijaya;TV Kabel;Transvision;9081252473;277250;3000;280250;Teller;Sukses
TRX094671;2026-01-11;1000001386;Joko Susilo;Internet;IndiHome;4268888092;420255;3000;423255;Mobile Banking;Sukses
TRX094672;2026-02-17;1000002610;Eka Lestari;Internet;Biznet;1658009906;274744;3000;277744;ATM;Sukses
TRX094685;2026-02-09;1000000495;Hadi Wijaya;BPJS;BPJS Kesehatan;9924235979;340714;2000;342714;ATM;Sukses
TRX094697;2026-02-03;1000004394;Andi Saputra;Listrik;PLN;3709603872;274572;2000;276572;EDC;Sukses
TRX094747;2026-01-28;1000000989;Gina Marlina;Air;PDAM;7583025281;211870;2500;214370;Mobile Banking;Sukses
TRX094751;2026-02-11;1000003852;Hadi Wijaya;Listrik;PLN;7867926324;73021;3000;76021;EDC;Sukses
TRX094753;2026-04-01;1000004895;Fajar Hidayat;BPJS;BPJS Kesehatan;9547272718;413156;2000;415156;Mobile Banking;Sukses
TRX094888;2026-02-12;1000000780;Budi Santoso;Listrik;PLN;8300018787;76290;3000;79290;Mobile Banking;Sukses
TRX094889;2026-02-27;1000002735;Dedi Pratama;Air;PDAM;5323781283;366383;2500;368883;Internet Banking;Sukses
TRX094983;2026-02-07;1000003440;Gina Marlina;TV Kabel;First Media;9444780702;170081;2500;172581;Internet Banking;Sukses
TRX095061;2026-03-08;1000003813;Intan Sari;Internet;IndiHome;5555677401;208687;2000;210687;ATM;Sukses
TRX095146;2026-01-28;1000002763;Hadi Wijaya;Listrik;PLN;7886607940;303532;3000;306532;Internet Banking;Sukses
TRX095330;2026-02-11;1000001427;Intan Sari;Internet;IndiHome;8447018304;151181;2500;153681;Teller;Sukses
TRX095347;2026-03-07;1000003218;Dedi Pratama;Internet;Biznet;9655872996;282494;2000;284494;ATM;Sukses
TRX095479;2026-02-01;1000000061;Eka Lestari;Internet;IndiHome;8777275324;156666;2500;159166;Internet Banking;Sukses
TRX095489;2026-03-25;1000004358;Fajar Hidayat;Internet;IndiHome;5647636159;208629;2500;211129;Internet Banking;Sukses
TRX095499;2026-01-25;1000001257;Dedi Pratama;Internet;IndiHome;4145148773;496134;2500;498634;Internet Banking;Sukses
TRX095515;2026-01-30;1000000302;Joko Susilo;Listrik;PLN;7426389796;124899;2000;126899;Internet Banking;Sukses
TRX095543;2026-02-13;1000002512;Hadi Wijaya;TV Kabel;First Media;5342502395;389718;2500;392218;Mobile Banking;Sukses
TRX095549;2026-03-12;1000002619;Joko Susilo;Internet;IndiHome;8657305346;484855;2500;487355;Internet Banking;Sukses
TRX095589;2026-02-28;1000001135;Fajar Hidayat;BPJS;BPJS Kesehatan;1813847399;235707;2000;237707;EDC;Sukses
TRX095683;2026-02-05;1000000382;Budi Santoso;Internet;Biznet;5609107239;314012;2500;316512;Teller;Sukses
TRX095706;2026-02-01;1000004055;Citra Dewi;Internet;Biznet;8407812142;462574;3000;465574;ATM;Sukses
TRX095721;2026-02-10;1000001093;Citra Dewi;Internet;Biznet;7425416757;225795;2000;227795;Teller;Sukses
TRX095750;2026-03-28;1000001110;Eka Lestari;Listrik;PLN;4586688585;234004;2000;236004;EDC;Sukses
TRX095771;2026-03-04;1000001680;Andi Saputra;TV Kabel;Transvision;1165620902;275298;2500;277798;ATM;Sukses
TRX095979;2026-03-25;1000000683;Citra Dewi;Listrik;PLN;1706898348;422365;2000;424365;Mobile Banking;Sukses
TRX096016;2026-03-23;1000004426;Eka Lestari;Internet;IndiHome;8502501480;73126;2000;75126;EDC;Sukses
TRX096043;2026-03-27;1000000604;Fajar Hidayat;BPJS;BPJS Kesehatan;8406453749;339694;2000;341694;EDC;Sukses
TRX096083;2026-03-16;1000004207;Joko Susilo;Internet;IndiHome;4005228352;491757;3000;494757;EDC;Sukses
TRX096098;2026-03-12;1000003392;Citra Dewi;BPJS;BPJS Kesehatan;4499002025;435866;2000;437866;Teller;Sukses
TRX096289;2026-02-18;1000004170;Dedi Pratama;Listrik;PLN;1655989167;394779;2500;397279;Mobile Banking;Sukses
TRX096307;2026-01-15;1000004519;Intan Sari;Internet;IndiHome;2974116098;94521;3000;97521;ATM;Sukses
TRX096313;2026-02-04;1000003797;Fajar Hidayat;Listrik;PLN;4217682404;127610;2500;130110;Teller;Sukses
TRX096355;2026-01-12;1000000877;Gina Marlina;Listrik;PLN;4865637418;337670;2000;339670;Internet Banking;Sukses
TRX096370;2026-02-12;1000003050;Eka Lestari;Air;PDAM;7718429266;151855;2500;154355;Internet Banking;Sukses
TRX096406;2026-03-21;1000001861;Fajar Hidayat;TV Kabel;Transvision;3392568420;96880;3000;99880;Teller;Sukses
TRX096424;2026-01-23;1000002733;Dedi Pratama;Air;PDAM;9579884354;77437;2500;79937;Mobile Banking;Sukses
TRX096435;2026-03-21;1000004633;Budi Santoso;TV Kabel;First Media;4325419781;267001;2000;269001;EDC;Sukses
TRX096472;2026-01-13;1000001533;Joko Susilo;Internet;IndiHome;8186809596;147635;2500;150135;Internet Banking;Sukses
TRX096508;2026-03-08;1000002514;Budi Santoso;TV Kabel;Transvision;6280158505;287020;2000;289020;ATM;Sukses
TRX096511;2026-01-02;1000000152;Fajar Hidayat;Air;PDAM;3108582602;330711;3000;333711;ATM;Sukses
TRX096564;2026-01-25;1000001345;Citra Dewi;BPJS;BPJS Kesehatan;3104782571;442282;2000;444282;EDC;Sukses
TRX096569;2026-02-14;1000002393;Intan Sari;Air;PDAM;6558480551;391336;3000;394336;EDC;Sukses
TRX096578;2026-01-11;1000003730;Fajar Hidayat;Listrik;PLN;6798573854;481193;2500;483693;Mobile Banking;Sukses
TRX096643;2026-01-14;1000004902;Joko Susilo;BPJS;BPJS Kesehatan;7464069644;166048;2000;168048;Teller;Sukses
TRX096762;2026-03-18;1000004898;Fajar Hidayat;Internet;IndiHome;3866344412;476008;2000;478008;Internet Banking;Sukses
TRX096797;2026-03-19;1000000758;Eka Lestari;Listrik;PLN;9094263448;306101;3000;309101;Internet Banking;Sukses
TRX096808;2026-04-01;1000003420;Dedi Pratama;TV Kabel;Transvision;2513935828;378114;2000;380114;Internet Banking;Sukses
TRX096913;2026-02-26;1000001328;Gina Marlina;Listrik;PLN;5993075630;478465;3000;481465;Internet Banking;Sukses
TRX096970;2026-03-26;1000004964;Eka Lestari;TV Kabel;First Media;6520987926;171347;2000;173347;Mobile Banking;Sukses
TRX097062;2026-03-12;1000001407;Andi Saputra;Internet;IndiHome;2432899219;241747;3000;244747;ATM;Sukses
TRX097076;2026-03-20;1000001206;Andi Saputra;Internet;IndiHome;3519396396;372491;2000;374491;EDC;Sukses
TRX097254;2026-02-24;1000003877;Andi Saputra;TV Kabel;Transvision;1675373684;499620;2000;501620;Internet Banking;Sukses
TRX097385;2026-01-25;1000003563;Joko Susilo;TV Kabel;First Media;3574380990;268481;2500;270981;Internet Banking;Sukses
TRX097434;2026-02-07;1000002925;Dedi Pratama;Air;PDAM;2223295939;414927;2000;416927;ATM;Sukses
TRX097464;2026-03-26;1000001538;Andi Saputra;Internet;IndiHome;1523706201;364943;2000;366943;EDC;Sukses
TRX097527;2026-02-28;1000004054;Budi Santoso;Internet;Biznet;3199814382;356100;2500;358600;Mobile Banking;Sukses
TRX097539;2026-03-21;1000001788;Intan Sari;TV Kabel;Transvision;8519989619;227920;2500;230420;Teller;Sukses
TRX097554;2026-03-24;1000002024;Andi Saputra;Internet;IndiHome;5609254686;226788;3000;229788;Teller;Sukses
TRX097603;2026-02-01;1000002512;Hadi Wijaya;TV Kabel;First Media;9728681357;70866;2500;73366;Internet Banking;Sukses
TRX097614;2026-01-04;1000000096;Citra Dewi;BPJS;BPJS Kesehatan;8249655319;400219;3000;403219;ATM;Sukses
TRX097623;2026-01-05;1000000718;Hadi Wijaya;TV Kabel;Transvision;2458054684;482706;3000;485706;Teller;Sukses
TRX097661;2026-02-19;1000002920;Dedi Pratama;Internet;IndiHome;5240174998;294321;2500;296821;EDC;Sukses
TRX097713;2026-01-17;1000004277;Fajar Hidayat;BPJS;BPJS Kesehatan;7466596738;167672;2500;170172;Mobile Banking;Sukses
TRX097715;2026-01-21;1000001787;Eka Lestari;Listrik;PLN;7000192409;116732;3000;119732;Mobile Banking;Sukses
TRX097728;2026-01-22;1000004080;Eka Lestari;Listrik;PLN;5052017894;467594;2500;470094;EDC;Sukses
TRX097737;2026-02-13;1000000530;Andi Saputra;Listrik;PLN;6218058070;310468;3000;313468;EDC;Sukses
TRX097783;2026-01-26;1000003535;Gina Marlina;TV Kabel;Transvision;2356584359;55714;2500;58214;Teller;Sukses
TRX097852;2026-02-11;1000001319;Andi Saputra;Internet;IndiHome;3164732938;387887;2500;390387;Teller;Sukses
TRX097862;2026-03-05;1000001804;Intan Sari;Air;PDAM;8884200992;412089;3000;415089;Teller;Sukses
TRX097863;2026-03-28;1000004823;Hadi Wijaya;TV Kabel;Transvision;2761189599;322103;2500;324603;Internet Banking;Sukses
TRX097878;2026-02-01;1000003502;Dedi Pratama;Listrik;PLN;4870944665;492764;2000;494764;ATM;Sukses
TRX097887;2026-03-19;1000003362;Dedi Pratama;TV Kabel;Transvision;8009907465;211816;2500;214316;Mobile Banking;Sukses
TRX097941;2026-03-18;1000000128;Andi Saputra;Internet;Biznet;9093207462;77394;2500;79894;Internet Banking;Sukses
TRX097971;2026-02-23;1000000826;Intan Sari;Internet;Biznet;8050744811;90496;2000;92496;EDC;Sukses
TRX097986;2026-01-02;1000002067;Dedi Pratama;Internet;IndiHome;1867915387;115616;2500;118116;EDC;Sukses
TRX098064;2026-02-09;1000000738;Hadi Wijaya;BPJS;BPJS Kesehatan;8654429832;310773;3000;313773;Internet Banking;Sukses
TRX098086;2026-01-16;1000001768;Eka Lestari;TV Kabel;First Media;1400337951;419579;2500;422079;Mobile Banking;Sukses
TRX098130;2026-03-10;1000004109;Eka Lestari;Air;PDAM;9947807436;415779;2000;417779;Teller;Sukses
TRX098158;2026-03-04;1000004930;Andi Saputra;Listrik;PLN;9475668062;483934;2000;485934;ATM;Sukses
TRX098280;2026-03-22;1000003061;Dedi Pratama;Listrik;PLN;6169135758;384615;2500;387115;Teller;Sukses
TRX098424;2026-03-19;1000003338;Gina Marlina;TV Kabel;Transvision;4479777330;222776;2000;224776;ATM;Sukses
TRX098432;2026-02-13;1000001496;Citra Dewi;Air;PDAM;6912964808;287546;2000;289546;Teller;Sukses
TRX098439;2026-01-17;1000001258;Fajar Hidayat;BPJS;BPJS Kesehatan;7943360945;242582;3000;245582;Internet Banking;Sukses
TRX098495;2026-01-08;1000001678;Fajar Hidayat;TV Kabel;First Media;5541197746;159860;3000;162860;Internet Banking;Sukses
TRX098578;2026-02-26;1000002766;Eka Lestari;Listrik;PLN;6096251336;220758;2500;223258;Teller;Sukses
TRX098626;2026-01-22;1000001172;Joko Susilo;TV Kabel;First Media;7617917575;220371;2000;222371;EDC;Sukses
TRX098640;2026-02-01;1000003859;Citra Dewi;TV Kabel;Transvision;9150714734;453740;3000;456740;Internet Banking;Sukses
TRX098647;2026-01-01;1000000222;Eka Lestari;TV Kabel;Transvision;2523011697;241185;2000;243185;Internet Banking;Sukses
TRX098652;2026-02-27;1000002040;Citra Dewi;TV Kabel;Transvision;4275023517;243909;2000;245909;ATM;Sukses
TRX098678;2026-01-03;1000003037;Intan Sari;Internet;IndiHome;5822780886;474375;2000;476375;Mobile Banking;Sukses
TRX098780;2026-03-15;1000001335;Joko Susilo;BPJS;BPJS Kesehatan;3403989178;89362;2000;91362;EDC;Sukses
TRX098852;2026-01-16;1000001712;Intan Sari;Air;PDAM;7486707926;399424;3000;402424;Teller;Sukses
TRX098853;2026-02-25;1000003475;Hadi Wijaya;TV Kabel;First Media;1052031316;272209;3000;275209;ATM;Sukses
TRX098915;2026-01-14;1000000049;Gina Marlina;Internet;IndiHome;6634488697;342584;3000;345584;Internet Banking;Sukses
TRX098929;2026-03-23;1000002751;Eka Lestari;Internet;Biznet;6708857531;220942;2000;222942;Teller;Sukses
TRX098954;2026-01-14;1000002460;Fajar Hidayat;TV Kabel;First Media;1512693922;466601;2000;468601;Internet Banking;Sukses
TRX098988;2026-03-26;1000000628;Budi Santoso;TV Kabel;Transvision;3604222705;174178;3000;177178;Internet Banking;Sukses
TRX099006;2026-01-13;1000004904;Hadi Wijaya;TV Kabel;First Media;3412608953;87016;2000;89016;EDC;Sukses
TRX099047;2026-03-08;1000003250;Intan Sari;BPJS;BPJS Kesehatan;1579678710;161103;3000;164103;Teller;Sukses
TRX099081;2026-03-06;1000003288;Intan Sari;TV Kabel;Transvision;2437841512;372455;3000;375455;EDC;Sukses
TRX099095;2026-02-21;1000002772;Fajar Hidayat;Internet;IndiHome;4350163498;379026;2000;381026;Internet Banking;Sukses
TRX099104;2026-02-28;1000004199;Eka Lestari;Listrik;PLN;9281214068;292118;2000;294118;Internet Banking;Sukses
TRX099111;2026-02-15;1000002363;Eka Lestari;Internet;Biznet;7060131953;55156;2000;57156;Mobile Banking;Sukses
TRX099128;2026-03-29;1000001462;Budi Santoso;BPJS;BPJS Kesehatan;7414591852;353419;3000;356419;Internet Banking;Sukses
TRX099140;2026-02-28;1000001584;Hadi Wijaya;Internet;IndiHome;1071478857;337579;2000;339579;EDC;Sukses
TRX099219;2026-01-30;1000002531;Gina Marlina;TV Kabel;First Media;8096546933;409829;2000;411829;Mobile Banking;Sukses
TRX099280;2026-03-02;1000001065;Budi Santoso;Internet;Biznet;8114944110;74439;2500;76939;ATM;Sukses
TRX099289;2026-01-05;1000001790;Andi Saputra;Listrik;PLN;6458891342;102732;2000;104732;Internet Banking;Sukses
TRX099338;2026-01-24;1000001292;Andi Saputra;Internet;IndiHome;6554626657;494047;3000;497047;Internet Banking;Sukses
TRX099481;2026-03-16;1000002314;Eka Lestari;Internet;IndiHome;9670978594;282374;3000;285374;Teller;Sukses
TRX099487;2026-02-15;1000003649;Gina Marlina;Air;PDAM;8403727849;51531;3000;54531;Teller;Sukses
TRX099504;2026-03-15;1000002216;Andi Saputra;Listrik;PLN;8074868917;495176;2500;497676;Internet Banking;Sukses
TRX099538;2026-01-11;1000001212;Joko Susilo;Internet;Biznet;4919348841;284623;2000;286623;EDC;Sukses
TRX099544;2026-01-28;1000004080;Eka Lestari;Air;PDAM;7843146890;121233;2000;123233;EDC;Sukses
TRX099578;2026-04-01;1000001337;Hadi Wijaya;Listrik;PLN;8946204415;467465;2500;469965;Mobile Banking;Sukses
TRX099620;2026-02-11;1000000464;Citra Dewi;Internet;IndiHome;2431245215;395499;2500;397999;ATM;Sukses
TRX099637;2026-03-20;1000004513;Intan Sari;TV Kabel;First Media;4981491567;196990;3000;199990;Mobile Banking;Sukses
TRX099699;2026-02-17;1000004798;Budi Santoso;Air;PDAM;3820054216;441307;3000;444307;Mobile Banking;Sukses
TRX099706;2026-03-06;1000001316;Andi Saputra;Listrik;PLN;1875803313;496087;3000;499087;Teller;Sukses
TRX099716;2026-01-21;1000001962;Hadi Wijaya;BPJS;BPJS Kesehatan;5641015739;456785;2000;458785;EDC;Sukses
TRX099805;2026-01-11;1000001521;Andi Saputra;Internet;Biznet;4631423152;462864;2500;465364;Teller;Sukses
TRX099817;2026-02-06;1000004722;Eka Lestari;Air;PDAM;2833728157;196298;3000;199298;Internet Banking;Sukses
TRX099849;2026-03-15;1000002157;Intan Sari;TV Kabel;Transvision;2682357261;74729;2500;77229;EDC;Sukses
TRX099893;2026-03-18;1000002938;Eka Lestari;TV Kabel;Transvision;7119486963;215072;2000;217072;Mobile Banking;Sukses
TRX099937;2026-02-15;1000000190;Joko Susilo;Listrik;PLN;9696905334;346592;2500;349092;Teller;Sukses
TRX100000;2026-03-31;1000001114;Citra Dewi;Internet;IndiHome;9654528876;188947;3000;191947;ATM;Sukses
TRX100034;2026-02-06;1000000174;Eka Lestari;Listrik;PLN;8500974824;433252;2000;435252;Teller;Sukses
TRX100088;2026-03-22;1000000731;Budi Santoso;Internet;IndiHome;8515271492;395936;2000;397936;Teller;Sukses
TRX100164;2026-02-14;1000001470;Budi Santoso;BPJS;BPJS Kesehatan;1559431001;253188;3000;256188;Teller;Sukses
TRX100198;2026-02-02;1000002241;Fajar Hidayat;Listrik;PLN;7464370308;255820;2000;257820;EDC;Sukses
TRX100234;2026-03-23;1000004576;Intan Sari;TV Kabel;First Media;4936005349;249749;2000;251749;Internet Banking;Sukses
TRX100250;2026-02-27;1000000441;Hadi Wijaya;Listrik;PLN;4728631216;125806;3000;128806;Mobile Banking;Sukses
TRX100260;2026-03-11;1000002919;Joko Susilo;Internet;IndiHome;1136326419;402062;2000;404062;Mobile Banking;Sukses
TRX100309;2026-01-01;1000003882;Gina Marlina;BPJS;BPJS Kesehatan;7766668795;151100;3000;154100;Internet Banking;Sukses
TRX100363;2026-01-07;1000002682;Dedi Pratama;Internet;IndiHome;7655375298;62586;2000;64586;Mobile Banking;Sukses
TRX100374;2026-01-23;1000002507;Intan Sari;Internet;Biznet;8534899592;269412;2500;271912;EDC;Sukses
TRX100619;2026-03-06;1000004381;Dedi Pratama;TV Kabel;First Media;5541309951;84014;2500;86514;Internet Banking;Sukses
TRX100678;2026-02-24;1000002122;Fajar Hidayat;Listrik;PLN;8345627782;421971;3000;424971;Internet Banking;Sukses
TRX100687;2026-03-10;1000003555;Gina Marlina;Air;PDAM;1804578045;53792;2000;55792;Teller;Sukses
TRX100715;2026-01-17;1000000232;Budi Santoso;BPJS;BPJS Kesehatan;2942081168;332844;2000;334844;EDC;Sukses
TRX100718;2026-02-23;1000004854;Hadi Wijaya;Air;PDAM;3764206750;439464;2500;441964;ATM;Sukses
TRX100889;2026-01-15;1000003689;Eka Lestari;BPJS;BPJS Kesehatan;4080623145;161773;3000;164773;EDC;Sukses
TRX100939;2026-02-20;1000001767;Dedi Pratama;BPJS;BPJS Kesehatan;2388416151;332678;2500;335178;Internet Banking;Sukses
TRX100998;2026-02-22;1000000985;Hadi Wijaya;BPJS;BPJS Kesehatan;8680570180;80970;2000;82970;Teller;Sukses
TRX101012;2026-02-13;1000000198;Intan Sari;Air;PDAM;3991075365;59199;2000;61199;EDC;Sukses
TRX101073;2026-03-17;1000000131;Dedi Pratama;TV Kabel;Transvision;7535310837;396062;2000;398062;Teller;Sukses
TRX101080;2026-03-28;1000001355;Gina Marlina;TV Kabel;Transvision;4773611530;255617;2500;258117;Mobile Banking;Sukses
TRX101130;2026-02-24;1000003837;Budi Santoso;Air;PDAM;7153333364;470902;3000;473902;EDC;Sukses
TRX101161;2026-02-05;1000000678;Gina Marlina;Internet;Biznet;1905378658;259034;2000;261034;Teller;Sukses
TRX101188;2026-01-12;1000004187;Dedi Pratama;BPJS;BPJS Kesehatan;9330108061;363820;2500;366320;Mobile Banking;Sukses
TRX101239;2026-02-03;1000003967;Budi Santoso;Air;PDAM;1244341703;178732;2000;180732;ATM;Sukses
TRX101282;2026-01-17;1000001478;Fajar Hidayat;TV Kabel;First Media;1008260433;153020;2000;155020;EDC;Sukses
TRX101296;2026-02-23;1000000843;Andi Saputra;TV Kabel;Transvision;5764565990;53440;3000;56440;Teller;Sukses
TRX101378;2026-01-23;1000004208;Joko Susilo;Internet;IndiHome;1299284370;120713;2500;123213;ATM;Sukses
TRX101406;2026-01-20;1000000312;Andi Saputra;TV Kabel;Transvision;7649004763;71789;2500;74289;Internet Banking;Sukses
TRX101515;2026-04-01;1000003779;Eka Lestari;BPJS;BPJS Kesehatan;7576765808;436310;2000;438310;Mobile Banking;Sukses
TRX101556;2026-03-06;1000002632;Dedi Pratama;BPJS;BPJS Kesehatan;4001882556;57505;3000;60505;Internet Banking;Sukses
TRX101567;2026-02-28;1000004349;Intan Sari;TV Kabel;First Media;7519233374;321586;2000;323586;ATM;Sukses
TRX101602;2026-02-26;1000002679;Fajar Hidayat;Listrik;PLN;9881377922;369779;2500;372279;Teller;Sukses
TRX101608;2026-01-17;1000004026;Intan Sari;Internet;IndiHome;3039050333;225290;2000;227290;Teller;Sukses
TRX101627;2026-01-07;1000000370;Intan Sari;TV Kabel;First Media;3767378119;434170;3000;437170;EDC;Sukses
TRX101644;2026-01-25;1000003220;Andi Saputra;Internet;Biznet;2004127816;444437;2500;446937;EDC;Sukses
TRX101669;2026-01-11;1000004375;Hadi Wijaya;Listrik;PLN;1457542251;404596;2500;407096;ATM;Sukses
TRX101675;2026-01-12;1000003562;Eka Lestari;Air;PDAM;4110267054;151939;3000;154939;ATM;Sukses
TRX101743;2026-01-15;1000002330;Eka Lestari;Internet;Biznet;4509247325;489901;2500;492401;EDC;Sukses
TRX101774;2026-03-26;1000000390;Joko Susilo;BPJS;BPJS Kesehatan;8042130097;443663;3000;446663;Internet Banking;Sukses
TRX101798;2026-01-14;1000001221;Gina Marlina;Air;PDAM;2669431709;363099;3000;366099;EDC;Sukses
TRX101834;2026-03-05;1000001086;Gina Marlina;Air;PDAM;6771946043;309068;3000;312068;EDC;Sukses
TRX101856;2026-02-14;1000002083;Citra Dewi;Internet;IndiHome;2306883216;84356;3000;87356;EDC;Sukses
TRX101874;2026-03-15;1000000089;Hadi Wijaya;Air;PDAM;5864819876;242669;2000;244669;Teller;Sukses
TRX101888;2026-02-22;1000004622;Gina Marlina;Internet;Biznet;1632527932;258152;3000;261152;Teller;Sukses
TRX101896;2026-01-09;1000002709;Joko Susilo;BPJS;BPJS Kesehatan;2116045754;181738;2500;184238;EDC;Sukses
TRX101932;2026-03-14;1000002843;Dedi Pratama;TV Kabel;First Media;3344640027;280831;3000;283831;ATM;Sukses
TRX101933;2026-01-01;1000004008;Citra Dewi;Internet;Biznet;8166457584;240364;3000;243364;ATM;Sukses
TRX101936;2026-03-14;1000001577;Gina Marlina;TV Kabel;Transvision;1707323917;239895;3000;242895;ATM;Sukses
TRX101942;2026-03-05;1000004744;Intan Sari;Internet;IndiHome;5074253951;81555;2500;84055;ATM;Sukses
TRX101943;2026-02-14;1000002168;Budi Santoso;Internet;IndiHome;1241380322;377914;2500;380414;Mobile Banking;Sukses
TRX101950;2026-01-16;1000004963;Andi Saputra;Internet;Biznet;7842849073;391523;3000;394523;Internet Banking;Sukses
TRX101999;2026-01-29;1000004630;Eka Lestari;Listrik;PLN;9451833151;267960;2500;270460;Teller;Sukses
TRX102039;2026-01-19;1000002265;Gina Marlina;Internet;Biznet;7174696367;483241;2500;485741;ATM;Sukses
TRX102089;2026-02-23;1000001980;Hadi Wijaya;Listrik;PLN;4938078489;235943;3000;238943;ATM;Sukses
TRX102137;2026-01-29;1000004367;Andi Saputra;Listrik;PLN;2046441305;469808;2000;471808;ATM;Sukses
TRX102138;2026-01-08;1000001101;Joko Susilo;Listrik;PLN;1072936563;418415;2000;420415;ATM;Sukses
TRX102205;2026-03-27;1000003615;Fajar Hidayat;Internet;Biznet;2692171765;272260;2000;274260;Internet Banking;Sukses
TRX102326;2026-02-27;1000004293;Dedi Pratama;Listrik;PLN;6486841417;333037;2000;335037;Mobile Banking;Sukses
TRX102426;2026-03-14;1000002370;Andi Saputra;BPJS;BPJS Kesehatan;3361904558;461281;2500;463781;ATM;Sukses
TRX102431;2026-01-24;1000000938;Fajar Hidayat;Listrik;PLN;1221572997;143659;2000;145659;Teller;Sukses
TRX102481;2026-03-19;1000003686;Budi Santoso;Internet;Biznet;6935388164;286726;3000;289726;Mobile Banking;Sukses
TRX102497;2026-01-30;1000003957;Fajar Hidayat;TV Kabel;First Media;2013230640;73015;2000;75015;Internet Banking;Sukses
TRX102610;2026-03-09;1000001270;Fajar Hidayat;Listrik;PLN;7600136897;64273;2500;66773;Internet Banking;Sukses
TRX102636;2026-03-23;1000000871;Hadi Wijaya;TV Kabel;First Media;9271785428;175326;2000;177326;Mobile Banking;Sukses
TRX102672;2026-01-08;1000003553;Budi Santoso;Air;PDAM;5053285881;225146;3000;228146;Teller;Sukses
TRX102762;2026-01-04;1000003082;Dedi Pratama;BPJS;BPJS Kesehatan;8673682349;246392;3000;249392;Mobile Banking;Sukses
TRX102791;2026-03-20;1000004401;Citra Dewi;TV Kabel;Transvision;7456220710;369918;2500;372418;EDC;Sukses
TRX102858;2026-01-30;1000002101;Hadi Wijaya;Internet;IndiHome;1265636688;162931;3000;165931;Internet Banking;Sukses
TRX102880;2026-03-03;1000000719;Gina Marlina;TV Kabel;Transvision;1101876861;306808;3000;309808;EDC;Sukses
TRX102897;2026-03-07;1000003794;Eka Lestari;Air;PDAM;5396312683;262405;2500;264905;Mobile Banking;Sukses
TRX102920;2026-02-18;1000002733;Dedi Pratama;Internet;IndiHome;4106062947;90481;2000;92481;ATM;Sukses
TRX102931;2026-01-08;1000002632;Dedi Pratama;Air;PDAM;9584054325;384103;2500;386603;Mobile Banking;Sukses
TRX102962;2026-01-31;1000001708;Budi Santoso;Internet;Biznet;1685500805;442694;2500;445194;Teller;Sukses
TRX102963;2026-02-21;1000004480;Gina Marlina;Internet;IndiHome;5949296530;456620;2500;459120;ATM;Sukses
TRX103058;2026-03-11;1000000737;Eka Lestari;Internet;IndiHome;8277725857;54128;3000;57128;EDC;Sukses
TRX103079;2026-03-06;1000003661;Eka Lestari;Air;PDAM;5886463813;218417;2000;220417;Teller;Sukses
TRX103092;2026-02-21;1000001260;Eka Lestari;Internet;IndiHome;6152842472;324964;2500;327464;Internet Banking;Sukses
TRX103133;2026-03-01;1000003489;Joko Susilo;Air;PDAM;7722945868;308087;2500;310587;Teller;Sukses
TRX103159;2026-02-20;1000000447;Hadi Wijaya;Internet;Biznet;2524794203;74253;2500;76753;Internet Banking;Sukses
TRX103180;2026-02-10;1000003287;Fajar Hidayat;BPJS;BPJS Kesehatan;5781441941;155562;2000;157562;Mobile Banking;Sukses
TRX103281;2026-02-18;1000003356;Joko Susilo;Listrik;PLN;4905606616;235123;2000;237123;Teller;Sukses
TRX103289;2026-02-02;1000002474;Gina Marlina;Air;PDAM;2047408673;195455;3000;198455;Internet Banking;Sukses
TRX103299;2026-01-06;1000001511;Eka Lestari;Air;PDAM;7974928569;479472;2500;481972;Mobile Banking;Sukses
TRX103337;2026-01-15;1000004718;Hadi Wijaya;BPJS;BPJS Kesehatan;1014630941;163178;2000;165178;ATM;Sukses
TRX103421;2026-02-23;1000000780;Budi Santoso;Internet;IndiHome;5151879739;470240;3000;473240;Internet Banking;Sukses
TRX103518;2026-03-14;1000003973;Gina Marlina;Internet;IndiHome;7273670435;126899;3000;129899;Teller;Sukses
TRX103547;2026-02-26;1000001884;Andi Saputra;TV Kabel;Transvision;7332933368;64560;3000;67560;ATM;Sukses
TRX103571;2026-01-17;1000003896;Dedi Pratama;Internet;IndiHome;4526256668;174032;2500;176532;EDC;Sukses
TRX103577;2026-03-31;1000000683;Citra Dewi;TV Kabel;First Media;2423964934;357968;3000;360968;EDC;Sukses
TRX103594;2026-03-13;1000000343;Eka Lestari;BPJS;BPJS Kesehatan;1829207163;273351;2000;275351;ATM;Sukses
TRX103627;2026-02-11;1000000740;Intan Sari;TV Kabel;First Media;7689415130;457769;2500;460269;Internet Banking;Sukses
TRX103687;2026-03-06;1000000808;Citra Dewi;TV Kabel;First Media;8869599925;62060;2000;64060;ATM;Sukses
TRX103724;2026-03-29;1000000941;Fajar Hidayat;Air;PDAM;4950200892;478766;3000;481766;Teller;Sukses
TRX103759;2026-03-26;1000004605;Eka Lestari;BPJS;BPJS Kesehatan;1005098168;495439;3000;498439;Internet Banking;Sukses
TRX103776;2026-01-08;1000000945;Budi Santoso;Listrik;PLN;5389981628;322873;3000;325873;EDC;Sukses
TRX103809;2026-01-03;1000000632;Joko Susilo;Listrik;PLN;1772053909;475094;2500;477594;EDC;Sukses
TRX103823;2026-04-01;1000004972;Andi Saputra;Internet;Biznet;5167574433;451520;2000;453520;Teller;Sukses
TRX103867;2026-01-01;1000002180;Citra Dewi;TV Kabel;Transvision;5562623923;405211;2500;407711;EDC;Sukses
TRX103873;2026-03-21;1000001530;Fajar Hidayat;Listrik;PLN;2871286704;339071;3000;342071;Mobile Banking;Sukses
TRX103907;2026-02-20;1000003360;Budi Santoso;TV Kabel;First Media;8892962873;145725;2000;147725;Teller;Sukses
TRX103970;2026-02-25;1000001847;Andi Saputra;TV Kabel;Transvision;5512503553;86138;3000;89138;Mobile Banking;Sukses
TRX103988;2026-03-30;1000003822;Gina Marlina;Air;PDAM;1549997056;421164;3000;424164;ATM;Sukses
TRX103997;2026-02-13;1000004731;Intan Sari;Air;PDAM;5507152463;462965;2000;464965;Teller;Sukses
TRX104033;2026-03-02;1000002638;Budi Santoso;BPJS;BPJS Kesehatan;4868297254;487954;3000;490954;Internet Banking;Sukses
TRX104044;2026-02-10;1000000745;Joko Susilo;TV Kabel;First Media;2702174028;279291;3000;282291;ATM;Sukses
TRX104045;2026-01-18;1000001479;Fajar Hidayat;TV Kabel;Transvision;6315858470;163331;2000;165331;EDC;Sukses
TRX104069;2026-02-26;1000003243;Eka Lestari;BPJS;BPJS Kesehatan;5293460836;205161;2000;207161;Mobile Banking;Sukses
TRX104095;2026-03-02;1000001382;Hadi Wijaya;TV Kabel;Transvision;5580964325;409645;2000;411645;EDC;Sukses
TRX104099;2026-03-19;1000004728;Hadi Wijaya;Listrik;PLN;2811970493;454731;3000;457731;Teller;Sukses
TRX104114;2026-02-04;1000004764;Hadi Wijaya;TV Kabel;Transvision;7585298453;268566;3000;271566;Internet Banking;Sukses
TRX104118;2026-02-02;1000000773;Intan Sari;Air;PDAM;5862475985;400387;2500;402887;Internet Banking;Sukses
TRX104166;2026-01-10;1000001527;Joko Susilo;Internet;Biznet;7769788954;388797;3000;391797;Teller;Sukses
TRX104207;2026-02-05;1000000891;Andi Saputra;TV Kabel;First Media;7312835141;354230;2500;356730;Internet Banking;Sukses
TRX104232;2026-01-01;1000002136;Hadi Wijaya;Internet;IndiHome;4409946629;424883;2000;426883;EDC;Sukses
TRX104243;2026-01-27;1000002670;Citra Dewi;Air;PDAM;7176745827;172145;2000;174145;Internet Banking;Sukses
TRX104460;2026-02-15;1000004714;Gina Marlina;TV Kabel;Transvision;2122554265;129013;2000;131013;Teller;Sukses
TRX104567;2026-01-09;1000003633;Citra Dewi;Internet;IndiHome;7784161361;52612;2500;55112;Internet Banking;Sukses
TRX104644;2026-03-27;1000003309;Eka Lestari;Listrik;PLN;4601146622;112530;2500;115030;EDC;Sukses
TRX104663;2026-03-21;1000002535;Budi Santoso;Listrik;PLN;4577211689;203112;2000;205112;Internet Banking;Sukses
TRX104668;2026-03-14;1000002848;Gina Marlina;BPJS;BPJS Kesehatan;9142751090;434126;3000;437126;Mobile Banking;Sukses
TRX104679;2026-03-02;1000004655;Hadi Wijaya;Listrik;PLN;7448495836;78634;3000;81634;Teller;Sukses
TRX104697;2026-03-07;1000002984;Andi Saputra;TV Kabel;First Media;3766658557;358949;2000;360949;Teller;Sukses
TRX104710;2026-01-11;1000000138;Gina Marlina;Internet;IndiHome;6305002347;200349;2000;202349;Teller;Sukses
TRX104713;2026-03-13;1000002323;Dedi Pratama;Air;PDAM;6382057034;393616;3000;396616;EDC;Sukses
TRX104736;2026-02-07;1000001838;Intan Sari;Internet;IndiHome;7270269710;183406;3000;186406;Internet Banking;Sukses
TRX104831;2026-02-03;1000000571;Budi Santoso;TV Kabel;Transvision;2687467945;375035;2500;377535;EDC;Sukses
TRX104837;2026-02-10;1000004382;Budi Santoso;TV Kabel;Transvision;9645186165;178664;2500;181164;ATM;Sukses
TRX104846;2026-02-15;1000004508;Gina Marlina;BPJS;BPJS Kesehatan;9423461947;201585;2500;204085;Teller;Sukses
TRX104875;2026-01-31;1000003706;Budi Santoso;TV Kabel;Transvision;6239110114;74450;2000;76450;Teller;Sukses
TRX104877;2026-01-17;1000002222;Fajar Hidayat;Air;PDAM;3899021079;328228;2000;330228;EDC;Sukses
TRX104889;2026-02-20;1000000463;Joko Susilo;Air;PDAM;7784484947;494936;2000;496936;EDC;Sukses
TRX104903;2026-01-22;1000004071;Hadi Wijaya;TV Kabel;First Media;5472341145;170146;2000;172146;Internet Banking;Sukses
TRX104909;2026-03-13;1000004858;Eka Lestari;TV Kabel;Transvision;2093822435;409303;2000;411303;ATM;Sukses
TRX104977;2026-01-01;1000000971;Intan Sari;BPJS;BPJS Kesehatan;5237020001;281167;2000;283167;Teller;Sukses
TRX105001;2026-02-10;1000000033;Andi Saputra;Listrik;PLN;8421968918;425766;2000;427766;EDC;Sukses
TRX105051;2026-01-31;1000004745;Dedi Pratama;Air;PDAM;3641815708;283484;2000;285484;EDC;Sukses
TRX105136;2026-01-17;1000003773;Andi Saputra;TV Kabel;First Media;8398219726;135405;2000;137405;Mobile Banking;Sukses
TRX105262;2026-01-20;1000003172;Hadi Wijaya;Internet;IndiHome;7983641313;152231;2500;154731;Teller;Sukses
TRX105359;2026-02-14;1000002781;Andi Saputra;Listrik;PLN;9677455511;422372;2500;424872;ATM;Sukses
TRX105457;2026-01-08;1000000382;Budi Santoso;Air;PDAM;2689236969;430173;3000;433173;ATM;Sukses
TRX105458;2026-01-20;1000003528;Hadi Wijaya;Internet;IndiHome;7831887254;73475;3000;76475;Internet Banking;Sukses
TRX105561;2026-01-05;1000004395;Joko Susilo;Internet;IndiHome;4338721212;272651;2500;275151;Mobile Banking;Sukses
TRX105578;2026-01-19;1000000225;Intan Sari;Internet;IndiHome;2172220396;418069;2000;420069;Mobile Banking;Sukses
TRX105632;2026-02-11;1000003542;Andi Saputra;Internet;IndiHome;7234382327;406722;2500;409222;Teller;Sukses
TRX105638;2026-03-04;1000000072;Eka Lestari;Internet;IndiHome;7989547801;144471;2500;146971;ATM;Sukses
TRX105678;2026-02-16;1000000549;Gina Marlina;BPJS;BPJS Kesehatan;4572303607;175786;2500;178286;Internet Banking;Sukses
TRX105713;2026-01-14;1000002577;Eka Lestari;Internet;Biznet;7206156332;229407;3000;232407;Internet Banking;Sukses
TRX105714;2026-01-03;1000001018;Joko Susilo;Internet;IndiHome;2051808953;229084;2000;231084;ATM;Sukses
TRX105752;2026-01-19;1000000929;Joko Susilo;Listrik;PLN;2035885498;339901;2500;342401;Teller;Sukses
TRX105801;2026-01-17;1000001349;Eka Lestari;Internet;IndiHome;4707256249;193075;2500;195575;ATM;Sukses
TRX105808;2026-03-14;1000001725;Fajar Hidayat;Listrik;PLN;9483974809;249508;2000;251508;Teller;Sukses
TRX105838;2026-03-26;1000004799;Intan Sari;Internet;IndiHome;3359925128;184574;2000;186574;Internet Banking;Sukses
TRX105858;2026-02-23;1000001425;Andi Saputra;Internet;Biznet;3250441611;473147;2500;475647;ATM;Sukses
TRX105942;2026-03-01;1000003245;Dedi Pratama;TV Kabel;Transvision;4939608196;106313;2000;108313;Teller;Sukses
TRX105962;2026-03-16;1000004344;Eka Lestari;Internet;Biznet;1558842871;297106;2500;299606;Mobile Banking;Sukses
TRX105998;2026-03-09;1000000870;Hadi Wijaya;BPJS;BPJS Kesehatan;3814525545;475209;2500;477709;EDC;Sukses
TRX106002;2026-01-20;1000000581;Joko Susilo;Listrik;PLN;2783819754;262067;3000;265067;Mobile Banking;Sukses
TRX106099;2026-03-13;1000000753;Hadi Wijaya;TV Kabel;Transvision;4880184333;423681;2000;425681;Internet Banking;Sukses
TRX106184;2026-02-24;1000004283;Gina Marlina;Internet;IndiHome;5957314492;241601;2000;243601;Mobile Banking;Sukses
TRX106194;2026-01-02;1000004038;Dedi Pratama;Internet;Biznet;3778241380;450929;2000;452929;Mobile Banking;Sukses
TRX106241;2026-01-15;1000001923;Andi Saputra;Internet;IndiHome;6858256541;322212;2500;324712;Mobile Banking;Sukses
TRX106368;2026-01-21;1000004126;Dedi Pratama;TV Kabel;First Media;2378571283;329515;3000;332515;EDC;Sukses
TRX106452;2026-03-11;1000002820;Hadi Wijaya;Listrik;PLN;6263885932;113632;3000;116632;EDC;Sukses
TRX106474;2026-02-14;1000003860;Gina Marlina;Internet;Biznet;8974138863;417318;3000;420318;ATM;Sukses
TRX106525;2026-01-13;1000004521;Gina Marlina;Air;PDAM;1345276037;195229;2500;197729;Mobile Banking;Sukses
TRX106563;2026-01-14;1000004003;Andi Saputra;TV Kabel;First Media;5977786759;154715;3000;157715;Internet Banking;Sukses
TRX106629;2026-02-23;1000000139;Joko Susilo;BPJS;BPJS Kesehatan;5830719873;452193;2500;454693;Internet Banking;Sukses
TRX106639;2026-02-06;1000001076;Intan Sari;BPJS;BPJS Kesehatan;6312406126;391133;2500;393633;ATM;Sukses
TRX106721;2026-01-26;1000002791;Eka Lestari;TV Kabel;First Media;8805850468;423110;2500;425610;Internet Banking;Sukses
TRX106771;2026-03-31;1000002255;Hadi Wijaya;TV Kabel;First Media;4336915426;205877;2000;207877;Mobile Banking;Sukses
TRX106866;2026-02-14;1000004243;Budi Santoso;TV Kabel;Transvision;1845950747;50923;2500;53423;Internet Banking;Sukses
TRX106878;2026-01-15;1000003215;Eka Lestari;TV Kabel;First Media;7695293421;384987;2000;386987;EDC;Sukses
TRX106881;2026-02-09;1000000075;Gina Marlina;Listrik;PLN;4598153273;116043;2500;118543;Internet Banking;Sukses
TRX106921;2026-02-08;1000002390;Joko Susilo;Listrik;PLN;1610129404;321139;3000;324139;Internet Banking;Sukses
TRX106955;2026-01-03;1000002123;Joko Susilo;Internet;Biznet;8205953902;308473;3000;311473;Teller;Sukses
TRX107036;2026-03-16;1000001040;Eka Lestari;TV Kabel;First Media;7680636462;435659;2000;437659;Internet Banking;Sukses
TRX107069;2026-01-12;1000004158;Budi Santoso;Listrik;PLN;5261987837;243255;2500;245755;EDC;Sukses
TRX107075;2026-02-18;1000004113;Intan Sari;TV Kabel;Transvision;8328728410;222146;2000;224146;Internet Banking;Sukses
TRX107105;2026-01-06;1000002940;Intan Sari;Internet;IndiHome;6363972538;162728;2500;165228;Teller;Sukses
TRX107126;2026-02-16;1000001322;Eka Lestari;TV Kabel;First Media;4348982480;434574;2000;436574;ATM;Sukses
TRX107162;2026-01-02;1000003661;Eka Lestari;BPJS;BPJS Kesehatan;8837607375;329114;2000;331114;Mobile Banking;Sukses
TRX107208;2026-02-16;1000003445;Budi Santoso;Internet;IndiHome;3686136462;135601;3000;138601;Teller;Sukses
TRX107245;2026-01-06;1000001205;Gina Marlina;BPJS;BPJS Kesehatan;8353187091;464174;2500;466674;Teller;Sukses
TRX107260;2026-03-30;1000001303;Intan Sari;BPJS;BPJS Kesehatan;2752461472;200538;3000;203538;Mobile Banking;Sukses
TRX107262;2026-01-12;1000000836;Andi Saputra;TV Kabel;First Media;6082262380;431811;3000;434811;Internet Banking;Sukses
TRX107283;2026-01-23;1000004914;Hadi Wijaya;Listrik;PLN;1525012648;276993;2500;279493;EDC;Sukses
TRX107381;2026-02-27;1000000073;Hadi Wijaya;Listrik;PLN;9428401797;371945;2500;374445;Teller;Sukses
TRX107405;2026-03-27;1000003727;Gina Marlina;BPJS;BPJS Kesehatan;8879345691;97990;3000;100990;Teller;Sukses
TRX107410;2026-01-02;1000004448;Joko Susilo;Listrik;PLN;4057708734;397406;2500;399906;Internet Banking;Sukses
TRX107537;2026-03-18;1000000701;Dedi Pratama;TV Kabel;Transvision;3155355201;314923;3000;317923;ATM;Sukses
TRX107573;2026-02-16;1000003467;Eka Lestari;BPJS;BPJS Kesehatan;7576014691;456805;2000;458805;Mobile Banking;Sukses
TRX107629;2026-03-28;1000004168;Hadi Wijaya;Air;PDAM;8428642846;96122;3000;99122;Mobile Banking;Sukses
TRX107634;2026-02-21;1000003976;Citra Dewi;Air;PDAM;2130452846;115698;2500;118198;Teller;Sukses
TRX107682;2026-03-17;1000000064;Eka Lestari;Internet;Biznet;1655052075;141142;2000;143142;Teller;Sukses
TRX107696;2026-03-09;1000002875;Gina Marlina;Listrik;PLN;9540001869;248861;2500;251361;Internet Banking;Sukses
TRX107703;2026-03-02;1000004771;Joko Susilo;TV Kabel;Transvision;1471883648;400179;2000;402179;Internet Banking;Sukses
TRX107704;2026-02-13;1000004498;Budi Santoso;Air;PDAM;3086868058;302863;2000;304863;EDC;Sukses
TRX107847;2026-03-20;1000003282;Budi Santoso;BPJS;BPJS Kesehatan;5230137691;242124;3000;245124;Teller;Sukses
TRX107848;2026-02-09;1000001867;Citra Dewi;Internet;IndiHome;4539958867;273961;2500;276461;ATM;Sukses
TRX107868;2026-02-17;1000000869;Hadi Wijaya;Internet;IndiHome;8888741433;239959;2000;241959;Teller;Sukses
TRX107871;2026-03-05;1000004721;Budi Santoso;BPJS;BPJS Kesehatan;3925602517;262366;2000;264366;Mobile Banking;Sukses
TRX107898;2026-02-03;1000003419;Andi Saputra;TV Kabel;Transvision;5451944758;349403;3000;352403;EDC;Sukses
TRX107914;2026-03-07;1000002525;Gina Marlina;Internet;Biznet;4587351757;433692;2000;435692;ATM;Sukses
TRX107933;2026-02-09;1000001147;Joko Susilo;BPJS;BPJS Kesehatan;5706378207;346884;2000;348884;Teller;Sukses
TRX107945;2026-03-15;1000003089;Andi Saputra;Internet;Biznet;7486639803;461049;3000;464049;Mobile Banking;Sukses
TRX107946;2026-03-26;1000004710;Budi Santoso;TV Kabel;Transvision;8992310855;182369;2500;184869;ATM;Sukses
TRX107974;2026-03-06;1000002436;Eka Lestari;TV Kabel;First Media;5587709653;116268;2000;118268;Internet Banking;Sukses
TRX108009;2026-01-25;1000002099;Gina Marlina;Internet;IndiHome;6518091261;436055;2000;438055;Teller;Sukses
TRX108019;2026-02-02;1000004778;Budi Santoso;TV Kabel;Transvision;3299785941;91219;2000;93219;EDC;Sukses
TRX108041;2026-03-09;1000001524;Gina Marlina;BPJS;BPJS Kesehatan;6521405770;386434;2500;388934;Teller;Sukses
TRX108081;2026-02-18;1000004463;Budi Santoso;Air;PDAM;9972608085;369882;2000;371882;Internet Banking;Sukses
TRX108088;2026-03-04;1000003394;Fajar Hidayat;BPJS;BPJS Kesehatan;3555838862;446688;3000;449688;Teller;Sukses
TRX108103;2026-01-09;1000003383;Dedi Pratama;Listrik;PLN;6373476634;448038;2000;450038;Internet Banking;Sukses
TRX108106;2026-02-17;1000004224;Hadi Wijaya;Internet;Biznet;3379626317;178361;2500;180861;Teller;Sukses
TRX108150;2026-03-13;1000004273;Dedi Pratama;BPJS;BPJS Kesehatan;6049343652;74463;2500;76963;ATM;Sukses
TRX108177;2026-01-20;1000004711;Budi Santoso;Listrik;PLN;5463497301;64046;3000;67046;ATM;Sukses
TRX108180;2026-01-26;1000004276;Joko Susilo;Internet;Biznet;9047750737;357648;3000;360648;EDC;Sukses
TRX108204;2026-02-16;1000003208;Andi Saputra;Listrik;PLN;9555908756;410764;3000;413764;Teller;Sukses
TRX108211;2026-01-05;1000000370;Intan Sari;Air;PDAM;1214720328;360556;3000;363556;Mobile Banking;Sukses
TRX108214;2026-03-02;1000000842;Hadi Wijaya;TV Kabel;First Media;5305009063;250220;2500;252720;Internet Banking;Sukses
TRX108229;2026-04-01;1000002554;Hadi Wijaya;Air;PDAM;7425400705;408507;2500;411007;Teller;Sukses
TRX108233;2026-02-17;1000000600;Eka Lestari;Listrik;PLN;1608925487;279103;2500;281603;EDC;Sukses
TRX108304;2026-02-14;1000003575;Dedi Pratama;Air;PDAM;5059527677;386204;2500;388704;ATM;Sukses
TRX108339;2026-02-21;1000002568;Hadi Wijaya;TV Kabel;Transvision;5251795225;429970;3000;432970;Internet Banking;Sukses
TRX108363;2026-02-07;1000003246;Budi Santoso;Internet;IndiHome;8598384233;183859;2500;186359;ATM;Sukses
TRX108390;2026-02-14;1000004204;Hadi Wijaya;BPJS;BPJS Kesehatan;7428037136;324442;2000;326442;ATM;Sukses
TRX108481;2026-03-05;1000002161;Andi Saputra;BPJS;BPJS Kesehatan;1097821274;368939;2500;371439;ATM;Sukses
TRX108500;2026-01-13;1000001603;Intan Sari;Internet;IndiHome;2280847121;187026;2000;189026;Internet Banking;Sukses
TRX108566;2026-01-09;1000003519;Eka Lestari;BPJS;BPJS Kesehatan;7944210805;91573;2500;94073;EDC;Sukses
TRX108720;2026-01-06;1000001993;Hadi Wijaya;BPJS;BPJS Kesehatan;3324852328;417313;3000;420313;Internet Banking;Sukses
TRX108726;2026-03-12;1000000051;Citra Dewi;Listrik;PLN;2006327041;397459;2000;399459;Internet Banking;Sukses
TRX108743;2026-02-25;1000004705;Dedi Pratama;TV Kabel;First Media;4456603192;369516;2500;372016;Mobile Banking;Sukses
TRX108787;2026-02-13;1000003955;Citra Dewi;BPJS;BPJS Kesehatan;9465190776;311292;2000;313292;ATM;Sukses
TRX108803;2026-02-25;1000001493;Budi Santoso;Listrik;PLN;3167535711;413994;2000;415994;Teller;Sukses
TRX108805;2026-02-25;1000002485;Gina Marlina;TV Kabel;Transvision;8848672129;73480;2500;75980;Mobile Banking;Sukses
TRX108817;2026-04-01;1000002027;Fajar Hidayat;Internet;IndiHome;3296978784;312977;2500;315477;Teller;Sukses
TRX108838;2026-01-16;1000002806;Intan Sari;Internet;IndiHome;6838026186;313744;2000;315744;Mobile Banking;Sukses
TRX108852;2026-02-22;1000004213;Hadi Wijaya;BPJS;BPJS Kesehatan;7045666090;270932;2000;272932;Teller;Sukses
TRX108865;2026-02-04;1000001216;Budi Santoso;BPJS;BPJS Kesehatan;1217622691;436579;2000;438579;Teller;Sukses
TRX108888;2026-03-19;1000003814;Joko Susilo;Air;PDAM;3364012933;329556;2500;332056;ATM;Sukses
TRX108972;2026-03-25;1000003759;Joko Susilo;Internet;IndiHome;8309203359;138187;3000;141187;ATM;Sukses
TRX109057;2026-02-12;1000002106;Budi Santoso;Internet;Biznet;7496234687;391334;2000;393334;Mobile Banking;Sukses
TRX109058;2026-02-07;1000000536;Budi Santoso;TV Kabel;Transvision;1781807953;329892;2000;331892;Mobile Banking;Sukses
TRX109064;2026-01-04;1000004627;Dedi Pratama;Internet;Biznet;7725346105;228829;3000;231829;Internet Banking;Sukses
TRX109099;2026-03-25;1000001252;Eka Lestari;Air;PDAM;6411613504;388028;3000;391028;Teller;Sukses
TRX109192;2026-03-10;1000000309;Eka Lestari;BPJS;BPJS Kesehatan;7852114440;206062;2500;208562;EDC;Sukses
TRX109196;2026-01-28;1000002828;Intan Sari;TV Kabel;Transvision;9456435770;73787;3000;76787;ATM;Sukses
TRX109329;2026-01-30;1000000444;Fajar Hidayat;Internet;IndiHome;9278569038;449637;2500;452137;Teller;Sukses
TRX109378;2026-03-08;1000002382;Budi Santoso;Air;PDAM;7228659926;386828;3000;389828;Mobile Banking;Sukses
TRX109446;2026-03-11;1000003419;Andi Saputra;TV Kabel;First Media;7422705722;430136;3000;433136;ATM;Sukses
TRX109528;2026-01-09;1000002486;Eka Lestari;Internet;IndiHome;3391783419;54144;3000;57144;Mobile Banking;Sukses
TRX109622;2026-01-28;1000001104;Andi Saputra;Listrik;PLN;8504933478;107552;3000;110552;Internet Banking;Sukses
TRX109681;2026-02-11;1000001658;Fajar Hidayat;TV Kabel;First Media;1894689341;54750;3000;57750;Mobile Banking;Sukses
TRX109717;2026-03-29;1000004171;Citra Dewi;Listrik;PLN;8369669716;145231;2500;147731;Teller;Sukses
TRX109742;2026-02-19;1000002826;Budi Santoso;Internet;IndiHome;6273436393;164709;2000;166709;Mobile Banking;Sukses
TRX109748;2026-03-04;1000001542;Citra Dewi;BPJS;BPJS Kesehatan;9693507704;79422;2000;81422;Mobile Banking;Sukses
TRX109853;2026-02-15;1000002389;Gina Marlina;Internet;IndiHome;5140819189;462120;2000;464120;ATM;Sukses
TRX109918;2026-01-01;1000003156;Dedi Pratama;Air;PDAM;3267006269;272175;2000;274175;EDC;Sukses
TRX109958;2026-03-25;1000001322;Eka Lestari;Internet;Biznet;7945873622;386933;3000;389933;Internet Banking;Sukses
TRX109963;2026-02-24;1000003576;Andi Saputra;Internet;Biznet;3272010161;314767;2000;316767;Mobile Banking;Sukses
TRX109986;2026-02-13;1000000931;Budi Santoso;Listrik;PLN;9583360644;412956;2500;415456;Internet Banking;Sukses
TRX109991;2026-01-19;1000001685;Dedi Pratama;Listrik;PLN;5312246024;192437;3000;195437;Mobile Banking;Sukses
TRX110076;2026-01-15;1000001241;Eka Lestari;Listrik;PLN;9372294326;393930;2500;396430;Mobile Banking;Sukses
TRX110167;2026-01-16;1000001091;Fajar Hidayat;BPJS;BPJS Kesehatan;2347248890;449882;3000;452882;Mobile Banking;Sukses
TRX110246;2026-02-17;1000000002;Andi Saputra;TV Kabel;Transvision;7136292920;289742;2500;292242;Mobile Banking;Sukses
TRX110252;2026-03-21;1000001803;Joko Susilo;Listrik;PLN;1063288411;280073;2000;282073;Internet Banking;Sukses
TRX110440;2026-03-27;1000004283;Gina Marlina;BPJS;BPJS Kesehatan;8457422730;443406;2000;445406;ATM;Sukses
TRX110477;2026-01-17;1000000885;Fajar Hidayat;Internet;IndiHome;2537605512;65076;2000;67076;Teller;Sukses
TRX110498;2026-03-06;1000001709;Andi Saputra;Internet;Biznet;2480141943;331680;3000;334680;Mobile Banking;Sukses
TRX110532;2026-02-08;1000004446;Andi Saputra;TV Kabel;First Media;9960800542;186071;3000;189071;Teller;Sukses
TRX110535;2026-03-30;1000003281;Budi Santoso;Internet;Biznet;5470725028;115705;2000;117705;ATM;Sukses
TRX110681;2026-01-25;1000002261;Eka Lestari;Internet;IndiHome;7312841112;381770;3000;384770;EDC;Sukses
TRX110728;2026-02-08;1000000621;Intan Sari;TV Kabel;Transvision;8298614328;486918;2500;489418;Mobile Banking;Sukses
TRX110729;2026-03-26;1000002718;Fajar Hidayat;Listrik;PLN;6449505696;351760;2000;353760;EDC;Sukses
TRX110731;2026-02-08;1000004290;Joko Susilo;Listrik;PLN;3532485524;101533;2500;104033;Internet Banking;Sukses
TRX110795;2026-03-30;1000003633;Citra Dewi;TV Kabel;First Media;5212186387;323557;2500;326057;Internet Banking;Sukses
TRX110853;2026-03-25;1000004778;Budi Santoso;Air;PDAM;3559098449;157544;2500;160044;Mobile Banking;Sukses
TRX110903;2026-01-25;1000000113;Gina Marlina;Air;PDAM;1878134316;290000;3000;293000;ATM;Sukses
TRX110942;2026-03-08;1000003734;Eka Lestari;TV Kabel;First Media;8147193324;280191;3000;283191;EDC;Sukses
TRX110978;2026-02-18;1000003511;Dedi Pratama;Listrik;PLN;9041478704;58009;3000;61009;Internet Banking;Sukses
TRX111014;2026-03-28;1000001926;Fajar Hidayat;Internet;Biznet;3827071541;68361;2000;70361;Internet Banking;Sukses
TRX111040;2026-02-10;1000000217;Hadi Wijaya;Internet;Biznet;7529100508;265862;2500;268362;Internet Banking;Sukses
TRX111125;2026-01-17;1000003853;Joko Susilo;Internet;Biznet;8835364316;289852;2000;291852;Internet Banking;Sukses
TRX111136;2026-02-13;1000003026;Eka Lestari;Air;PDAM;7292675222;375736;3000;378736;Mobile Banking;Sukses
TRX111138;2026-01-01;1000004791;Gina Marlina;TV Kabel;Transvision;8944733780;494567;2000;496567;ATM;Sukses
TRX111156;2026-01-17;1000000821;Gina Marlina;Internet;IndiHome;6872196742;51346;3000;54346;EDC;Sukses
TRX111168;2026-02-28;1000004532;Intan Sari;Listrik;PLN;2536524471;352551;2000;354551;Teller;Sukses
TRX111236;2026-02-17;1000001733;Hadi Wijaya;TV Kabel;First Media;6328342434;147600;2500;150100;Mobile Banking;Sukses
TRX111239;2026-02-09;1000002342;Gina Marlina;BPJS;BPJS Kesehatan;5882297910;499160;2000;501160;ATM;Sukses
TRX111254;2026-02-26;1000000310;Joko Susilo;Internet;Biznet;6171741935;172133;3000;175133;Internet Banking;Sukses
TRX111269;2026-03-06;1000003372;Intan Sari;Listrik;PLN;5732456148;192053;2000;194053;ATM;Sukses
TRX111284;2026-03-09;1000001886;Gina Marlina;Air;PDAM;7299019349;334698;2500;337198;EDC;Sukses
TRX111323;2026-02-06;1000002445;Fajar Hidayat;Internet;IndiHome;5513861576;494286;2000;496286;EDC;Sukses
TRX111374;2026-01-28;1000000733;Andi Saputra;Internet;IndiHome;6961814713;283941;2000;285941;Internet Banking;Sukses
TRX111485;2026-01-29;1000001673;Budi Santoso;BPJS;BPJS Kesehatan;9234822288;99224;3000;102224;Internet Banking;Sukses
TRX111572;2026-03-11;1000000134;Fajar Hidayat;TV Kabel;Transvision;6008057197;175312;2000;177312;Mobile Banking;Sukses
TRX111593;2026-01-04;1000004498;Budi Santoso;Internet;Biznet;3856248473;467527;3000;470527;Mobile Banking;Sukses
TRX111630;2026-01-08;1000004783;Budi Santoso;TV Kabel;First Media;4490449376;111146;2000;113146;Internet Banking;Sukses
TRX111632;2026-03-01;1000000219;Eka Lestari;Internet;Biznet;6039999770;354047;2000;356047;Teller;Sukses
TRX111688;2026-02-08;1000002075;Intan Sari;Internet;IndiHome;2671643332;254759;3000;257759;Teller;Sukses
TRX111723;2026-02-19;1000001066;Gina Marlina;TV Kabel;First Media;1995850376;146207;2000;148207;Internet Banking;Sukses
TRX111748;2026-01-12;1000002583;Citra Dewi;TV Kabel;Transvision;7952887339;101818;3000;104818;ATM;Sukses
TRX111791;2026-03-24;1000000980;Hadi Wijaya;Internet;Biznet;3409930772;347406;2000;349406;Teller;Sukses
TRX111845;2026-03-16;1000001952;Joko Susilo;Internet;IndiHome;5811541193;207214;2500;209714;ATM;Sukses
TRX111942;2026-01-25;1000003875;Andi Saputra;Internet;IndiHome;7316915413;161721;3000;164721;Mobile Banking;Sukses
TRX111967;2026-01-05;1000002415;Joko Susilo;Internet;Biznet;3049702778;52624;3000;55624;ATM;Sukses
TRX111988;2026-01-07;1000001986;Dedi Pratama;Listrik;PLN;8046208066;138039;2000;140039;Internet Banking;Sukses
TRX112030;2026-01-04;1000003646;Hadi Wijaya;Listrik;PLN;9175500593;153195;2500;155695;Mobile Banking;Sukses
TRX112055;2026-02-18;1000000577;Budi Santoso;Air;PDAM;7263505188;382818;2000;384818;ATM;Sukses
TRX112073;2026-03-31;1000003607;Dedi Pratama;Internet;Biznet;8120184091;224034;2500;226534;Internet Banking;Sukses
TRX112214;2026-03-25;1000001160;Dedi Pratama;BPJS;BPJS Kesehatan;6009611935;62787;2500;65287;Internet Banking;Sukses
TRX112215;2026-01-18;1000003223;Gina Marlina;Listrik;PLN;1229530706;279344;2000;281344;ATM;Sukses
TRX112235;2026-02-25;1000004812;Dedi Pratama;Listrik;PLN;5907932939;387884;2000;389884;Teller;Sukses
TRX112317;2026-02-25;1000003786;Dedi Pratama;BPJS;BPJS Kesehatan;9797939615;404414;2500;406914;EDC;Sukses
TRX112349;2026-02-19;1000000343;Eka Lestari;Internet;IndiHome;2683674336;268438;2500;270938;Mobile Banking;Sukses
TRX112391;2026-02-03;1000001354;Dedi Pratama;Listrik;PLN;5770806761;318082;3000;321082;Internet Banking;Sukses
TRX112423;2026-02-20;1000004193;Gina Marlina;TV Kabel;Transvision;2124021315;406808;2500;409308;Mobile Banking;Sukses
TRX112513;2026-01-23;1000003117;Budi Santoso;Air;PDAM;8508787477;419974;2000;421974;EDC;Sukses
TRX112528;2026-02-08;1000000414;Joko Susilo;Internet;Biznet;3142556058;468123;3000;471123;ATM;Sukses
TRX112650;2026-03-31;1000002435;Citra Dewi;Air;PDAM;8831187258;319565;2500;322065;EDC;Sukses
TRX112688;2026-02-13;1000004787;Intan Sari;TV Kabel;Transvision;1320554978;423213;2500;425713;ATM;Sukses
TRX112694;2026-01-15;1000001382;Hadi Wijaya;TV Kabel;First Media;1680480403;103016;2500;105516;ATM;Sukses
TRX112735;2026-01-17;1000001432;Hadi Wijaya;Internet;IndiHome;2796243514;145324;2500;147824;EDC;Sukses
TRX112763;2026-03-01;1000001544;Budi Santoso;Internet;Biznet;8908764073;173025;2500;175525;Mobile Banking;Sukses
TRX112802;2026-02-11;1000000395;Intan Sari;BPJS;BPJS Kesehatan;2965904957;179097;2500;181597;Mobile Banking;Sukses
TRX112813;2026-02-10;1000000333;Hadi Wijaya;BPJS;BPJS Kesehatan;2808934010;486308;3000;489308;Teller;Sukses
TRX112853;2026-02-27;1000004796;Gina Marlina;Internet;IndiHome;7712428670;121805;2500;124305;ATM;Sukses
TRX112904;2026-02-03;1000000726;Budi Santoso;Air;PDAM;9728456840;156228;3000;159228;EDC;Sukses
TRX112925;2026-01-05;1000004329;Fajar Hidayat;TV Kabel;Transvision;8278632385;64447;2500;66947;Internet Banking;Sukses
TRX112968;2026-02-05;1000002682;Dedi Pratama;TV Kabel;Transvision;1402609222;440255;2500;442755;ATM;Sukses
TRX113041;2026-03-06;1000000016;Andi Saputra;TV Kabel;First Media;1393683190;65166;2500;67666;Internet Banking;Sukses
TRX113064;2026-02-18;1000001524;Gina Marlina;Internet;Biznet;5287182858;180828;2000;182828;Internet Banking;Sukses
TRX113271;2026-02-19;1000004689;Andi Saputra;Internet;IndiHome;7007319367;433298;3000;436298;Internet Banking;Sukses
TRX113302;2026-01-22;1000002915;Dedi Pratama;Air;PDAM;9248863409;374587;3000;377587;Mobile Banking;Sukses
TRX113311;2026-02-01;1000001023;Eka Lestari;TV Kabel;Transvision;6017419074;252804;2500;255304;Mobile Banking;Sukses
TRX113400;2026-03-08;1000000633;Gina Marlina;TV Kabel;Transvision;3839999839;106219;2000;108219;Internet Banking;Sukses
TRX113408;2026-03-05;1000003553;Budi Santoso;Internet;IndiHome;2547067870;333322;2000;335322;Teller;Sukses
TRX113422;2026-02-22;1000004899;Andi Saputra;Internet;IndiHome;7507783856;276594;2000;278594;Mobile Banking;Sukses
TRX113448;2026-01-26;1000003221;Dedi Pratama;TV Kabel;First Media;5037390414;225686;3000;228686;Mobile Banking;Sukses
TRX113455;2026-01-08;1000004447;Joko Susilo;Air;PDAM;2233770611;382032;2000;384032;Teller;Sukses
TRX113491;2026-03-22;1000003540;Intan Sari;Air;PDAM;6978574261;113411;2000;115411;Mobile Banking;Sukses
TRX113504;2026-03-21;1000000729;Joko Susilo;Internet;Biznet;1978035600;451625;2000;453625;ATM;Sukses
TRX113540;2026-02-10;1000000010;Gina Marlina;Internet;IndiHome;7064192917;78520;2000;80520;ATM;Sukses
TRX113599;2026-02-18;1000000020;Intan Sari;TV Kabel;Transvision;8063111358;399269;3000;402269;EDC;Sukses
TRX113624;2026-01-11;1000003706;Budi Santoso;Internet;IndiHome;9982583969;130494;2500;132994;Mobile Banking;Sukses
TRX113636;2026-03-29;1000003830;Joko Susilo;Internet;Biznet;1952570575;300962;3000;303962;Teller;Sukses
TRX113670;2026-01-07;1000004474;Dedi Pratama;TV Kabel;First Media;2377340203;210395;2000;212395;Teller;Sukses
TRX113677;2026-01-29;1000001791;Eka Lestari;Internet;Biznet;3725345409;131304;2000;133304;EDC;Sukses
TRX113698;2026-01-24;1000002892;Intan Sari;Listrik;PLN;9874906831;83036;2000;85036;ATM;Sukses
TRX113729;2026-02-23;1000001670;Citra Dewi;TV Kabel;First Media;7899252211;456438;2500;458938;Internet Banking;Sukses
TRX113761;2026-03-08;1000003091;Fajar Hidayat;BPJS;BPJS Kesehatan;8228549371;301420;3000;304420;ATM;Sukses
TRX113773;2026-02-17;1000004533;Gina Marlina;Internet;Biznet;5727602149;364633;3000;367633;ATM;Sukses
TRX113843;2026-03-26;1000002079;Andi Saputra;TV Kabel;First Media;1178631577;94565;2000;96565;Internet Banking;Sukses
TRX113898;2026-03-11;1000002914;Budi Santoso;TV Kabel;First Media;2211512834;198710;3000;201710;EDC;Sukses
TRX113931;2026-01-13;1000000993;Andi Saputra;Air;PDAM;5863480179;270780;2000;272780;Mobile Banking;Sukses
TRX113943;2026-02-13;1000001296;Dedi Pratama;TV Kabel;Transvision;4947388913;473147;2000;475147;EDC;Sukses
TRX113971;2026-01-10;1000004195;Joko Susilo;Listrik;PLN;9792931267;448109;3000;451109;ATM;Sukses
TRX113981;2026-01-31;1000003317;Gina Marlina;Internet;Biznet;1582228471;154247;2000;156247;ATM;Sukses
TRX113993;2026-03-02;1000002254;Dedi Pratama;TV Kabel;Transvision;8174141410;92333;2000;94333;Mobile Banking;Sukses
TRX114058;2026-01-30;1000003377;Eka Lestari;Air;PDAM;6118230489;274346;2500;276846;Teller;Sukses
TRX114107;2026-03-18;1000001016;Intan Sari;Internet;Biznet;9995768992;335092;2500;337592;EDC;Sukses
TRX114113;2026-02-25;1000002768;Fajar Hidayat;TV Kabel;First Media;3948533888;69534;2500;72034;Internet Banking;Sukses
TRX114171;2026-03-18;1000001827;Citra Dewi;TV Kabel;First Media;3196157086;275557;2000;277557;Teller;Sukses
TRX114242;2026-03-06;1000000911;Citra Dewi;Internet;Biznet;6404782709;258949;2000;260949;Internet Banking;Sukses
TRX114320;2026-01-12;1000002432;Gina Marlina;Air;PDAM;1631017911;242066;3000;245066;Internet Banking;Sukses
TRX114358;2026-01-30;1000000232;Budi Santoso;Internet;Biznet;8746956485;78287;3000;81287;Mobile Banking;Sukses
TRX114379;2026-02-11;1000000386;Dedi Pratama;Internet;IndiHome;2134919869;311056;2000;313056;Internet Banking;Sukses
TRX114490;2026-02-23;1000000937;Dedi Pratama;BPJS;BPJS Kesehatan;4102881341;288739;2500;291239;Mobile Banking;Sukses
TRX114505;2026-01-22;1000004441;Eka Lestari;TV Kabel;Transvision;3648493353;156056;2500;158556;Teller;Sukses
TRX114517;2026-02-22;1000003647;Eka Lestari;Air;PDAM;2317361250;452541;2000;454541;Teller;Sukses
TRX114604;2026-01-22;1000001386;Joko Susilo;Air;PDAM;6601739334;458713;2500;461213;Mobile Banking;Sukses
TRX114628;2026-02-22;1000002051;Dedi Pratama;TV Kabel;Transvision;5288247461;267105;2500;269605;Teller;Sukses
TRX114662;2026-02-27;1000001579;Intan Sari;BPJS;BPJS Kesehatan;4591469181;193247;3000;196247;EDC;Sukses
TRX114705;2026-01-07;1000000031;Hadi Wijaya;Internet;IndiHome;5753106206;154582;2500;157082;Teller;Sukses
TRX114767;2026-02-26;1000003822;Gina Marlina;Internet;IndiHome;4892490933;118826;2500;121326;Mobile Banking;Sukses
TRX114862;2026-01-12;1000004669;Eka Lestari;TV Kabel;Transvision;9141622764;88554;2500;91054;ATM;Sukses
TRX114886;2026-02-28;1000001928;Joko Susilo;Air;PDAM;1331634253;357583;2500;360083;EDC;Sukses
TRX114924;2026-01-19;1000000784;Dedi Pratama;Listrik;PLN;7763901919;454439;2500;456939;Internet Banking;Sukses
TRX114960;2026-01-05;1000002296;Eka Lestari;Listrik;PLN;6188486099;354270;2500;356770;Internet Banking;Sukses
TRX114966;2026-01-17;1000004973;Citra Dewi;BPJS;BPJS Kesehatan;2309273902;197862;3000;200862;EDC;Sukses
TRX114994;2026-01-06;1000004507;Gina Marlina;Internet;Biznet;4053281913;458372;2000;460372;Teller;Sukses
TRX115003;2026-03-11;1000003489;Joko Susilo;TV Kabel;Transvision;7029276353;333003;2000;335003;Internet Banking;Sukses
TRX115226;2026-01-01;1000004141;Citra Dewi;Listrik;PLN;6941854475;411653;2000;413653;Teller;Sukses
TRX115235;2026-01-11;1000001116;Dedi Pratama;Listrik;PLN;6029873011;377464;2500;379964;ATM;Sukses
TRX115302;2026-02-24;1000003349;Citra Dewi;Listrik;PLN;7499047141;494604;2000;496604;EDC;Sukses
TRX115330;2026-01-04;1000003145;Citra Dewi;TV Kabel;First Media;9389136874;162848;2000;164848;EDC;Sukses
TRX115366;2026-02-08;1000003281;Budi Santoso;Internet;Biznet;2714190928;383529;2500;386029;Internet Banking;Sukses
TRX115374;2026-01-07;1000000685;Budi Santoso;Internet;IndiHome;3135195509;406960;3000;409960;Mobile Banking;Sukses
TRX115416;2026-02-15;1000001672;Citra Dewi;BPJS;BPJS Kesehatan;7758345040;265124;2000;267124;Internet Banking;Sukses
TRX115453;2026-03-29;1000004269;Hadi Wijaya;TV Kabel;Transvision;5481892052;395830;2000;397830;Mobile Banking;Sukses
TRX115465;2026-02-12;1000002183;Citra Dewi;TV Kabel;Transvision;7406418668;124154;3000;127154;ATM;Sukses
TRX115524;2026-02-13;1000001311;Citra Dewi;Internet;IndiHome;1230243680;309122;3000;312122;EDC;Sukses
TRX115573;2026-03-27;1000001543;Intan Sari;BPJS;BPJS Kesehatan;5669573505;407347;2000;409347;Mobile Banking;Sukses
TRX115589;2026-01-06;1000001997;Fajar Hidayat;Internet;IndiHome;7504966428;160628;3000;163628;EDC;Sukses
TRX115627;2026-01-05;1000003822;Gina Marlina;TV Kabel;Transvision;1017276288;210286;3000;213286;Internet Banking;Sukses
TRX115647;2026-03-31;1000001111;Eka Lestari;Internet;Biznet;7511703299;338410;2000;340410;ATM;Sukses
TRX115836;2026-03-16;1000001423;Eka Lestari;TV Kabel;Transvision;8864911473;330237;2500;332737;Mobile Banking;Sukses
TRX115853;2026-01-07;1000000315;Joko Susilo;Internet;IndiHome;1053897227;56495;2000;58495;Teller;Sukses
TRX115883;2026-02-06;1000001632;Andi Saputra;Air;PDAM;1998979428;193361;3000;196361;EDC;Sukses
TRX115917;2026-02-18;1000000006;Intan Sari;Listrik;PLN;7075209040;220832;3000;223832;Teller;Sukses
TRX115928;2026-03-13;1000001364;Budi Santoso;Internet;Biznet;9465730985;287952;2000;289952;Mobile Banking;Sukses
TRX115989;2026-03-13;1000003009;Citra Dewi;Internet;IndiHome;2271738316;490408;2000;492408;Mobile Banking;Sukses
TRX116019;2026-03-28;1000004971;Eka Lestari;Internet;IndiHome;9811338143;214653;2000;216653;EDC;Sukses
TRX116058;2026-03-12;1000001331;Budi Santoso;TV Kabel;Transvision;4076155363;377569;2000;379569;Teller;Sukses
TRX116096;2026-03-09;1000001740;Intan Sari;Internet;IndiHome;5657073837;316613;2000;318613;Internet Banking;Sukses
TRX116109;2026-02-21;1000004865;Hadi Wijaya;Internet;Biznet;7867949393;320067;2500;322567;Mobile Banking;Sukses
TRX116142;2026-03-15;1000003818;Dedi Pratama;Listrik;PLN;6733220522;149031;2500;151531;EDC;Sukses
TRX116173;2026-02-16;1000001103;Hadi Wijaya;Internet;IndiHome;9186772281;89447;2500;91947;Internet Banking;Sukses
TRX116241;2026-01-24;1000002113;Gina Marlina;TV Kabel;Transvision;6479790756;480273;2000;482273;ATM;Sukses
TRX116248;2026-02-28;1000001154;Hadi Wijaya;Internet;IndiHome;9084692125;166283;3000;169283;ATM;Sukses
TRX116301;2026-01-08;1000002950;Intan Sari;TV Kabel;Transvision;1722807403;285518;2500;288018;Internet Banking;Sukses
TRX116331;2026-03-29;1000002905;Citra Dewi;Internet;Biznet;4185954351;495998;2000;497998;Mobile Banking;Sukses
TRX116351;2026-01-26;1000004199;Eka Lestari;Listrik;PLN;5802871141;468391;2500;470891;Teller;Sukses
TRX116427;2026-01-17;1000001724;Joko Susilo;Internet;IndiHome;9075275000;355356;2000;357356;ATM;Sukses
TRX116432;2026-03-17;1000001246;Hadi Wijaya;Internet;Biznet;2618462135;105179;2000;107179;Internet Banking;Sukses
TRX116471;2026-02-21;1000004933;Fajar Hidayat;Listrik;PLN;8134772221;98595;3000;101595;EDC;Sukses
TRX116485;2026-03-12;1000000253;Intan Sari;BPJS;BPJS Kesehatan;9890791372;470478;2000;472478;Teller;Sukses
TRX116612;2026-01-05;1000004918;Fajar Hidayat;TV Kabel;First Media;1683477478;210549;3000;213549;Mobile Banking;Sukses
TRX116675;2026-01-29;1000004905;Citra Dewi;Air;PDAM;2439900186;383556;2000;385556;ATM;Sukses
TRX116692;2026-01-14;1000002232;Budi Santoso;Listrik;PLN;6853573918;380994;2000;382994;ATM;Sukses
TRX116760;2026-01-08;1000003468;Hadi Wijaya;TV Kabel;First Media;6845852764;283674;2500;286174;Mobile Banking;Sukses
TRX116823;2026-02-28;1000000644;Gina Marlina;TV Kabel;Transvision;2885643416;391330;2000;393330;Teller;Sukses
TRX116847;2026-02-16;1000002135;Joko Susilo;Internet;Biznet;4055540399;131271;3000;134271;Internet Banking;Sukses
TRX116929;2026-03-30;1000004749;Fajar Hidayat;TV Kabel;First Media;2502967802;333166;3000;336166;EDC;Sukses
TRX116936;2026-01-08;1000000798;Andi Saputra;BPJS;BPJS Kesehatan;8056383774;85074;2000;87074;Mobile Banking;Sukses
TRX117026;2026-01-27;1000000637;Hadi Wijaya;Listrik;PLN;4071490998;224554;3000;227554;Internet Banking;Sukses
TRX117052;2026-02-23;1000001474;Joko Susilo;TV Kabel;First Media;6901602425;265038;2000;267038;Internet Banking;Sukses
TRX117168;2026-02-25;1000000419;Hadi Wijaya;BPJS;BPJS Kesehatan;2028095101;478441;3000;481441;EDC;Sukses
TRX117294;2026-01-05;1000000191;Intan Sari;Internet;Biznet;7989323934;414335;3000;417335;Teller;Sukses
TRX117335;2026-02-11;1000001285;Citra Dewi;Air;PDAM;2632916776;318944;2000;320944;EDC;Sukses
TRX117355;2026-01-26;1000003585;Hadi Wijaya;Internet;Biznet;8575284494;353893;3000;356893;Mobile Banking;Sukses
TRX117387;2026-01-09;1000002854;Intan Sari;TV Kabel;First Media;4025520762;462260;2000;464260;EDC;Sukses
TRX117424;2026-01-10;1000003201;Joko Susilo;Listrik;PLN;7683912657;378941;3000;381941;EDC;Sukses
TRX117465;2026-02-02;1000004702;Intan Sari;Air;PDAM;4954675700;339806;3000;342806;EDC;Sukses
TRX117466;2026-01-24;1000004784;Hadi Wijaya;Internet;Biznet;2429790599;382987;2000;384987;Internet Banking;Sukses
TRX117468;2026-02-11;1000004859;Dedi Pratama;TV Kabel;Transvision;7002572794;440571;2500;443071;Teller;Sukses
TRX117476;2026-01-31;1000004720;Andi Saputra;TV Kabel;Transvision;2062000884;159750;3000;162750;Teller;Sukses
TRX117569;2026-03-24;1000002300;Andi Saputra;Internet;Biznet;2727267947;76886;3000;79886;Teller;Sukses
TRX117588;2026-01-19;1000003967;Budi Santoso;TV Kabel;Transvision;6170489331;240915;3000;243915;Teller;Sukses
TRX117594;2026-01-03;1000002338;Joko Susilo;Air;PDAM;1262648062;412680;3000;415680;ATM;Sukses
TRX117647;2026-02-20;1000002875;Gina Marlina;Internet;Biznet;2742644655;195782;3000;198782;Internet Banking;Sukses
TRX117674;2026-03-24;1000000974;Fajar Hidayat;Internet;Biznet;4716102742;483687;2500;486187;ATM;Sukses
TRX117792;2026-03-20;1000004449;Dedi Pratama;TV Kabel;First Media;6308666823;100830;3000;103830;ATM;Sukses
TRX117818;2026-01-16;1000002247;Andi Saputra;Listrik;PLN;2117325089;83216;2000;85216;ATM;Sukses
TRX117826;2026-01-23;1000004789;Fajar Hidayat;TV Kabel;Transvision;3566420974;51764;2500;54264;ATM;Sukses
TRX117841;2026-02-03;1000003023;Dedi Pratama;Internet;Biznet;9127397555;333316;2000;335316;Internet Banking;Sukses
TRX117909;2026-02-11;1000000836;Andi Saputra;TV Kabel;Transvision;7657226998;405859;2500;408359;Teller;Sukses
TRX117945;2026-03-10;1000001276;Dedi Pratama;TV Kabel;First Media;3899467508;492317;3000;495317;Internet Banking;Sukses
TRX117978;2026-01-12;1000002317;Fajar Hidayat;TV Kabel;First Media;7121515718;160396;2000;162396;Internet Banking;Sukses
TRX117995;2026-01-03;1000004300;Fajar Hidayat;TV Kabel;Transvision;1229429192;444754;2500;447254;EDC;Sukses
TRX118048;2026-01-18;1000001284;Fajar Hidayat;Air;PDAM;5432155599;437818;2500;440318;EDC;Sukses
TRX118055;2026-01-21;1000000530;Andi Saputra;Internet;IndiHome;4526321988;476341;2500;478841;EDC;Sukses
TRX118081;2026-02-01;1000002168;Budi Santoso;Internet;Biznet;3383531209;126928;2000;128928;ATM;Sukses
TRX118111;2026-02-18;1000000183;Fajar Hidayat;BPJS;BPJS Kesehatan;3618032782;293469;2000;295469;Mobile Banking;Sukses
TRX118125;2026-02-23;1000002964;Intan Sari;Air;PDAM;6929168703;489500;2500;492000;Internet Banking;Sukses
TRX118151;2026-01-10;1000004624;Gina Marlina;Internet;IndiHome;3079927303;372151;2500;374651;Teller;Sukses
TRX118272;2026-03-27;1000004310;Eka Lestari;BPJS;BPJS Kesehatan;4155210667;299068;2500;301568;Mobile Banking;Sukses
TRX118286;2026-01-07;1000004225;Andi Saputra;Internet;IndiHome;4408135052;440867;3000;443867;Internet Banking;Sukses
TRX118316;2026-01-14;1000001692;Dedi Pratama;Listrik;PLN;2016449960;156066;3000;159066;ATM;Sukses
TRX118322;2026-02-09;1000003996;Dedi Pratama;TV Kabel;First Media;4007219659;51993;2000;53993;Teller;Sukses
TRX118336;2026-02-27;1000004160;Fajar Hidayat;Air;PDAM;1942442409;216242;3000;219242;Internet Banking;Sukses
TRX118548;2026-03-20;1000001605;Andi Saputra;TV Kabel;Transvision;2973658276;200743;2500;203243;Internet Banking;Sukses
TRX118556;2026-03-01;1000000545;Gina Marlina;TV Kabel;First Media;1191139917;135274;2000;137274;Teller;Sukses
TRX118566;2026-03-01;1000003634;Citra Dewi;Listrik;PLN;9915030829;438674;2500;441174;Mobile Banking;Sukses
TRX118616;2026-01-31;1000001603;Intan Sari;BPJS;BPJS Kesehatan;6808620862;442777;2000;444777;Teller;Sukses
TRX118639;2026-03-22;1000004603;Dedi Pratama;TV Kabel;Transvision;5246061430;180587;2500;183087;ATM;Sukses
TRX118654;2026-01-09;1000004159;Intan Sari;BPJS;BPJS Kesehatan;7503944225;181485;2000;183485;Mobile Banking;Sukses
TRX118673;2026-03-28;1000000983;Joko Susilo;TV Kabel;Transvision;8998615914;379652;2000;381652;Teller;Sukses
TRX118674;2026-03-22;1000004278;Hadi Wijaya;TV Kabel;Transvision;2363897560;374256;3000;377256;Mobile Banking;Sukses
TRX118736;2026-02-08;1000000142;Joko Susilo;Internet;Biznet;4912470715;471952;2000;473952;EDC;Sukses
TRX118765;2026-01-12;1000000633;Gina Marlina;TV Kabel;First Media;2445733962;153103;3000;156103;Teller;Sukses
TRX118788;2026-01-19;1000001617;Joko Susilo;TV Kabel;First Media;2230460503;93436;2000;95436;Teller;Sukses
TRX118882;2026-03-13;1000002758;Dedi Pratama;BPJS;BPJS Kesehatan;1124160534;410739;2000;412739;ATM;Sukses
TRX118897;2026-02-02;1000000071;Gina Marlina;TV Kabel;Transvision;6532060513;319195;2500;321695;Internet Banking;Sukses
TRX118983;2026-02-12;1000003617;Gina Marlina;TV Kabel;First Media;1597917178;145455;2500;147955;ATM;Sukses
TRX119026;2026-02-22;1000000288;Citra Dewi;TV Kabel;Transvision;4265507370;101473;2500;103973;EDC;Sukses
TRX119034;2026-02-08;1000000193;Gina Marlina;Air;PDAM;3135473098;475892;2000;477892;Mobile Banking;Sukses
TRX119081;2026-03-10;1000002005;Eka Lestari;Listrik;PLN;4477610981;337690;3000;340690;EDC;Sukses
TRX119161;2026-01-21;1000000912;Intan Sari;BPJS;BPJS Kesehatan;6324823352;448332;3000;451332;ATM;Sukses
TRX119167;2026-03-19;1000001832;Dedi Pratama;Internet;Biznet;5772983702;61187;2000;63187;Internet Banking;Sukses
TRX119185;2026-02-04;1000002322;Dedi Pratama;Internet;Biznet;2694492598;304229;2500;306729;Mobile Banking;Sukses
TRX119193;2026-01-23;1000003809;Andi Saputra;Internet;Biznet;7535402934;79162;2000;81162;Internet Banking;Sukses
TRX119308;2026-01-31;1000002321;Citra Dewi;BPJS;BPJS Kesehatan;8052510817;373252;3000;376252;EDC;Sukses
TRX119309;2026-02-02;1000002928;Andi Saputra;TV Kabel;First Media;7661883938;228851;2000;230851;Teller;Sukses
TRX119321;2026-01-14;1000000361;Citra Dewi;Listrik;PLN;3704530624;376087;2500;378587;ATM;Sukses
TRX119345;2026-03-28;1000000935;Eka Lestari;Listrik;PLN;5071267918;472212;2000;474212;EDC;Sukses
TRX119424;2026-02-04;1000000837;Gina Marlina;BPJS;BPJS Kesehatan;4727968656;377757;2000;379757;ATM;Sukses
TRX119428;2026-03-04;1000000024;Gina Marlina;Internet;Biznet;3772861238;53453;2500;55953;ATM;Sukses
TRX119429;2026-03-14;1000003620;Citra Dewi;Air;PDAM;4989209314;367404;3000;370404;EDC;Sukses
TRX119500;2026-01-19;1000003536;Intan Sari;Internet;IndiHome;9182203952;289316;3000;292316;Mobile Banking;Sukses
TRX119518;2026-03-04;1000002503;Citra Dewi;Listrik;PLN;7806419946;443684;3000;446684;Teller;Sukses
TRX119526;2026-02-19;1000002987;Hadi Wijaya;Air;PDAM;9298433045;279542;2500;282042;ATM;Sukses
TRX119544;2026-02-25;1000000980;Hadi Wijaya;Internet;IndiHome;6403946724;93227;2500;95727;Teller;Sukses
TRX119553;2026-03-01;1000003857;Eka Lestari;Internet;IndiHome;6999715516;444730;2000;446730;Internet Banking;Sukses
TRX119622;2026-02-22;1000002550;Citra Dewi;Listrik;PLN;2771886729;310481;3000;313481;Internet Banking;Sukses
TRX119643;2026-02-19;1000003655;Citra Dewi;Listrik;PLN;4270805707;493920;3000;496920;ATM;Sukses
TRX119703;2026-02-23;1000004114;Gina Marlina;TV Kabel;First Media;3364941517;71877;2500;74377;Teller;Sukses
TRX119709;2026-03-22;1000000616;Dedi Pratama;Internet;Biznet;7096290882;197976;2500;200476;Teller;Sukses
TRX119717;2026-01-06;1000001559;Budi Santoso;BPJS;BPJS Kesehatan;4990129604;177898;2000;179898;ATM;Sukses
TRX119738;2026-02-26;1000002504;Andi Saputra;Internet;Biznet;9924317757;358559;2000;360559;Internet Banking;Sukses
TRX119746;2026-01-24;1000001850;Dedi Pratama;Internet;Biznet;8938321984;54329;3000;57329;Internet Banking;Sukses
TRX119760;2026-01-28;1000004874;Fajar Hidayat;Listrik;PLN;2122072077;248401;3000;251401;Internet Banking;Sukses
TRX119791;2026-01-02;1000004246;Eka Lestari;Listrik;PLN;6830356427;89776;2500;92276;Internet Banking;Sukses
TRX119827;2026-03-24;1000002170;Fajar Hidayat;Internet;Biznet;3321253983;241057;3000;244057;ATM;Sukses
TRX119869;2026-03-01;1000004751;Citra Dewi;Air;PDAM;9804295258;362126;3000;365126;Teller;Sukses
TRX119883;2026-02-24;1000004545;Gina Marlina;Internet;IndiHome;4369728525;424205;2500;426705;ATM;Sukses
TRX119901;2026-01-13;1000002789;Andi Saputra;Internet;IndiHome;3605442232;401924;2000;403924;EDC;Sukses
TRX119924;2026-01-17;1000003001;Fajar Hidayat;BPJS;BPJS Kesehatan;1662925013;108383;2500;110883;ATM;Sukses
TRX120114;2026-02-08;1000003678;Eka Lestari;Air;PDAM;5319990021;372758;3000;375758;ATM;Sukses
TRX120200;2026-01-30;1000003526;Fajar Hidayat;BPJS;BPJS Kesehatan;5416723482;341666;3000;344666;Internet Banking;Sukses
TRX120402;2026-01-24;1000004594;Andi Saputra;BPJS;BPJS Kesehatan;5742147889;486420;2500;488920;Internet Banking;Sukses
TRX120407;2026-03-05;1000004296;Intan Sari;TV Kabel;First Media;7832953733;255434;2500;257934;Internet Banking;Sukses
TRX120422;2026-03-27;1000004862;Citra Dewi;TV Kabel;First Media;6411314474;458787;2000;460787;ATM;Sukses
TRX120435;2026-01-27;1000001459;Dedi Pratama;Internet;IndiHome;5860829083;286775;3000;289775;Teller;Sukses
TRX120456;2026-02-09;1000001748;Citra Dewi;Air;PDAM;1507590025;93277;3000;96277;ATM;Sukses
TRX120540;2026-03-23;1000004160;Fajar Hidayat;Internet;IndiHome;5020971336;177821;2500;180321;Mobile Banking;Sukses
TRX120569;2026-02-03;1000003141;Budi Santoso;Air;PDAM;7672292713;472323;2500;474823;EDC;Sukses
TRX120577;2026-03-10;1000000176;Joko Susilo;Listrik;PLN;4109597387;307536;2500;310036;Teller;Sukses
TRX120596;2026-02-05;1000003038;Eka Lestari;BPJS;BPJS Kesehatan;3038993316;274368;2500;276868;EDC;Sukses
TRX120625;2026-01-17;1000003454;Joko Susilo;BPJS;BPJS Kesehatan;2025884010;492259;2000;494259;Mobile Banking;Sukses
TRX120679;2026-01-20;1000000279;Intan Sari;Internet;IndiHome;5633635119;419420;2500;421920;ATM;Sukses
TRX120695;2026-02-05;1000004078;Hadi Wijaya;Internet;Biznet;3227897004;81296;2500;83796;ATM;Sukses
TRX120727;2026-02-01;1000002690;Fajar Hidayat;Internet;Biznet;1850821482;248043;2000;250043;Teller;Sukses
TRX120855;2026-03-14;1000000988;Fajar Hidayat;Listrik;PLN;6290514525;477134;2500;479634;Internet Banking;Sukses
TRX120871;2026-03-07;1000002606;Hadi Wijaya;Internet;IndiHome;1804737432;432841;3000;435841;Mobile Banking;Sukses
TRX120915;2026-03-01;1000004058;Fajar Hidayat;Internet;IndiHome;8342667741;408844;2500;411344;ATM;Sukses
TRX120949;2026-02-23;1000002639;Dedi Pratama;TV Kabel;Transvision;6698919040;120862;2500;123362;ATM;Sukses
TRX120954;2026-01-27;1000001281;Eka Lestari;Internet;Biznet;1111757006;73462;3000;76462;Mobile Banking;Sukses
TRX120986;2026-01-25;1000003533;Eka Lestari;Internet;Biznet;5188641045;476656;3000;479656;Teller;Sukses
TRX121011;2026-02-17;1000001170;Gina Marlina;TV Kabel;First Media;8720526859;194573;3000;197573;Mobile Banking;Sukses
TRX121030;2026-03-21;1000000815;Dedi Pratama;Internet;Biznet;7616832255;294892;2000;296892;Mobile Banking;Sukses
TRX121039;2026-02-27;1000003264;Budi Santoso;Internet;Biznet;3727021730;382548;2500;385048;ATM;Sukses
TRX121040;2026-02-17;1000003975;Eka Lestari;BPJS;BPJS Kesehatan;1737617207;338804;2000;340804;Internet Banking;Sukses
TRX121057;2026-02-28;1000002172;Eka Lestari;TV Kabel;Transvision;1127886193;220565;2500;223065;ATM;Sukses
TRX121077;2026-03-14;1000000195;Hadi Wijaya;TV Kabel;First Media;3346444719;100175;2500;102675;EDC;Sukses
TRX121087;2026-02-15;1000002751;Eka Lestari;Internet;IndiHome;9844873266;308962;2000;310962;EDC;Sukses
TRX121096;2026-01-21;1000003938;Eka Lestari;TV Kabel;Transvision;6233518224;183589;2000;185589;Teller;Sukses
TRX121127;2026-02-09;1000003735;Dedi Pratama;Internet;IndiHome;9696707397;141711;2000;143711;Teller;Sukses
TRX121138;2026-03-28;1000003398;Intan Sari;Listrik;PLN;9663156702;202182;2000;204182;Internet Banking;Sukses
TRX121245;2026-02-07;1000000034;Citra Dewi;TV Kabel;First Media;5861325839;301485;2500;303985;Mobile Banking;Sukses
TRX121313;2026-02-18;1000001368;Budi Santoso;TV Kabel;First Media;2295714705;310828;2000;312828;EDC;Sukses
TRX121349;2026-03-31;1000001978;Hadi Wijaya;TV Kabel;First Media;5171508965;393758;3000;396758;Internet Banking;Sukses
TRX121408;2026-02-15;1000001265;Fajar Hidayat;TV Kabel;Transvision;4230885188;340704;2500;343204;EDC;Sukses
TRX121428;2026-03-19;1000000274;Budi Santoso;BPJS;BPJS Kesehatan;7527088366;378281;3000;381281;Teller;Sukses
TRX121451;2026-02-19;1000001422;Budi Santoso;Internet;Biznet;4934843760;451136;2000;453136;Mobile Banking;Sukses
TRX121455;2026-02-25;1000003460;Dedi Pratama;TV Kabel;First Media;6166203975;443316;2000;445316;Teller;Sukses
TRX121480;2026-03-16;1000002197;Fajar Hidayat;Air;PDAM;1569833931;471885;2000;473885;Mobile Banking;Sukses
TRX121541;2026-03-12;1000000584;Intan Sari;Internet;Biznet;4092517971;332115;2500;334615;Internet Banking;Sukses
TRX121616;2026-03-25;1000001683;Dedi Pratama;Air;PDAM;2294820464;85988;2000;87988;Teller;Sukses
TRX121688;2026-02-17;1000002577;Eka Lestari;TV Kabel;Transvision;1975996038;294695;2000;296695;Mobile Banking;Sukses
TRX121698;2026-03-21;1000003051;Budi Santoso;Internet;IndiHome;9131739450;354066;2000;356066;Internet Banking;Sukses
TRX121738;2026-01-20;1000004923;Fajar Hidayat;Air;PDAM;2808256240;311991;3000;314991;Internet Banking;Sukses
TRX121764;2026-02-22;1000001769;Intan Sari;BPJS;BPJS Kesehatan;5040167030;229354;2000;231354;Mobile Banking;Sukses
TRX121766;2026-02-22;1000000706;Fajar Hidayat;Listrik;PLN;6558245176;359681;2500;362181;Mobile Banking;Sukses
TRX121774;2026-01-16;1000004667;Gina Marlina;Internet;Biznet;2887278115;157970;3000;160970;Internet Banking;Sukses
TRX121777;2026-01-27;1000001946;Dedi Pratama;BPJS;BPJS Kesehatan;6357508365;112239;2000;114239;EDC;Sukses
TRX121803;2026-01-04;1000002510;Dedi Pratama;Internet;Biznet;3834978256;246131;2000;248131;Teller;Sukses
TRX121822;2026-03-25;1000003392;Citra Dewi;Internet;IndiHome;8631050818;445503;3000;448503;Mobile Banking;Sukses
TRX121840;2026-03-30;1000000737;Eka Lestari;Internet;IndiHome;1122025162;287386;2500;289886;Teller;Sukses
TRX121927;2026-01-27;1000004501;Citra Dewi;TV Kabel;First Media;5179781114;167475;2500;169975;ATM;Sukses
TRX121956;2026-02-05;1000004045;Dedi Pratama;Internet;Biznet;2086892389;375437;2000;377437;Internet Banking;Sukses
TRX121957;2026-03-05;1000004797;Joko Susilo;Internet;IndiHome;9609536141;284264;2500;286764;ATM;Sukses
TRX121960;2026-03-27;1000000652;Citra Dewi;TV Kabel;Transvision;3042637478;465925;2000;467925;Mobile Banking;Sukses
TRX121972;2026-02-03;1000000311;Gina Marlina;Air;PDAM;3752891450;463457;2500;465957;Teller;Sukses
TRX122005;2026-03-07;1000003336;Intan Sari;Internet;Biznet;2260978062;67080;2500;69580;Internet Banking;Sukses
TRX122258;2026-01-12;1000002890;Andi Saputra;Air;PDAM;6350739111;403627;3000;406627;EDC;Sukses
TRX122277;2026-01-23;1000000283;Joko Susilo;Air;PDAM;9276865131;241674;2000;243674;Internet Banking;Sukses
TRX122323;2026-01-20;1000000879;Dedi Pratama;Internet;IndiHome;9228300164;294780;3000;297780;Teller;Sukses
TRX122450;2026-02-15;1000002357;Joko Susilo;Internet;IndiHome;3007930843;388620;2500;391120;EDC;Sukses
TRX122480;2026-02-28;1000004050;Citra Dewi;Air;PDAM;4209463180;110981;3000;113981;EDC;Sukses
TRX122484;2026-02-16;1000004493;Gina Marlina;Air;PDAM;5356832394;336383;2500;338883;Mobile Banking;Sukses
TRX122492;2026-02-27;1000003295;Budi Santoso;Listrik;PLN;4722776140;303250;3000;306250;Internet Banking;Sukses
TRX122499;2026-02-15;1000002384;Hadi Wijaya;Air;PDAM;3015742460;88106;2000;90106;Mobile Banking;Sukses
TRX122505;2026-01-06;1000003845;Fajar Hidayat;Internet;Biznet;7563633153;385268;2000;387268;Internet Banking;Sukses
TRX122530;2026-02-01;1000000152;Fajar Hidayat;BPJS;BPJS Kesehatan;5571767694;189372;2500;191872;Teller;Sukses
TRX122534;2026-01-28;1000002187;Fajar Hidayat;BPJS;BPJS Kesehatan;1629666601;151878;2000;153878;EDC;Sukses
TRX122622;2026-01-17;1000003345;Dedi Pratama;BPJS;BPJS Kesehatan;4246451130;84760;2000;86760;EDC;Sukses
TRX122634;2026-01-12;1000000152;Fajar Hidayat;Listrik;PLN;2450453228;91405;2500;93905;EDC;Sukses
TRX122638;2026-01-10;1000002877;Joko Susilo;Listrik;PLN;7223105855;480216;2000;482216;ATM;Sukses
TRX122675;2026-02-23;1000001394;Hadi Wijaya;Internet;Biznet;9623636474;412420;3000;415420;Mobile Banking;Sukses
TRX122705;2026-03-30;1000002390;Joko Susilo;Internet;IndiHome;1319809880;422961;2500;425461;Teller;Sukses
TRX122711;2026-03-10;1000000883;Citra Dewi;Air;PDAM;1535860070;186855;2000;188855;Internet Banking;Sukses
TRX122730;2026-03-25;1000004526;Gina Marlina;TV Kabel;First Media;4319666490;174683;2500;177183;ATM;Sukses
TRX122793;2026-02-17;1000000166;Andi Saputra;BPJS;BPJS Kesehatan;2037012319;194790;2500;197290;ATM;Sukses
TRX122850;2026-03-29;1000002325;Gina Marlina;BPJS;BPJS Kesehatan;1754008896;320217;2500;322717;EDC;Sukses
TRX122853;2026-01-29;1000002935;Fajar Hidayat;Air;PDAM;5919288230;396091;3000;399091;EDC;Sukses
TRX122893;2026-03-27;1000000747;Eka Lestari;TV Kabel;First Media;7127193282;72698;2000;74698;Teller;Sukses
TRX122913;2026-03-10;1000002164;Intan Sari;TV Kabel;First Media;3848041497;182424;2500;184924;ATM;Sukses
TRX122984;2026-03-17;1000003585;Hadi Wijaya;BPJS;BPJS Kesehatan;2974260137;445192;2500;447692;EDC;Sukses
TRX123171;2026-01-09;1000001697;Andi Saputra;Internet;IndiHome;5934269258;72153;3000;75153;Internet Banking;Sukses
TRX123180;2026-01-05;1000002249;Citra Dewi;TV Kabel;First Media;7472318132;418915;2500;421415;Teller;Sukses
TRX123185;2026-02-11;1000000265;Intan Sari;TV Kabel;Transvision;8622594740;293138;2000;295138;Internet Banking;Sukses
TRX123218;2026-03-18;1000003225;Andi Saputra;Internet;IndiHome;3178252342;160336;3000;163336;Mobile Banking;Sukses
TRX123276;2026-02-12;1000003230;Hadi Wijaya;Internet;IndiHome;5718182538;494644;2500;497144;EDC;Sukses
TRX123351;2026-03-03;1000001999;Citra Dewi;Internet;IndiHome;7403531619;351539;3000;354539;EDC;Sukses
TRX123358;2026-03-07;1000000443;Intan Sari;Internet;IndiHome;6832828068;154098;2000;156098;Mobile Banking;Sukses
TRX123380;2026-03-17;1000001524;Gina Marlina;Air;PDAM;3329442649;77649;3000;80649;Internet Banking;Sukses
TRX123496;2026-01-22;1000000085;Dedi Pratama;BPJS;BPJS Kesehatan;8333886012;259838;2000;261838;ATM;Sukses
TRX123512;2026-03-16;1000002080;Gina Marlina;Listrik;PLN;4959931289;240011;2500;242511;EDC;Sukses
TRX123541;2026-02-18;1000003215;Eka Lestari;Air;PDAM;3662740526;93785;2500;96285;ATM;Sukses
TRX123569;2026-03-20;1000004934;Hadi Wijaya;Listrik;PLN;4679334119;363559;2500;366059;Internet Banking;Sukses
TRX123581;2026-01-27;1000004892;Citra Dewi;Listrik;PLN;1878602696;360098;2500;362598;Internet Banking;Sukses
TRX123631;2026-03-31;1000004768;Joko Susilo;Internet;Biznet;2639376645;55537;2500;58037;EDC;Sukses
TRX123698;2026-03-23;1000002117;Gina Marlina;BPJS;BPJS Kesehatan;7834439756;122294;3000;125294;Internet Banking;Sukses
TRX123699;2026-02-09;1000004996;Citra Dewi;TV Kabel;First Media;8058823254;91369;2000;93369;Teller;Sukses
TRX123726;2026-01-18;1000000850;Dedi Pratama;Internet;Biznet;8160409727;72950;2000;74950;ATM;Sukses
TRX123789;2026-03-20;1000000006;Intan Sari;Internet;IndiHome;2107609889;395137;2500;397637;Internet Banking;Sukses
TRX123840;2026-03-10;1000002983;Hadi Wijaya;Internet;Biznet;9588360273;290061;2000;292061;Internet Banking;Sukses
TRX123864;2026-03-11;1000001264;Andi Saputra;Listrik;PLN;2416217199;341748;2500;344248;EDC;Sukses
TRX123878;2026-02-14;1000002127;Dedi Pratama;Air;PDAM;8751454187;187475;2000;189475;Mobile Banking;Sukses
TRX123890;2026-01-17;1000001047;Budi Santoso;Internet;IndiHome;6625312223;300980;3000;303980;Teller;Sukses
TRX124003;2026-03-29;1000003830;Joko Susilo;TV Kabel;First Media;7892235123;350940;2500;353440;ATM;Sukses
TRX124031;2026-02-13;1000002978;Citra Dewi;Internet;IndiHome;3808151668;183769;3000;186769;EDC;Sukses
TRX124054;2026-01-08;1000003542;Andi Saputra;BPJS;BPJS Kesehatan;8290438679;84512;3000;87512;Teller;Sukses
TRX124069;2026-03-25;1000004827;Gina Marlina;BPJS;BPJS Kesehatan;8365344358;413963;3000;416963;Internet Banking;Sukses
TRX124072;2026-01-16;1000002538;Dedi Pratama;Internet;IndiHome;5041376634;403421;2000;405421;ATM;Sukses
TRX124220;2026-02-03;1000002521;Budi Santoso;TV Kabel;Transvision;9665692021;156750;3000;159750;Mobile Banking;Sukses
TRX124334;2026-03-11;1000002117;Gina Marlina;Internet;Biznet;4061189903;326800;3000;329800;Teller;Sukses
TRX124441;2026-01-21;1000003399;Intan Sari;BPJS;BPJS Kesehatan;6175764894;266405;2000;268405;ATM;Sukses
TRX124474;2026-03-18;1000001791;Eka Lestari;Air;PDAM;2463175183;219413;2000;221413;Teller;Sukses
TRX124484;2026-02-02;1000001022;Joko Susilo;Internet;IndiHome;6846464224;267715;2000;269715;Internet Banking;Sukses
TRX124525;2026-01-12;1000003626;Joko Susilo;TV Kabel;Transvision;1873631979;57169;2500;59669;Mobile Banking;Sukses
TRX124635;2026-01-09;1000003984;Gina Marlina;Listrik;PLN;2858197479;406147;2000;408147;ATM;Sukses
TRX124641;2026-02-26;1000003417;Hadi Wijaya;BPJS;BPJS Kesehatan;4329785739;199700;2500;202200;Mobile Banking;Sukses
TRX124646;2026-03-20;1000003472;Andi Saputra;TV Kabel;Transvision;1474906614;366938;2500;369438;Internet Banking;Sukses
TRX124737;2026-02-07;1000002635;Intan Sari;Internet;Biznet;7424052012;376376;2000;378376;Mobile Banking;Sukses
TRX124756;2026-04-01;1000004434;Fajar Hidayat;TV Kabel;First Media;1272556771;418753;2000;420753;EDC;Sukses
TRX124786;2026-03-27;1000001918;Citra Dewi;Listrik;PLN;3269027554;125043;2500;127543;ATM;Sukses
TRX124822;2026-03-11;1000000778;Eka Lestari;Listrik;PLN;8257019895;110674;2000;112674;ATM;Sukses
TRX124837;2026-03-01;1000002017;Joko Susilo;TV Kabel;Transvision;3663071030;339577;3000;342577;Mobile Banking;Sukses
TRX124894;2026-03-13;1000004659;Andi Saputra;TV Kabel;Transvision;6899032234;186980;3000;189980;ATM;Sukses
TRX124897;2026-01-13;1000000976;Citra Dewi;Air;PDAM;5836258665;359402;3000;362402;EDC;Sukses
TRX124952;2026-01-15;1000000517;Andi Saputra;Internet;Biznet;1022593948;213287;2000;215287;Mobile Banking;Sukses
TRX124990;2026-02-27;1000001628;Gina Marlina;Internet;Biznet;4685566097;160237;2000;162237;Internet Banking;Sukses
TRX125036;2026-03-11;1000004993;Hadi Wijaya;TV Kabel;Transvision;7017693660;83608;3000;86608;Mobile Banking;Sukses
TRX125084;2026-03-31;1000003523;Budi Santoso;Internet;Biznet;9523649331;138743;2500;141243;Teller;Sukses
TRX125097;2026-01-05;1000002872;Intan Sari;BPJS;BPJS Kesehatan;1483983884;454598;2500;457098;Mobile Banking;Sukses
TRX125167;2026-02-23;1000001563;Budi Santoso;Listrik;PLN;4048151047;378758;2000;380758;Internet Banking;Sukses
TRX125261;2026-03-05;1000004441;Eka Lestari;Internet;Biznet;1574043634;172847;3000;175847;ATM;Sukses
TRX125272;2026-01-01;1000002702;Hadi Wijaya;Air;PDAM;7072853792;53545;2000;55545;Internet Banking;Sukses
TRX125290;2026-02-27;1000000560;Citra Dewi;TV Kabel;First Media;8686506795;395602;2000;397602;Mobile Banking;Sukses
TRX125316;2026-02-22;1000000341;Hadi Wijaya;Internet;Biznet;6175818419;92839;2000;94839;Mobile Banking;Sukses
TRX125330;2026-03-23;1000002197;Fajar Hidayat;Air;PDAM;4122311917;385233;2500;387733;EDC;Sukses
TRX125448;2026-01-24;1000002837;Dedi Pratama;TV Kabel;Transvision;7152986185;473435;2500;475935;ATM;Sukses
TRX125475;2026-02-15;1000003542;Andi Saputra;TV Kabel;Transvision;1672336833;278951;2000;280951;Teller;Sukses
TRX125496;2026-02-27;1000003680;Hadi Wijaya;Internet;IndiHome;6731377832;380519;2500;383019;Mobile Banking;Sukses
TRX125501;2026-01-09;1000002650;Joko Susilo;TV Kabel;Transvision;8208697483;342859;2000;344859;ATM;Sukses
TRX125575;2026-01-17;1000004072;Fajar Hidayat;TV Kabel;First Media;1936318787;248169;2000;250169;Teller;Sukses
TRX125631;2026-03-11;1000003000;Budi Santoso;Internet;Biznet;1355391415;319538;3000;322538;Internet Banking;Sukses
TRX125640;2026-02-28;1000002147;Hadi Wijaya;BPJS;BPJS Kesehatan;7540456196;445415;3000;448415;Internet Banking;Sukses
TRX125707;2026-03-12;1000001195;Joko Susilo;TV Kabel;First Media;1023943005;313243;2000;315243;Mobile Banking;Sukses
TRX125732;2026-03-19;1000004851;Gina Marlina;Air;PDAM;5750858949;401270;2000;403270;Teller;Sukses
TRX125740;2026-01-08;1000002292;Intan Sari;Internet;Biznet;2726322339;233897;2500;236397;EDC;Sukses
TRX125750;2026-01-23;1000002336;Intan Sari;BPJS;BPJS Kesehatan;6756882881;236311;3000;239311;ATM;Sukses
TRX125778;2026-01-29;1000004792;Eka Lestari;Air;PDAM;1271935315;291596;2000;293596;ATM;Sukses
TRX125855;2026-02-20;1000000517;Andi Saputra;TV Kabel;First Media;4068330582;121862;2500;124362;Teller;Sukses
TRX125882;2026-03-30;1000000764;Eka Lestari;Air;PDAM;8097174063;318385;2500;320885;Internet Banking;Sukses
TRX125920;2026-03-30;1000002960;Fajar Hidayat;Listrik;PLN;5373433359;483481;2500;485981;EDC;Sukses
TRX125928;2026-02-09;1000003790;Andi Saputra;Internet;IndiHome;9422539772;297221;2500;299721;Internet Banking;Sukses
TRX126007;2026-03-11;1000002687;Dedi Pratama;BPJS;BPJS Kesehatan;2103370270;92253;2000;94253;Internet Banking;Sukses
TRX126029;2026-01-27;1000001499;Andi Saputra;Internet;Biznet;5812793428;491463;3000;494463;Mobile Banking;Sukses
TRX126153;2026-03-16;1000001561;Dedi Pratama;Listrik;PLN;9459245866;327901;2000;329901;EDC;Sukses
TRX126187;2026-01-22;1000001188;Fajar Hidayat;Internet;Biznet;3322986701;205290;3000;208290;Teller;Sukses
TRX126256;2026-01-16;1000002749;Gina Marlina;Listrik;PLN;4457326340;162335;2000;164335;Internet Banking;Sukses
TRX126313;2026-01-26;1000000994;Joko Susilo;Internet;Biznet;3709915334;308021;2000;310021;Internet Banking;Sukses
TRX126318;2026-03-05;1000004666;Dedi Pratama;Listrik;PLN;8692833457;192041;2000;194041;Mobile Banking;Sukses
TRX126397;2026-01-14;1000004504;Joko Susilo;BPJS;BPJS Kesehatan;8548118848;258151;3000;261151;EDC;Sukses
TRX126484;2026-02-18;1000000424;Intan Sari;TV Kabel;First Media;8597719554;142748;2000;144748;EDC;Sukses
TRX126572;2026-01-27;1000004816;Fajar Hidayat;TV Kabel;First Media;9706055279;459641;2000;461641;ATM;Sukses
TRX126595;2026-01-06;1000003682;Intan Sari;TV Kabel;Transvision;7394917397;141972;2000;143972;Internet Banking;Sukses
TRX126671;2026-02-25;1000000779;Joko Susilo;Internet;IndiHome;4216379493;131246;2500;133746;Teller;Sukses
TRX126733;2026-02-01;1000002948;Citra Dewi;Air;PDAM;9006842918;178251;2500;180751;ATM;Sukses
TRX126737;2026-03-11;1000003941;Intan Sari;Listrik;PLN;7690852134;498704;2500;501204;Mobile Banking;Sukses
TRX126825;2026-03-17;1000004825;Hadi Wijaya;Listrik;PLN;4240749091;409358;2000;411358;Internet Banking;Sukses
TRX126839;2026-04-01;1000001936;Hadi Wijaya;TV Kabel;Transvision;8324090788;97939;2000;99939;ATM;Sukses
TRX126887;2026-01-08;1000003337;Budi Santoso;Air;PDAM;9702550588;468803;3000;471803;Mobile Banking;Sukses
TRX126932;2026-02-17;1000000375;Eka Lestari;TV Kabel;Transvision;2227613894;317637;2000;319637;ATM;Sukses
TRX126994;2026-02-24;1000002521;Budi Santoso;TV Kabel;First Media;4896096253;454104;2500;456604;EDC;Sukses
TRX127071;2026-02-18;1000004752;Joko Susilo;Air;PDAM;2153942413;316732;2500;319232;EDC;Sukses
TRX127157;2026-03-27;1000000172;Budi Santoso;TV Kabel;First Media;2122094720;453600;2500;456100;Internet Banking;Sukses
TRX127162;2026-01-25;1000002364;Hadi Wijaya;BPJS;BPJS Kesehatan;6246777131;458991;2000;460991;EDC;Sukses
TRX127184;2026-01-07;1000000826;Intan Sari;TV Kabel;First Media;3300078576;121135;2500;123635;Mobile Banking;Sukses
TRX127190;2026-02-09;1000002338;Joko Susilo;BPJS;BPJS Kesehatan;1760271987;379928;2500;382428;Teller;Sukses
TRX127202;2026-03-15;1000000628;Budi Santoso;TV Kabel;Transvision;8128751189;82869;2500;85369;Teller;Sukses
TRX127206;2026-02-15;1000004963;Andi Saputra;TV Kabel;First Media;3250524163;89281;2500;91781;Internet Banking;Sukses
TRX127257;2026-03-29;1000002753;Eka Lestari;TV Kabel;Transvision;5617350316;293637;2500;296137;ATM;Sukses
TRX127289;2026-03-18;1000003264;Budi Santoso;Internet;Biznet;2369803008;313028;3000;316028;Teller;Sukses
TRX127361;2026-03-13;1000004118;Dedi Pratama;Listrik;PLN;8969609838;220869;2500;223369;ATM;Sukses
TRX127382;2026-03-05;1000001421;Hadi Wijaya;Air;PDAM;9310240454;355538;2500;358038;Internet Banking;Sukses
TRX127448;2026-02-03;1000003982;Intan Sari;TV Kabel;Transvision;6841116744;161737;2000;163737;Mobile Banking;Sukses
TRX127454;2026-01-17;1000004510;Hadi Wijaya;Listrik;PLN;5913149367;81957;2500;84457;Mobile Banking;Sukses
TRX127524;2026-01-09;1000001921;Fajar Hidayat;Internet;IndiHome;6210838541;293168;2000;295168;Internet Banking;Sukses
TRX127602;2026-01-07;1000001776;Eka Lestari;BPJS;BPJS Kesehatan;4433922834;318842;3000;321842;EDC;Sukses
TRX127615;2026-01-15;1000003066;Eka Lestari;BPJS;BPJS Kesehatan;6724548665;179147;2500;181647;Teller;Sukses
TRX127694;2026-03-11;1000001576;Eka Lestari;TV Kabel;Transvision;8997379449;190798;3000;193798;ATM;Sukses
TRX127695;2026-01-09;1000001555;Intan Sari;TV Kabel;First Media;1196932030;412429;3000;415429;Internet Banking;Sukses
TRX127731;2026-01-15;1000004980;Joko Susilo;TV Kabel;Transvision;4114806387;216159;2500;218659;Teller;Sukses
TRX127747;2026-01-13;1000000565;Gina Marlina;Internet;IndiHome;4073850101;367530;2000;369530;Teller;Sukses
TRX127756;2026-01-22;1000000454;Eka Lestari;BPJS;BPJS Kesehatan;3415017476;61929;2000;63929;Internet Banking;Sukses
TRX127858;2026-03-18;1000001502;Gina Marlina;Listrik;PLN;7835432167;91517;2500;94017;Teller;Sukses
TRX127867;2026-04-01;1000002612;Intan Sari;Internet;IndiHome;7203834410;125061;3000;128061;ATM;Sukses
TRX127870;2026-01-02;1000003297;Intan Sari;BPJS;BPJS Kesehatan;8033893482;459158;3000;462158;ATM;Sukses
TRX127892;2026-01-17;1000001209;Citra Dewi;Air;PDAM;5767639656;122592;2500;125092;EDC;Sukses
TRX127990;2026-01-12;1000002285;Intan Sari;Air;PDAM;3780591233;92613;2500;95113;ATM;Sukses
TRX127991;2026-03-23;1000004416;Budi Santoso;Listrik;PLN;6730080144;350555;2500;353055;Internet Banking;Sukses
TRX128001;2026-03-02;1000002417;Eka Lestari;Internet;Biznet;8186642973;290974;2500;293474;EDC;Sukses
TRX128068;2026-03-20;1000001764;Fajar Hidayat;TV Kabel;First Media;7929555592;115715;2000;117715;ATM;Sukses
TRX128087;2026-03-13;1000003990;Gina Marlina;Internet;Biznet;8923239274;98549;3000;101549;Mobile Banking;Sukses
TRX128171;2026-03-26;1000000000;Dedi Pratama;Air;PDAM;8683309327;86192;2000;88192;Teller;Sukses
TRX128174;2026-02-04;1000003186;Citra Dewi;TV Kabel;First Media;5603056030;301489;3000;304489;Mobile Banking;Sukses
TRX128219;2026-01-17;1000001115;Citra Dewi;Listrik;PLN;5212462054;263980;2000;265980;Internet Banking;Sukses
TRX128284;2026-02-15;1000004875;Joko Susilo;Internet;IndiHome;6869933828;354790;2000;356790;ATM;Sukses
TRX128354;2026-03-17;1000001215;Budi Santoso;BPJS;BPJS Kesehatan;1210728330;411153;2000;413153;Mobile Banking;Sukses
TRX128459;2026-03-23;1000002328;Hadi Wijaya;Listrik;PLN;4111439838;285637;2500;288137;Internet Banking;Sukses
TRX128538;2026-01-05;1000000652;Citra Dewi;Internet;Biznet;2784549803;123758;2000;125758;Internet Banking;Sukses
TRX128561;2026-01-30;1000000359;Budi Santoso;BPJS;BPJS Kesehatan;9472758967;442276;2000;444276;Mobile Banking;Sukses
TRX128568;2026-02-04;1000004969;Hadi Wijaya;Internet;IndiHome;6097367455;415586;2500;418086;EDC;Sukses
TRX128581;2026-01-05;1000002974;Hadi Wijaya;TV Kabel;First Media;1552956849;296243;2500;298743;Mobile Banking;Sukses
TRX128590;2026-03-10;1000004515;Budi Santoso;Internet;IndiHome;2868995360;59774;2500;62274;EDC;Sukses
TRX128654;2026-01-16;1000004012;Fajar Hidayat;Internet;IndiHome;6828268852;428063;2500;430563;Teller;Sukses
TRX128658;2026-01-07;1000000415;Dedi Pratama;Air;PDAM;4076274503;162147;2000;164147;EDC;Sukses
TRX128741;2026-02-14;1000000624;Intan Sari;Internet;IndiHome;6214875525;338791;2500;341291;Internet Banking;Sukses
TRX128745;2026-01-07;1000001419;Intan Sari;TV Kabel;Transvision;1546633551;158143;2500;160643;ATM;Sukses
TRX128750;2026-01-14;1000002298;Hadi Wijaya;Internet;Biznet;9575813442;141341;2000;143341;Teller;Sukses
TRX128775;2026-01-19;1000003015;Andi Saputra;Internet;Biznet;6898687773;399124;3000;402124;Internet Banking;Sukses
TRX128806;2026-02-20;1000000099;Intan Sari;Internet;Biznet;2326683527;224892;2500;227392;EDC;Sukses
TRX128979;2026-02-15;1000002544;Budi Santoso;TV Kabel;First Media;5180543556;239640;2000;241640;ATM;Sukses
TRX129005;2026-03-26;1000003962;Intan Sari;Air;PDAM;3999975881;134961;3000;137961;ATM;Sukses
TRX129029;2026-01-23;1000003169;Fajar Hidayat;Air;PDAM;2815978166;301413;2500;303913;EDC;Sukses
TRX129036;2026-02-27;1000001498;Fajar Hidayat;TV Kabel;First Media;7800806126;344152;2000;346152;ATM;Sukses
TRX129041;2026-02-16;1000001621;Budi Santoso;TV Kabel;Transvision;3768303444;451922;2000;453922;EDC;Sukses
TRX129166;2026-04-01;1000003066;Eka Lestari;BPJS;BPJS Kesehatan;9432660662;334037;2000;336037;Internet Banking;Sukses
TRX129169;2026-01-22;1000001298;Gina Marlina;Internet;Biznet;3618563510;341522;3000;344522;EDC;Sukses
TRX129191;2026-01-21;1000001752;Fajar Hidayat;Internet;Biznet;2110119783;54592;2500;57092;Teller;Sukses
TRX129215;2026-01-26;1000002023;Andi Saputra;TV Kabel;Transvision;5912298104;106812;3000;109812;ATM;Sukses
TRX129242;2026-03-05;1000001395;Dedi Pratama;BPJS;BPJS Kesehatan;3872734635;280738;2500;283238;Internet Banking;Sukses
TRX129362;2026-03-29;1000003947;Gina Marlina;Air;PDAM;7754035242;463642;2000;465642;Mobile Banking;Sukses
TRX129446;2026-02-07;1000001730;Eka Lestari;Internet;IndiHome;7059408393;127579;3000;130579;Teller;Sukses
TRX129450;2026-01-02;1000004595;Joko Susilo;Internet;Biznet;6515125585;418183;2500;420683;Mobile Banking;Sukses
TRX129461;2026-03-08;1000003762;Fajar Hidayat;TV Kabel;First Media;1453383712;466007;3000;469007;Mobile Banking;Sukses
TRX129465;2026-02-23;1000002858;Hadi Wijaya;TV Kabel;First Media;9805527952;129900;3000;132900;Internet Banking;Sukses
TRX129468;2026-03-08;1000003261;Intan Sari;Listrik;PLN;4330025803;103126;2500;105626;Mobile Banking;Sukses
TRX129493;2026-01-15;1000001141;Andi Saputra;BPJS;BPJS Kesehatan;3460245477;197171;2000;199171;Mobile Banking;Sukses
TRX129511;2026-03-11;1000001866;Andi Saputra;Internet;IndiHome;3382184112;171044;2000;173044;Teller;Sukses
TRX129584;2026-03-15;1000004685;Joko Susilo;Internet;Biznet;5808347818;165182;3000;168182;EDC;Sukses
TRX129626;2026-01-02;1000001124;Andi Saputra;Air;PDAM;1657665106;92571;2500;95071;Teller;Sukses
TRX129645;2026-01-06;1000002165;Dedi Pratama;TV Kabel;First Media;9325018915;122977;2500;125477;EDC;Sukses
TRX129669;2026-01-03;1000000682;Andi Saputra;BPJS;BPJS Kesehatan;3389204407;104167;3000;107167;EDC;Sukses
TRX129676;2026-01-28;1000004613;Eka Lestari;Internet;IndiHome;6941816600;381504;2500;384004;Teller;Sukses
TRX129736;2026-01-18;1000002685;Joko Susilo;Listrik;PLN;8505613388;127154;2000;129154;Mobile Banking;Sukses
TRX129806;2026-01-27;1000002005;Eka Lestari;Internet;IndiHome;3250372324;165892;2500;168392;ATM;Sukses
TRX129817;2026-02-19;1000004066;Joko Susilo;TV Kabel;First Media;7402840554;262236;2500;264736;Mobile Banking;Sukses
TRX129821;2026-02-28;1000001300;Hadi Wijaya;TV Kabel;Transvision;3141253235;444055;3000;447055;EDC;Sukses
TRX129836;2026-01-07;1000002100;Intan Sari;Internet;Biznet;3179180718;446139;2500;448639;Internet Banking;Sukses
TRX129855;2026-01-24;1000004680;Fajar Hidayat;Internet;IndiHome;1270112384;163227;2000;165227;Internet Banking;Sukses
TRX129865;2026-02-13;1000002462;Andi Saputra;Internet;IndiHome;2036424900;451373;3000;454373;Internet Banking;Sukses
TRX129879;2026-01-31;1000000496;Joko Susilo;Internet;IndiHome;5237812363;325773;2500;328273;EDC;Sukses
TRX129928;2026-02-24;1000000436;Andi Saputra;Internet;Biznet;2873285782;317415;2000;319415;Mobile Banking;Sukses
TRX129944;2026-01-09;1000001950;Gina Marlina;Internet;IndiHome;6176677240;74999;3000;77999;Mobile Banking;Sukses
TRX130059;2026-01-15;1000003311;Budi Santoso;Air;PDAM;4513354385;232713;3000;235713;Mobile Banking;Sukses
TRX130066;2026-01-03;1000000776;Fajar Hidayat;BPJS;BPJS Kesehatan;9919764025;206042;2000;208042;Teller;Sukses
TRX130129;2026-02-16;1000001717;Citra Dewi;TV Kabel;Transvision;1035189474;88542;2500;91042;Teller;Sukses
TRX130177;2026-03-07;1000002603;Dedi Pratama;BPJS;BPJS Kesehatan;4852056652;289911;2000;291911;EDC;Sukses
TRX130225;2026-03-03;1000004646;Hadi Wijaya;Internet;IndiHome;3762473480;318854;2500;321354;ATM;Sukses
TRX130245;2026-03-23;1000004831;Eka Lestari;Internet;Biznet;8095123147;260698;3000;263698;Teller;Sukses
TRX130290;2026-01-31;1000001360;Hadi Wijaya;Internet;IndiHome;5831894911;267357;3000;270357;ATM;Sukses
TRX130340;2026-01-29;1000001890;Andi Saputra;TV Kabel;Transvision;2063101074;406078;2500;408578;EDC;Sukses
TRX130344;2026-03-14;1000003458;Intan Sari;TV Kabel;First Media;6712179175;246245;3000;249245;ATM;Sukses
TRX130439;2026-01-29;1000003558;Budi Santoso;Internet;Biznet;9469801692;266423;3000;269423;ATM;Sukses
TRX130642;2026-02-16;1000004644;Hadi Wijaya;Internet;IndiHome;3424258327;180145;2500;182645;Internet Banking;Sukses
TRX130666;2026-01-14;1000004597;Hadi Wijaya;TV Kabel;Transvision;7112485617;281560;2000;283560;EDC;Sukses
TRX130691;2026-01-06;1000002589;Fajar Hidayat;BPJS;BPJS Kesehatan;1084903791;318610;2500;321110;Internet Banking;Sukses
TRX130877;2026-02-17;1000003593;Gina Marlina;BPJS;BPJS Kesehatan;3484647471;378882;2500;381382;EDC;Sukses
TRX130883;2026-01-09;1000000714;Eka Lestari;Internet;Biznet;8284610673;296275;3000;299275;ATM;Sukses
TRX130937;2026-01-21;1000001428;Andi Saputra;TV Kabel;First Media;7654545379;418344;3000;421344;Mobile Banking;Sukses
TRX130952;2026-02-14;1000004679;Gina Marlina;TV Kabel;First Media;5312058246;413974;2000;415974;Teller;Sukses
TRX130974;2026-01-18;1000001853;Eka Lestari;Internet;IndiHome;2645650556;105172;3000;108172;Mobile Banking;Sukses
TRX130992;2026-01-14;1000001230;Dedi Pratama;Internet;IndiHome;7881303601;286245;2000;288245;Teller;Sukses
TRX131015;2026-03-08;1000002168;Budi Santoso;Internet;Biznet;6330456237;276081;2000;278081;Internet Banking;Sukses
TRX131020;2026-03-24;1000002306;Hadi Wijaya;Listrik;PLN;5499772321;194676;2500;197176;Mobile Banking;Sukses
TRX131057;2026-01-22;1000001776;Eka Lestari;BPJS;BPJS Kesehatan;1826996354;261006;2000;263006;Internet Banking;Sukses
TRX131059;2026-03-03;1000001175;Fajar Hidayat;TV Kabel;First Media;9030324673;249866;3000;252866;Teller;Sukses
TRX131072;2026-01-16;1000000253;Intan Sari;TV Kabel;First Media;4835921341;127934;2500;130434;Teller;Sukses
TRX131145;2026-01-15;1000004228;Andi Saputra;Air;PDAM;2278170012;148753;3000;151753;ATM;Sukses
TRX131207;2026-03-12;1000004151;Intan Sari;Air;PDAM;3802955446;405237;2500;407737;Mobile Banking;Sukses
TRX131210;2026-03-10;1000003026;Eka Lestari;Air;PDAM;9945375380;476226;3000;479226;Internet Banking;Sukses
TRX131213;2026-03-02;1000004643;Fajar Hidayat;TV Kabel;First Media;5879831792;227019;3000;230019;Mobile Banking;Sukses
TRX131250;2026-03-11;1000003397;Dedi Pratama;TV Kabel;First Media;7792931033;153826;2000;155826;Teller;Sukses
TRX131252;2026-01-17;1000000485;Gina Marlina;Internet;Biznet;3287351835;74551;3000;77551;Internet Banking;Sukses
TRX131298;2026-02-24;1000002643;Andi Saputra;Internet;IndiHome;8738813305;379421;2500;381921;EDC;Sukses
TRX131318;2026-02-07;1000000736;Dedi Pratama;Listrik;PLN;7179066115;384555;2500;387055;Internet Banking;Sukses
TRX131341;2026-03-24;1000004324;Dedi Pratama;Air;PDAM;3614200972;215597;2000;217597;Teller;Sukses
TRX131482;2026-01-23;1000004728;Hadi Wijaya;Air;PDAM;6759952932;109638;2500;112138;Teller;Sukses
TRX131502;2026-03-23;1000000827;Intan Sari;TV Kabel;First Media;1008245397;267823;2000;269823;EDC;Sukses
TRX131512;2026-02-03;1000001315;Andi Saputra;Internet;IndiHome;2319517123;352355;3000;355355;EDC;Sukses
TRX131585;2026-02-19;1000000979;Fajar Hidayat;Internet;Biznet;6670171925;401042;3000;404042;Internet Banking;Sukses
TRX131592;2026-01-15;1000003000;Budi Santoso;Air;PDAM;1894175488;118650;3000;121650;ATM;Sukses
TRX131687;2026-02-17;1000000307;Dedi Pratama;Internet;Biznet;3867536752;295115;3000;298115;Internet Banking;Sukses
TRX131747;2026-03-20;1000001735;Andi Saputra;BPJS;BPJS Kesehatan;6469232691;267020;2000;269020;ATM;Sukses
TRX131832;2026-04-01;1000003778;Budi Santoso;Internet;IndiHome;9585169508;74461;2000;76461;Internet Banking;Sukses
TRX131932;2026-01-23;1000003627;Citra Dewi;BPJS;BPJS Kesehatan;1595233163;243935;2000;245935;ATM;Sukses
TRX131943;2026-01-08;1000002555;Dedi Pratama;BPJS;BPJS Kesehatan;1148533389;434436;2500;436936;Internet Banking;Sukses
TRX131998;2026-01-10;1000001478;Fajar Hidayat;Air;PDAM;6651518232;401744;3000;404744;Mobile Banking;Sukses
TRX132074;2026-03-06;1000000427;Hadi Wijaya;Internet;Biznet;6683270240;409881;3000;412881;EDC;Sukses
TRX132110;2026-01-22;1000001263;Intan Sari;Internet;IndiHome;1571768800;454216;2500;456716;ATM;Sukses
TRX132119;2026-01-13;1000004688;Joko Susilo;Internet;Biznet;7964484386;405912;2500;408412;EDC;Sukses
TRX132177;2026-02-15;1000002657;Dedi Pratama;Internet;Biznet;9813890126;226192;3000;229192;Mobile Banking;Sukses
TRX132197;2026-03-24;1000001977;Gina Marlina;TV Kabel;Transvision;3344743613;207867;3000;210867;Internet Banking;Sukses
TRX132287;2026-01-21;1000000248;Hadi Wijaya;Air;PDAM;7406809257;252388;3000;255388;ATM;Sukses
TRX132325;2026-03-21;1000004461;Intan Sari;TV Kabel;Transvision;5389611711;57579;2500;60079;ATM;Sukses
TRX132376;2026-03-27;1000003938;Eka Lestari;Internet;IndiHome;3168893701;165113;3000;168113;ATM;Sukses
TRX132468;2026-02-03;1000001797;Budi Santoso;TV Kabel;First Media;2028811812;421303;2500;423803;Mobile Banking;Sukses
TRX132515;2026-02-17;1000001956;Fajar Hidayat;Listrik;PLN;8816354081;274692;2500;277192;EDC;Sukses
TRX132586;2026-03-04;1000002025;Andi Saputra;TV Kabel;First Media;5150195294;384014;2000;386014;Internet Banking;Sukses
TRX132589;2026-02-19;1000000909;Dedi Pratama;TV Kabel;Transvision;6927291407;493114;3000;496114;ATM;Sukses
TRX132773;2026-03-04;1000000313;Eka Lestari;BPJS;BPJS Kesehatan;6696906341;174945;2500;177445;Internet Banking;Sukses
TRX132791;2026-02-27;1000003850;Gina Marlina;TV Kabel;Transvision;6492264705;103182;2000;105182;EDC;Sukses
TRX133039;2026-03-25;1000001433;Eka Lestari;Internet;Biznet;7708337500;381745;3000;384745;EDC;Sukses
TRX133043;2026-02-24;1000000549;Gina Marlina;Internet;Biznet;2885012139;495818;2500;498318;Teller;Sukses
TRX133047;2026-02-07;1000004611;Citra Dewi;Air;PDAM;7081884609;104653;3000;107653;Teller;Sukses
TRX133177;2026-03-01;1000004793;Hadi Wijaya;TV Kabel;Transvision;9857993580;473808;2000;475808;Mobile Banking;Sukses
TRX133210;2026-02-15;1000003070;Budi Santoso;TV Kabel;Transvision;3514376135;157159;3000;160159;Mobile Banking;Sukses
TRX133214;2026-03-18;1000000182;Joko Susilo;Listrik;PLN;2268372777;152895;3000;155895;Internet Banking;Sukses
TRX133218;2026-01-18;1000002253;Dedi Pratama;BPJS;BPJS Kesehatan;7092025121;459010;3000;462010;ATM;Sukses
TRX133344;2026-03-02;1000000127;Intan Sari;Internet;Biznet;3222230826;487907;3000;490907;Internet Banking;Sukses
TRX133377;2026-01-07;1000000376;Gina Marlina;BPJS;BPJS Kesehatan;1777229129;464632;2500;467132;Teller;Sukses
TRX133385;2026-01-15;1000003583;Budi Santoso;BPJS;BPJS Kesehatan;7370401626;56612;2500;59112;ATM;Sukses
TRX133434;2026-01-28;1000000268;Dedi Pratama;TV Kabel;First Media;1460905628;383046;2000;385046;ATM;Sukses
TRX133435;2026-03-25;1000003446;Hadi Wijaya;BPJS;BPJS Kesehatan;2967323074;462732;3000;465732;Teller;Sukses
TRX133451;2026-02-02;1000003145;Citra Dewi;Internet;Biznet;5845279477;384514;2000;386514;Internet Banking;Sukses
TRX133470;2026-02-12;1000002405;Hadi Wijaya;TV Kabel;Transvision;1643024259;430720;2500;433220;Internet Banking;Sukses
TRX133478;2026-01-30;1000002502;Joko Susilo;TV Kabel;Transvision;9763822706;328540;3000;331540;EDC;Sukses
TRX133517;2026-02-23;1000004502;Joko Susilo;BPJS;BPJS Kesehatan;6037995777;78811;2500;81311;EDC;Sukses
TRX133521;2026-01-05;1000000556;Andi Saputra;Internet;IndiHome;7337121631;163861;2000;165861;EDC;Sukses
TRX133591;2026-02-19;1000003385;Gina Marlina;TV Kabel;First Media;6726341009;474063;3000;477063;EDC;Sukses
TRX133639;2026-02-21;1000004727;Andi Saputra;Air;PDAM;7089655319;90052;3000;93052;ATM;Sukses
TRX133698;2026-03-11;1000004201;Dedi Pratama;Internet;IndiHome;8673652963;175250;2000;177250;ATM;Sukses
TRX133709;2026-01-25;1000001185;Eka Lestari;BPJS;BPJS Kesehatan;3247433120;75997;2500;78497;Internet Banking;Sukses
TRX133718;2026-02-13;1000001208;Andi Saputra;TV Kabel;Transvision;3524877295;159388;3000;162388;Mobile Banking;Sukses
TRX133720;2026-01-29;1000001317;Eka Lestari;BPJS;BPJS Kesehatan;6033524800;184242;3000;187242;ATM;Sukses
TRX133723;2026-03-29;1000000613;Joko Susilo;Internet;Biznet;6724316219;50160;3000;53160;EDC;Sukses
TRX133725;2026-01-25;1000001257;Dedi Pratama;Listrik;PLN;1502992719;134230;2500;136730;ATM;Sukses
TRX133772;2026-03-14;1000001573;Intan Sari;TV Kabel;First Media;8092509813;340670;2000;342670;ATM;Sukses
TRX133786;2026-01-02;1000000202;Intan Sari;Listrik;PLN;5168002468;186761;2500;189261;Teller;Sukses
TRX133798;2026-01-19;1000001639;Andi Saputra;Internet;IndiHome;8449146684;328844;2500;331344;EDC;Sukses
TRX133831;2026-01-23;1000002704;Joko Susilo;Internet;Biznet;4002952859;364494;3000;367494;Mobile Banking;Sukses
TRX133868;2026-01-14;1000004487;Joko Susilo;Air;PDAM;8370540951;177884;3000;180884;Teller;Sukses
TRX133892;2026-03-21;1000001293;Gina Marlina;TV Kabel;Transvision;5572616637;52527;2000;54527;Mobile Banking;Sukses
TRX134031;2026-02-16;1000002192;Dedi Pratama;BPJS;BPJS Kesehatan;6525191234;106904;2500;109404;EDC;Sukses
TRX134068;2026-03-08;1000003582;Joko Susilo;Internet;IndiHome;4766728029;249374;2500;251874;EDC;Sukses
TRX134080;2026-01-08;1000000992;Intan Sari;Air;PDAM;6137096320;201229;3000;204229;ATM;Sukses
TRX134148;2026-01-08;1000002143;Citra Dewi;Internet;Biznet;4411924296;475912;3000;478912;Teller;Sukses
TRX134209;2026-02-08;1000001247;Eka Lestari;TV Kabel;First Media;5668385812;168998;2500;171498;Mobile Banking;Sukses
TRX134248;2026-01-15;1000002547;Andi Saputra;Internet;IndiHome;6535734780;148259;2500;150759;Internet Banking;Sukses
TRX134254;2026-01-25;1000004842;Intan Sari;BPJS;BPJS Kesehatan;7699219908;61378;3000;64378;Teller;Sukses
TRX134362;2026-02-07;1000001628;Gina Marlina;Internet;Biznet;4226079960;88825;2000;90825;ATM;Sukses
TRX134424;2026-01-17;1000000386;Dedi Pratama;Internet;IndiHome;3198531110;261574;3000;264574;Mobile Banking;Sukses
TRX134507;2026-03-06;1000001745;Andi Saputra;TV Kabel;First Media;6122897283;305913;3000;308913;EDC;Sukses
TRX134553;2026-02-17;1000002784;Hadi Wijaya;Air;PDAM;8093840852;246855;3000;249855;Teller;Sukses
TRX134613;2026-02-12;1000000149;Eka Lestari;Internet;IndiHome;2375811582;467281;2500;469781;ATM;Sukses
TRX134658;2026-02-01;1000002801;Andi Saputra;Air;PDAM;1212402554;138399;3000;141399;EDC;Sukses
TRX134678;2026-01-13;1000001160;Dedi Pratama;Air;PDAM;8927970051;486203;2000;488203;Internet Banking;Sukses
TRX134681;2026-01-24;1000002005;Eka Lestari;Internet;Biznet;8997550591;158200;3000;161200;EDC;Sukses
TRX134684;2026-02-06;1000004218;Budi Santoso;Internet;Biznet;2950933722;471999;2000;473999;ATM;Sukses
TRX134716;2026-01-24;1000004800;Intan Sari;Air;PDAM;8322711479;426757;2500;429257;Internet Banking;Sukses
TRX134723;2026-03-24;1000004486;Gina Marlina;TV Kabel;First Media;8576861225;63569;3000;66569;Internet Banking;Sukses
TRX134834;2026-01-20;1000000360;Fajar Hidayat;Internet;IndiHome;5731064669;78501;2500;81001;Teller;Sukses
TRX134854;2026-02-03;1000000257;Intan Sari;TV Kabel;Transvision;2620838835;284488;3000;287488;Teller;Sukses
TRX134859;2026-01-12;1000002292;Intan Sari;TV Kabel;Transvision;1211715864;178350;2000;180350;Mobile Banking;Sukses
TRX134864;2026-02-19;1000002382;Budi Santoso;Listrik;PLN;6549478721;85058;2000;87058;Internet Banking;Sukses
TRX134896;2026-03-06;1000000122;Hadi Wijaya;Internet;Biznet;6673798978;243118;2500;245618;ATM;Sukses
TRX134955;2026-02-11;1000000764;Eka Lestari;BPJS;BPJS Kesehatan;3602458385;142249;2500;144749;Internet Banking;Sukses
TRX134970;2026-02-06;1000000718;Hadi Wijaya;Internet;Biznet;4310386928;328335;3000;331335;EDC;Sukses
TRX135020;2026-01-31;1000003044;Gina Marlina;TV Kabel;First Media;9069685015;472358;2000;474358;EDC;Sukses
TRX135064;2026-01-18;1000000413;Fajar Hidayat;Air;PDAM;4223025781;202165;3000;205165;Mobile Banking;Sukses
TRX135084;2026-02-28;1000003083;Eka Lestari;Listrik;PLN;7972868188;319843;2500;322343;ATM;Sukses
TRX135105;2026-03-19;1000001784;Citra Dewi;Listrik;PLN;9984799506;70030;2500;72530;Mobile Banking;Sukses
TRX135116;2026-01-18;1000002595;Joko Susilo;TV Kabel;First Media;3541807733;325714;2500;328214;ATM;Sukses
TRX135123;2026-03-22;1000002701;Andi Saputra;Listrik;PLN;3860537025;204388;3000;207388;Teller;Sukses
TRX135195;2026-02-15;1000003447;Budi Santoso;Listrik;PLN;9572522843;223338;3000;226338;ATM;Sukses
TRX135197;2026-01-28;1000001252;Eka Lestari;Internet;Biznet;1823611146;301288;2000;303288;Internet Banking;Sukses
TRX135255;2026-03-30;1000000235;Hadi Wijaya;Listrik;PLN;7612840883;260733;2500;263233;Teller;Sukses
TRX135323;2026-01-13;1000000672;Intan Sari;BPJS;BPJS Kesehatan;8682013100;147929;3000;150929;Internet Banking;Sukses
TRX135324;2026-03-22;1000000702;Fajar Hidayat;Listrik;PLN;1775907368;281138;2500;283638;ATM;Sukses
TRX135349;2026-01-27;1000002666;Gina Marlina;TV Kabel;Transvision;5811567876;354775;2500;357275;Internet Banking;Sukses
TRX135458;2026-03-13;1000000187;Citra Dewi;Air;PDAM;3871492605;365437;2000;367437;EDC;Sukses
TRX135486;2026-01-08;1000000526;Citra Dewi;Listrik;PLN;3343540347;119656;3000;122656;Internet Banking;Sukses
TRX135527;2026-03-11;1000002547;Andi Saputra;BPJS;BPJS Kesehatan;3516955905;343584;2500;346084;ATM;Sukses
TRX135609;2026-03-14;1000003312;Eka Lestari;TV Kabel;First Media;2306746969;126534;2000;128534;Internet Banking;Sukses
TRX135632;2026-02-23;1000004193;Gina Marlina;TV Kabel;First Media;1310173823;348884;2500;351384;Mobile Banking;Sukses
TRX135667;2026-03-17;1000001619;Dedi Pratama;Listrik;PLN;4604303373;126089;2500;128589;EDC;Sukses
TRX135733;2026-02-14;1000000946;Hadi Wijaya;Listrik;PLN;1838851192;133395;2000;135395;Teller;Sukses
TRX135913;2026-03-28;1000001125;Dedi Pratama;TV Kabel;Transvision;3176124993;67358;3000;70358;ATM;Sukses
TRX135914;2026-02-21;1000001957;Dedi Pratama;BPJS;BPJS Kesehatan;1793273061;369122;2000;371122;Internet Banking;Sukses
TRX135952;2026-03-04;1000004061;Eka Lestari;TV Kabel;Transvision;1500095267;172725;2500;175225;Mobile Banking;Sukses
TRX136111;2026-03-16;1000004335;Hadi Wijaya;TV Kabel;Transvision;3271669096;349077;2500;351577;EDC;Sukses
TRX136136;2026-02-23;1000000070;Fajar Hidayat;Internet;Biznet;6459274782;487498;2500;489998;EDC;Sukses
TRX136187;2026-03-14;1000001781;Gina Marlina;TV Kabel;First Media;5418909071;335882;3000;338882;Teller;Sukses
TRX136227;2026-02-24;1000003158;Fajar Hidayat;Air;PDAM;8037833048;103851;2000;105851;Internet Banking;Sukses
TRX136304;2026-02-22;1000004199;Eka Lestari;Internet;Biznet;6250402197;311040;2500;313540;Teller;Sukses
TRX136376;2026-01-05;1000002810;Intan Sari;Internet;IndiHome;2430918159;321971;3000;324971;Teller;Sukses
TRX136405;2026-01-05;1000003985;Gina Marlina;BPJS;BPJS Kesehatan;5379389655;411034;2000;413034;Teller;Sukses
TRX136466;2026-03-25;1000003739;Hadi Wijaya;Listrik;PLN;4091489416;389563;2000;391563;EDC;Sukses
TRX136481;2026-02-05;1000001380;Fajar Hidayat;Internet;IndiHome;4525520254;180427;3000;183427;EDC;Sukses
TRX136518;2026-03-19;1000003902;Citra Dewi;Internet;IndiHome;1143801232;332575;2000;334575;ATM;Sukses
TRX136520;2026-03-03;1000003984;Gina Marlina;Air;PDAM;6737775372;98400;2500;100900;EDC;Sukses
TRX136521;2026-02-02;1000003772;Hadi Wijaya;Listrik;PLN;1261035584;473429;2000;475429;Internet Banking;Sukses
TRX136561;2026-02-08;1000000850;Dedi Pratama;Listrik;PLN;1989202880;289702;3000;292702;EDC;Sukses
TRX136581;2026-01-25;1000002383;Hadi Wijaya;BPJS;BPJS Kesehatan;9115841559;381217;3000;384217;Mobile Banking;Sukses
TRX136674;2026-02-06;1000002581;Dedi Pratama;TV Kabel;Transvision;6606227494;169615;3000;172615;EDC;Sukses
TRX136779;2026-02-11;1000004237;Dedi Pratama;BPJS;BPJS Kesehatan;4838186113;391129;3000;394129;Internet Banking;Sukses
TRX136800;2026-02-14;1000001764;Fajar Hidayat;BPJS;BPJS Kesehatan;8843584369;128175;2000;130175;Mobile Banking;Sukses
TRX136828;2026-01-20;1000003550;Gina Marlina;Internet;Biznet;2606636950;129234;3000;132234;Internet Banking;Sukses
TRX136855;2026-02-05;1000003872;Gina Marlina;Internet;IndiHome;6902849156;91620;2500;94120;Internet Banking;Sukses
TRX136873;2026-01-28;1000003930;Eka Lestari;Listrik;PLN;8691010694;275621;3000;278621;EDC;Sukses
TRX136876;2026-02-26;1000001195;Joko Susilo;Internet;IndiHome;8315455858;181147;2000;183147;Mobile Banking;Sukses
TRX136956;2026-03-22;1000001797;Budi Santoso;Internet;IndiHome;7940429825;296303;2500;298803;Mobile Banking;Sukses
TRX136982;2026-02-08;1000003304;Citra Dewi;Internet;Biznet;7032695790;432219;2000;434219;Mobile Banking;Sukses
TRX136993;2026-02-16;1000000534;Budi Santoso;TV Kabel;Transvision;5856842139;462252;2500;464752;Teller;Sukses
TRX137039;2026-04-01;1000003063;Fajar Hidayat;TV Kabel;Transvision;1787082628;267267;2000;269267;ATM;Sukses
TRX137111;2026-02-22;1000002991;Dedi Pratama;Air;PDAM;9926114185;360850;3000;363850;Internet Banking;Sukses
TRX137119;2026-03-17;1000003138;Hadi Wijaya;TV Kabel;Transvision;7278623901;215491;2000;217491;Mobile Banking;Sukses
TRX137149;2026-02-07;1000002359;Hadi Wijaya;TV Kabel;First Media;6974049449;203489;2500;205989;Teller;Sukses
TRX137202;2026-03-11;1000001856;Joko Susilo;Internet;IndiHome;1481763954;137201;3000;140201;Internet Banking;Sukses
TRX137262;2026-03-12;1000004453;Hadi Wijaya;Air;PDAM;9991586713;344196;3000;347196;EDC;Sukses
TRX137332;2026-03-04;1000004746;Gina Marlina;Internet;IndiHome;7917182067;482978;3000;485978;Teller;Sukses
TRX137487;2026-02-09;1000002826;Budi Santoso;Internet;IndiHome;1386857383;362072;2000;364072;Internet Banking;Sukses
TRX137545;2026-03-30;1000001688;Budi Santoso;TV Kabel;First Media;1791583614;211023;3000;214023;Mobile Banking;Sukses
TRX137572;2026-01-18;1000004086;Joko Susilo;TV Kabel;Transvision;5205821647;373031;2000;375031;ATM;Sukses
TRX137600;2026-03-17;1000001802;Joko Susilo;TV Kabel;First Media;3807408665;427194;2500;429694;Teller;Sukses
TRX137624;2026-03-21;1000003981;Eka Lestari;TV Kabel;First Media;1556316821;427362;3000;430362;Internet Banking;Sukses
TRX137705;2026-01-06;1000003859;Citra Dewi;BPJS;BPJS Kesehatan;2801290163;269454;3000;272454;Mobile Banking;Sukses
TRX137765;2026-01-20;1000001820;Andi Saputra;Listrik;PLN;7430032118;233059;2500;235559;Internet Banking;Sukses
TRX137779;2026-01-05;1000004719;Hadi Wijaya;Listrik;PLN;5008768073;220485;2500;222985;EDC;Sukses
TRX137823;2026-03-12;1000001336;Gina Marlina;TV Kabel;Transvision;2916760246;364106;2500;366606;Teller;Sukses
TRX137854;2026-01-18;1000002006;Gina Marlina;Air;PDAM;8893034330;383531;3000;386531;EDC;Sukses
TRX137860;2026-02-06;1000002334;Dedi Pratama;Listrik;PLN;9659944180;266217;2000;268217;Mobile Banking;Sukses
TRX137943;2026-01-07;1000000271;Gina Marlina;TV Kabel;Transvision;1756712214;95647;2500;98147;EDC;Sukses
TRX137994;2026-03-08;1000001832;Dedi Pratama;Listrik;PLN;5403991360;320600;2500;323100;Internet Banking;Sukses
TRX138017;2026-02-11;1000000645;Eka Lestari;BPJS;BPJS Kesehatan;2706417014;319692;3000;322692;EDC;Sukses
TRX138054;2026-02-13;1000004291;Gina Marlina;Internet;IndiHome;8419768679;473970;3000;476970;Teller;Sukses
TRX138097;2026-02-06;1000000201;Eka Lestari;BPJS;BPJS Kesehatan;4033416155;288583;2500;291083;Teller;Sukses
TRX138113;2026-03-05;1000002311;Intan Sari;Internet;IndiHome;5051360888;445283;3000;448283;Internet Banking;Sukses
TRX138128;2026-03-03;1000000658;Hadi Wijaya;Internet;Biznet;6410899841;221304;3000;224304;Internet Banking;Sukses
TRX138176;2026-02-07;1000003162;Andi Saputra;Internet;IndiHome;2657087410;323270;3000;326270;EDC;Sukses
TRX138192;2026-03-16;1000003560;Hadi Wijaya;Internet;Biznet;9187341440;198970;2500;201470;Mobile Banking;Sukses
TRX138311;2026-01-08;1000003193;Hadi Wijaya;BPJS;BPJS Kesehatan;7563914358;426816;2500;429316;ATM;Sukses
TRX138389;2026-02-28;1000003795;Citra Dewi;TV Kabel;First Media;1210944186;150200;2500;152700;Teller;Sukses
TRX138406;2026-02-05;1000002157;Intan Sari;TV Kabel;First Media;3661128320;113891;3000;116891;EDC;Sukses
TRX138413;2026-01-14;1000000780;Budi Santoso;Air;PDAM;6813478482;250741;2500;253241;Mobile Banking;Sukses
TRX138451;2026-03-27;1000001325;Budi Santoso;Internet;Biznet;9975739359;440023;2500;442523;Teller;Sukses
TRX138467;2026-02-01;1000003262;Intan Sari;TV Kabel;Transvision;7479294375;80136;2000;82136;Internet Banking;Sukses
TRX138514;2026-01-24;1000002209;Dedi Pratama;Air;PDAM;2494787281;73189;3000;76189;Internet Banking;Sukses
TRX138521;2026-03-31;1000003318;Citra Dewi;Internet;IndiHome;8073216505;417129;2000;419129;EDC;Sukses
TRX138672;2026-01-24;1000003262;Intan Sari;Air;PDAM;3768592137;382042;2000;384042;Teller;Sukses
TRX138688;2026-02-15;1000000571;Budi Santoso;Internet;Biznet;2454170858;423467;2500;425967;ATM;Sukses
TRX138697;2026-03-02;1000001080;Eka Lestari;Internet;Biznet;9217226466;374869;2500;377369;ATM;Sukses
TRX138785;2026-03-14;1000003361;Fajar Hidayat;Listrik;PLN;6578377352;465231;3000;468231;Teller;Sukses
TRX138795;2026-02-16;1000004874;Fajar Hidayat;Internet;Biznet;8401536340;291279;3000;294279;ATM;Sukses
TRX138978;2026-02-28;1000002854;Intan Sari;TV Kabel;First Media;9406009826;438985;2500;441485;Teller;Sukses
TRX138994;2026-01-21;1000002101;Hadi Wijaya;Internet;IndiHome;2062857662;207505;3000;210505;Teller;Sukses
TRX139005;2026-02-14;1000003971;Budi Santoso;TV Kabel;First Media;2458906630;303507;2500;306007;EDC;Sukses
TRX139015;2026-03-11;1000001325;Budi Santoso;Internet;IndiHome;7074582396;440125;3000;443125;Mobile Banking;Sukses
TRX139068;2026-01-02;1000002125;Gina Marlina;Air;PDAM;6108012251;339146;2000;341146;Mobile Banking;Sukses
TRX139072;2026-01-13;1000000276;Joko Susilo;Internet;IndiHome;9473054359;294233;2000;296233;Mobile Banking;Sukses
TRX139137;2026-02-07;1000002288;Andi Saputra;TV Kabel;First Media;9087306471;297831;2000;299831;Teller;Sukses
TRX139154;2026-02-21;1000002392;Joko Susilo;TV Kabel;Transvision;6707676306;68666;2000;70666;Mobile Banking;Sukses
TRX139166;2026-02-06;1000001892;Eka Lestari;TV Kabel;First Media;1506049719;462763;2000;464763;ATM;Sukses
TRX139201;2026-01-16;1000001398;Citra Dewi;Internet;IndiHome;5953060417;264453;3000;267453;Teller;Sukses
TRX139204;2026-02-13;1000002768;Fajar Hidayat;TV Kabel;First Media;9306174044;288185;3000;291185;ATM;Sukses
TRX139239;2026-02-28;1000004374;Fajar Hidayat;BPJS;BPJS Kesehatan;1865515930;168206;3000;171206;ATM;Sukses
TRX139251;2026-01-10;1000002506;Citra Dewi;BPJS;BPJS Kesehatan;1399790557;262501;3000;265501;ATM;Sukses
TRX139258;2026-01-14;1000000204;Budi Santoso;TV Kabel;Transvision;5079396736;321782;2000;323782;EDC;Sukses
TRX139273;2026-02-13;1000003079;Hadi Wijaya;Internet;Biznet;6329859748;475675;2500;478175;Internet Banking;Sukses
TRX139309;2026-02-08;1000000314;Intan Sari;Air;PDAM;4789042473;273119;3000;276119;Teller;Sukses
TRX139359;2026-02-22;1000002528;Andi Saputra;TV Kabel;Transvision;3216093669;134046;2000;136046;EDC;Sukses
TRX139413;2026-01-09;1000000415;Dedi Pratama;Internet;IndiHome;4333200786;412758;2500;415258;ATM;Sukses
TRX139435;2026-02-10;1000003293;Eka Lestari;TV Kabel;Transvision;5988358584;131772;2500;134272;ATM;Sukses
TRX139482;2026-02-01;1000001815;Dedi Pratama;BPJS;BPJS Kesehatan;6609427330;168315;2000;170315;EDC;Sukses
TRX139487;2026-01-22;1000000233;Andi Saputra;TV Kabel;First Media;7020242934;282289;2500;284789;Internet Banking;Sukses
TRX139590;2026-02-27;1000004956;Dedi Pratama;Internet;Biznet;7653525741;375966;2000;377966;EDC;Sukses
TRX139642;2026-03-21;1000000402;Joko Susilo;TV Kabel;Transvision;9319628044;63025;2000;65025;ATM;Sukses
TRX139709;2026-02-06;1000001611;Dedi Pratama;Listrik;PLN;6558535930;71402;3000;74402;EDC;Sukses
TRX139712;2026-02-18;1000001292;Andi Saputra;BPJS;BPJS Kesehatan;9858676756;132355;3000;135355;EDC;Sukses
TRX139731;2026-02-23;1000004626;Gina Marlina;Listrik;PLN;1246078034;430981;2000;432981;Teller;Sukses
TRX139763;2026-02-27;1000000677;Budi Santoso;Internet;Biznet;3809615309;99966;2500;102466;Mobile Banking;Sukses
TRX139852;2026-03-26;1000002890;Andi Saputra;Internet;Biznet;3782596027;95246;3000;98246;Teller;Sukses
TRX139853;2026-03-20;1000002643;Andi Saputra;Internet;IndiHome;6335071588;456845;2000;458845;Internet Banking;Sukses
TRX139861;2026-02-07;1000004783;Budi Santoso;TV Kabel;Transvision;7801369198;482341;2500;484841;Internet Banking;Sukses
TRX139899;2026-02-06;1000000095;Budi Santoso;TV Kabel;Transvision;2819033762;347743;2000;349743;Teller;Sukses
TRX139946;2026-03-24;1000001881;Joko Susilo;TV Kabel;Transvision;3869039244;77685;3000;80685;Teller;Sukses
TRX140007;2026-02-21;1000001780;Citra Dewi;BPJS;BPJS Kesehatan;7727784437;151251;2000;153251;Teller;Sukses
TRX140037;2026-03-08;1000000378;Gina Marlina;Air;PDAM;3732994399;208646;2000;210646;Teller;Sukses
TRX140038;2026-01-29;1000000873;Budi Santoso;Internet;IndiHome;2761675824;471197;3000;474197;EDC;Sukses
TRX140046;2026-03-25;1000003589;Dedi Pratama;Internet;IndiHome;4441520571;389194;2000;391194;Internet Banking;Sukses
TRX140052;2026-02-16;1000003014;Eka Lestari;Internet;Biznet;1582700893;162975;2000;164975;ATM;Sukses
TRX140063;2026-02-13;1000003397;Dedi Pratama;TV Kabel;Transvision;9486588037;151358;2500;153858;Teller;Sukses
TRX140065;2026-02-02;1000001867;Citra Dewi;Air;PDAM;5664426094;109492;2500;111992;EDC;Sukses
TRX140075;2026-03-09;1000002952;Fajar Hidayat;Air;PDAM;1823830879;429965;2000;431965;Mobile Banking;Sukses
TRX140097;2026-03-20;1000002842;Hadi Wijaya;Internet;Biznet;1962987752;137166;2000;139166;Teller;Sukses
TRX140134;2026-02-24;1000004043;Eka Lestari;Internet;Biznet;1294818060;403603;2500;406103;Internet Banking;Sukses
TRX140216;2026-03-06;1000003282;Budi Santoso;Air;PDAM;1667053318;212753;2000;214753;Mobile Banking;Sukses
TRX140219;2026-01-08;1000000662;Budi Santoso;TV Kabel;Transvision;7521743975;401211;2000;403211;EDC;Sukses
TRX140295;2026-03-25;1000002731;Intan Sari;Air;PDAM;8592260793;203278;2500;205778;ATM;Sukses
TRX140355;2026-01-30;1000002964;Intan Sari;BPJS;BPJS Kesehatan;2677147041;135985;2000;137985;EDC;Sukses
TRX140366;2026-01-04;1000004003;Andi Saputra;Internet;Biznet;7042960077;413311;3000;416311;ATM;Sukses
TRX140411;2026-02-06;1000002149;Intan Sari;TV Kabel;First Media;9782005616;496669;3000;499669;ATM;Sukses
TRX140419;2026-01-28;1000001410;Dedi Pratama;Air;PDAM;2516786384;302613;2500;305113;ATM;Sukses
TRX140425;2026-01-09;1000003557;Gina Marlina;TV Kabel;Transvision;9472619858;74189;3000;77189;ATM;Sukses
TRX140448;2026-02-22;1000003497;Eka Lestari;BPJS;BPJS Kesehatan;3078267861;285471;3000;288471;ATM;Sukses
TRX140450;2026-03-03;1000000975;Fajar Hidayat;Internet;Biznet;9336600252;486637;2000;488637;ATM;Sukses
TRX140475;2026-02-21;1000003460;Dedi Pratama;Listrik;PLN;1748171217;150885;2500;153385;Mobile Banking;Sukses
TRX140484;2026-01-09;1000002392;Joko Susilo;Listrik;PLN;2331723838;134502;2000;136502;ATM;Sukses
TRX140491;2026-02-27;1000001385;Eka Lestari;TV Kabel;First Media;6267445625;428260;2000;430260;Mobile Banking;Sukses
TRX140514;2026-02-13;1000004212;Fajar Hidayat;TV Kabel;First Media;9776452413;156485;2000;158485;ATM;Sukses
TRX140517;2026-02-16;1000004772;Andi Saputra;Listrik;PLN;2169003448;244758;2500;247258;ATM;Sukses
TRX140543;2026-03-31;1000000366;Joko Susilo;Air;PDAM;1978513183;492297;2500;494797;Teller;Sukses
TRX140571;2026-01-19;1000001819;Hadi Wijaya;Listrik;PLN;5005060026;180260;2500;182760;Mobile Banking;Sukses
TRX140577;2026-03-18;1000000797;Andi Saputra;Listrik;PLN;4099820765;313425;2500;315925;ATM;Sukses
TRX140620;2026-03-15;1000004004;Eka Lestari;Internet;IndiHome;4846049199;486458;3000;489458;Teller;Sukses
TRX140633;2026-01-01;1000003170;Citra Dewi;Listrik;PLN;7693631187;289051;3000;292051;EDC;Sukses
TRX140661;2026-03-01;1000003310;Intan Sari;TV Kabel;Transvision;3533452291;324091;2000;326091;Teller;Sukses
TRX140676;2026-02-10;1000003988;Intan Sari;Internet;IndiHome;1792789055;362343;3000;365343;ATM;Sukses
TRX140749;2026-02-10;1000002524;Eka Lestari;Air;PDAM;4464432964;308676;3000;311676;Teller;Sukses
TRX140770;2026-01-19;1000001040;Eka Lestari;TV Kabel;Transvision;9938203652;325100;2000;327100;Mobile Banking;Sukses
TRX140831;2026-03-19;1000003676;Citra Dewi;Internet;IndiHome;5104092326;215171;2000;217171;EDC;Sukses
TRX140854;2026-02-09;1000001931;Fajar Hidayat;TV Kabel;Transvision;6806691710;373617;2000;375617;Mobile Banking;Sukses
TRX140878;2026-02-06;1000003244;Eka Lestari;BPJS;BPJS Kesehatan;6260331345;99348;2000;101348;EDC;Sukses
TRX140887;2026-01-17;1000002530;Dedi Pratama;TV Kabel;First Media;5650785510;141753;3000;144753;Mobile Banking;Sukses
TRX140918;2026-03-03;1000001314;Dedi Pratama;Internet;IndiHome;9875415632;425581;2500;428081;EDC;Sukses
TRX140919;2026-02-09;1000000820;Citra Dewi;TV Kabel;Transvision;8899439357;200761;2500;203261;ATM;Sukses
TRX140950;2026-01-04;1000004644;Hadi Wijaya;TV Kabel;Transvision;7728068052;157982;2500;160482;Teller;Sukses
TRX140958;2026-02-28;1000000737;Eka Lestari;BPJS;BPJS Kesehatan;1781530579;393512;3000;396512;Mobile Banking;Sukses
TRX140994;2026-03-05;1000003399;Intan Sari;Internet;Biznet;5870904459;498254;2500;500754;Internet Banking;Sukses
TRX141024;2026-03-14;1000004976;Budi Santoso;TV Kabel;First Media;1494645979;316961;3000;319961;EDC;Sukses
TRX141058;2026-01-25;1000004845;Gina Marlina;Internet;IndiHome;4266948776;468642;2500;471142;Teller;Sukses
TRX141085;2026-01-29;1000000918;Eka Lestari;TV Kabel;Transvision;3643868588;344264;3000;347264;Mobile Banking;Sukses
TRX141091;2026-01-15;1000002227;Gina Marlina;BPJS;BPJS Kesehatan;1743946454;134966;2500;137466;Teller;Sukses
TRX141109;2026-04-01;1000004073;Fajar Hidayat;Listrik;PLN;9149182639;117287;2000;119287;Internet Banking;Sukses
TRX141161;2026-01-27;1000004489;Citra Dewi;TV Kabel;Transvision;7749929662;180456;3000;183456;EDC;Sukses
TRX141254;2026-03-04;1000004524;Andi Saputra;Internet;Biznet;4434987750;490289;2500;492789;Teller;Sukses
TRX141256;2026-01-01;1000003523;Budi Santoso;Internet;IndiHome;8867304304;196912;2500;199412;Mobile Banking;Sukses
TRX141274;2026-03-17;1000003485;Dedi Pratama;Listrik;PLN;4396590430;482022;2000;484022;ATM;Sukses
TRX141291;2026-02-24;1000004060;Intan Sari;TV Kabel;First Media;8409656531;418337;2000;420337;EDC;Sukses
TRX141313;2026-01-19;1000004444;Fajar Hidayat;BPJS;BPJS Kesehatan;5601553050;253913;2500;256413;Teller;Sukses
TRX141334;2026-03-19;1000001505;Gina Marlina;Internet;IndiHome;3910259992;450021;3000;453021;Teller;Sukses
TRX141360;2026-03-27;1000002548;Budi Santoso;TV Kabel;First Media;3227380786;172960;2500;175460;EDC;Sukses
TRX141378;2026-01-23;1000004552;Gina Marlina;Air;PDAM;5780101957;309420;2500;311920;EDC;Sukses
TRX141402;2026-03-17;1000004335;Hadi Wijaya;TV Kabel;Transvision;6924889918;282521;2500;285021;Internet Banking;Sukses
TRX141425;2026-01-10;1000003304;Citra Dewi;Internet;IndiHome;3725899496;325871;2500;328371;Teller;Sukses
TRX141500;2026-03-17;1000004208;Joko Susilo;Internet;IndiHome;5508307553;228669;2000;230669;EDC;Sukses
TRX141514;2026-02-16;1000000197;Andi Saputra;Internet;Biznet;3419376625;484336;3000;487336;Teller;Sukses
TRX141573;2026-03-06;1000004773;Joko Susilo;Internet;IndiHome;4401613444;113876;3000;116876;EDC;Sukses
TRX141594;2026-02-26;1000002338;Joko Susilo;BPJS;BPJS Kesehatan;1038503619;313706;2500;316206;Internet Banking;Sukses
TRX141622;2026-03-29;1000002974;Hadi Wijaya;Internet;IndiHome;6014355624;412036;2500;414536;ATM;Sukses
TRX141623;2026-03-22;1000003191;Citra Dewi;TV Kabel;Transvision;4766109821;188019;3000;191019;Mobile Banking;Sukses
TRX141648;2026-02-03;1000003626;Joko Susilo;BPJS;BPJS Kesehatan;8666205224;212882;2000;214882;Mobile Banking;Sukses
TRX141658;2026-03-28;1000001698;Gina Marlina;TV Kabel;First Media;2550288701;71634;2000;73634;Mobile Banking;Sukses
TRX141672;2026-03-13;1000002529;Citra Dewi;Air;PDAM;6035634321;241122;3000;244122;Internet Banking;Sukses
TRX141703;2026-03-10;1000004541;Citra Dewi;Internet;IndiHome;9233573298;492150;2500;494650;EDC;Sukses
TRX141711;2026-01-10;1000001354;Dedi Pratama;TV Kabel;Transvision;4654302938;248670;2500;251170;Mobile Banking;Sukses
TRX141816;2026-03-15;1000000720;Intan Sari;Listrik;PLN;3145420842;368674;2500;371174;ATM;Sukses
TRX141819;2026-03-02;1000002576;Hadi Wijaya;Internet;IndiHome;6210970237;171804;2000;173804;EDC;Sukses
TRX141894;2026-03-27;1000003750;Eka Lestari;TV Kabel;First Media;6101768110;346248;2500;348748;Internet Banking;Sukses
TRX141910;2026-01-09;1000004862;Citra Dewi;TV Kabel;Transvision;6855449315;316212;3000;319212;Mobile Banking;Sukses
TRX141970;2026-01-02;1000004288;Dedi Pratama;Listrik;PLN;1279149404;366574;2000;368574;Internet Banking;Sukses
TRX141973;2026-01-03;1000001467;Dedi Pratama;Air;PDAM;2913956600;422994;2500;425494;Teller;Sukses
TRX141983;2026-01-26;1000000274;Budi Santoso;BPJS;BPJS Kesehatan;6066628474;436908;2500;439408;Mobile Banking;Sukses
TRX141994;2026-01-25;1000002547;Andi Saputra;Air;PDAM;3412970031;343584;3000;346584;ATM;Sukses
TRX142032;2026-01-17;1000001069;Joko Susilo;Air;PDAM;1628457469;333806;3000;336806;Teller;Sukses
TRX142037;2026-02-07;1000003226;Citra Dewi;TV Kabel;Transvision;7463308272;365456;3000;368456;Mobile Banking;Sukses
TRX142052;2026-02-28;1000000375;Eka Lestari;BPJS;BPJS Kesehatan;2991124135;431035;2500;433535;Mobile Banking;Sukses
TRX142069;2026-01-24;1000001629;Joko Susilo;Listrik;PLN;3901098450;434698;2500;437198;Teller;Sukses
TRX142089;2026-02-10;1000003716;Joko Susilo;TV Kabel;Transvision;1677313423;61231;2500;63731;ATM;Sukses
TRX142129;2026-03-21;1000002499;Citra Dewi;Internet;IndiHome;2808893767;51568;2500;54068;ATM;Sukses
TRX142132;2026-01-21;1000002003;Gina Marlina;Internet;IndiHome;4842661119;397085;3000;400085;Mobile Banking;Sukses
TRX142134;2026-01-07;1000001117;Dedi Pratama;TV Kabel;Transvision;1925302529;489545;3000;492545;Internet Banking;Sukses
TRX142162;2026-03-10;1000004946;Andi Saputra;TV Kabel;First Media;1068084767;436659;2000;438659;Teller;Sukses
TRX142201;2026-02-03;1000003531;Hadi Wijaya;Listrik;PLN;5510841849;279737;3000;282737;Internet Banking;Sukses
TRX142230;2026-03-21;1000002926;Gina Marlina;BPJS;BPJS Kesehatan;3953092283;117459;2000;119459;ATM;Sukses
TRX142235;2026-03-18;1000004657;Citra Dewi;TV Kabel;First Media;9275044100;357478;2000;359478;ATM;Sukses
TRX142259;2026-01-09;1000000326;Intan Sari;TV Kabel;First Media;2027589653;311780;3000;314780;Mobile Banking;Sukses
TRX142263;2026-03-17;1000004409;Joko Susilo;BPJS;BPJS Kesehatan;5366699854;250851;2500;253351;ATM;Sukses
TRX142315;2026-01-04;1000001640;Fajar Hidayat;BPJS;BPJS Kesehatan;4678851415;226903;2500;229403;EDC;Sukses
TRX142316;2026-03-05;1000001553;Citra Dewi;TV Kabel;Transvision;9723697673;459559;2000;461559;ATM;Sukses
TRX142341;2026-03-06;1000000771;Budi Santoso;BPJS;BPJS Kesehatan;9024583074;474431;3000;477431;Mobile Banking;Sukses
TRX142355;2026-03-15;1000001263;Intan Sari;Listrik;PLN;4760202460;367588;2000;369588;EDC;Sukses
TRX142379;2026-01-18;1000002821;Joko Susilo;Listrik;PLN;4481430844;458378;3000;461378;ATM;Sukses
TRX142388;2026-03-12;1000002757;Citra Dewi;TV Kabel;First Media;8754999662;322304;3000;325304;Mobile Banking;Sukses
TRX142411;2026-01-01;1000004684;Fajar Hidayat;Air;PDAM;2989472355;420612;2500;423112;Teller;Sukses
TRX142461;2026-02-27;1000000758;Eka Lestari;TV Kabel;First Media;9493099222;303091;2500;305591;EDC;Sukses
TRX142486;2026-03-22;1000001243;Gina Marlina;Air;PDAM;7024144508;337155;3000;340155;Mobile Banking;Sukses
TRX142522;2026-04-01;1000000655;Eka Lestari;Air;PDAM;7391825265;192617;2000;194617;Mobile Banking;Sukses
TRX142543;2026-02-28;1000002037;Eka Lestari;TV Kabel;Transvision;5204124929;440081;2500;442581;Internet Banking;Sukses
TRX142627;2026-03-17;1000001864;Dedi Pratama;Air;PDAM;7562359638;496495;2500;498995;Internet Banking;Sukses
TRX142630;2026-03-16;1000003374;Citra Dewi;BPJS;BPJS Kesehatan;4327257633;465606;2000;467606;Mobile Banking;Sukses
TRX142631;2026-01-26;1000001488;Fajar Hidayat;Listrik;PLN;3385568309;116627;2500;119127;Teller;Sukses
TRX142740;2026-03-29;1000002414;Budi Santoso;Air;PDAM;1995589112;434941;2000;436941;Teller;Sukses
TRX142743;2026-02-28;1000000606;Eka Lestari;BPJS;BPJS Kesehatan;1413330479;273298;2500;275798;ATM;Sukses
TRX142792;2026-03-17;1000004934;Hadi Wijaya;Air;PDAM;1188084723;447731;2500;450231;ATM;Sukses
TRX142827;2026-03-26;1000003331;Andi Saputra;Internet;IndiHome;5438804983;170106;3000;173106;Internet Banking;Sukses
TRX142837;2026-03-11;1000004173;Intan Sari;Internet;Biznet;8568691384;155857;2500;158357;Internet Banking;Sukses
TRX142850;2026-03-04;1000002371;Intan Sari;Internet;IndiHome;7609179984;425005;2500;427505;Mobile Banking;Sukses
TRX142866;2026-02-18;1000001136;Intan Sari;Internet;IndiHome;8826858022;326004;2500;328504;Teller;Sukses
TRX142870;2026-02-24;1000003230;Hadi Wijaya;Internet;Biznet;6726898631;162849;3000;165849;Mobile Banking;Sukses
TRX142871;2026-03-18;1000001993;Hadi Wijaya;BPJS;BPJS Kesehatan;1452529141;458199;2000;460199;Teller;Sukses
TRX142927;2026-01-20;1000000744;Fajar Hidayat;TV Kabel;First Media;9470499149;247200;3000;250200;EDC;Sukses
TRX142938;2026-01-26;1000003763;Hadi Wijaya;TV Kabel;First Media;6413920856;411679;2500;414179;Teller;Sukses
TRX142975;2026-01-25;1000002937;Fajar Hidayat;TV Kabel;First Media;2691230432;370316;2500;372816;Teller;Sukses
TRX143066;2026-02-20;1000004774;Joko Susilo;TV Kabel;First Media;4910424604;151100;2500;153600;Teller;Sukses
TRX143137;2026-01-26;1000003894;Budi Santoso;TV Kabel;First Media;6732238788;192432;2500;194932;Teller;Sukses
TRX143164;2026-03-16;1000002386;Dedi Pratama;BPJS;BPJS Kesehatan;1616090701;298913;2500;301413;Internet Banking;Sukses
TRX143245;2026-02-01;1000004599;Citra Dewi;Internet;IndiHome;7701612337;306974;3000;309974;Teller;Sukses
TRX143246;2026-03-29;1000001078;Fajar Hidayat;TV Kabel;First Media;9544213961;197337;2000;199337;Teller;Sukses
TRX143265;2026-02-01;1000004375;Hadi Wijaya;Internet;Biznet;6540884164;432002;2500;434502;EDC;Sukses
TRX143320;2026-02-15;1000003113;Intan Sari;TV Kabel;First Media;4232283070;484705;3000;487705;Mobile Banking;Sukses
TRX143357;2026-02-21;1000002526;Joko Susilo;BPJS;BPJS Kesehatan;7796375139;72283;2500;74783;Teller;Sukses
TRX143391;2026-02-05;1000000383;Intan Sari;Listrik;PLN;1666787548;214396;3000;217396;ATM;Sukses
TRX143418;2026-03-04;1000003348;Hadi Wijaya;TV Kabel;First Media;7181858371;470928;2000;472928;EDC;Sukses
TRX143481;2026-03-09;1000000210;Hadi Wijaya;BPJS;BPJS Kesehatan;7490555632;223928;2500;226428;EDC;Sukses
TRX143495;2026-03-12;1000001711;Eka Lestari;Internet;IndiHome;9298016407;393689;3000;396689;EDC;Sukses
TRX143515;2026-03-25;1000004354;Eka Lestari;TV Kabel;Transvision;6013150466;83129;2500;85629;ATM;Sukses
TRX143611;2026-01-24;1000003694;Andi Saputra;TV Kabel;Transvision;5647609575;100900;3000;103900;Mobile Banking;Sukses
TRX143626;2026-02-25;1000004342;Dedi Pratama;TV Kabel;Transvision;7172839604;112393;3000;115393;EDC;Sukses
TRX143694;2026-03-10;1000002637;Intan Sari;TV Kabel;First Media;6516566257;406076;3000;409076;ATM;Sukses
TRX143716;2026-03-15;1000003557;Gina Marlina;BPJS;BPJS Kesehatan;7128318922;252179;3000;255179;Internet Banking;Sukses
TRX143766;2026-03-19;1000001730;Eka Lestari;TV Kabel;First Media;2750950324;251764;2500;254264;EDC;Sukses
TRX143784;2026-02-14;1000003539;Dedi Pratama;Internet;Biznet;9942108615;417948;2000;419948;ATM;Sukses
TRX143963;2026-01-08;1000003713;Andi Saputra;BPJS;BPJS Kesehatan;4354321517;109679;3000;112679;Mobile Banking;Sukses
TRX143976;2026-01-10;1000001336;Gina Marlina;BPJS;BPJS Kesehatan;7406911866;382798;3000;385798;EDC;Sukses
TRX143981;2026-02-23;1000003985;Gina Marlina;TV Kabel;First Media;2944082969;353023;2500;355523;ATM;Sukses
TRX144044;2026-03-31;1000000292;Gina Marlina;Air;PDAM;4916374191;331408;3000;334408;Mobile Banking;Sukses
TRX144075;2026-03-04;1000004735;Fajar Hidayat;BPJS;BPJS Kesehatan;9005792151;433341;3000;436341;ATM;Sukses
TRX144126;2026-03-30;1000001113;Eka Lestari;BPJS;BPJS Kesehatan;8242910249;134723;2500;137223;Mobile Banking;Sukses
TRX144251;2026-03-15;1000003329;Fajar Hidayat;BPJS;BPJS Kesehatan;1047335012;209318;2500;211818;Teller;Sukses
TRX144330;2026-02-23;1000002800;Andi Saputra;BPJS;BPJS Kesehatan;7417776194;316983;2000;318983;EDC;Sukses
TRX144400;2026-02-15;1000002085;Eka Lestari;TV Kabel;First Media;8139537359;191836;3000;194836;ATM;Sukses
TRX144410;2026-02-11;1000002076;Hadi Wijaya;BPJS;BPJS Kesehatan;1981364577;261331;2000;263331;Internet Banking;Sukses
TRX144443;2026-02-28;1000004197;Joko Susilo;TV Kabel;Transvision;2843944044;87162;2500;89662;Mobile Banking;Sukses
TRX144461;2026-04-01;1000002122;Fajar Hidayat;BPJS;BPJS Kesehatan;4123332255;370287;2000;372287;Mobile Banking;Sukses
TRX144482;2026-03-27;1000000692;Hadi Wijaya;TV Kabel;First Media;8875049110;389710;2000;391710;Teller;Sukses
TRX144589;2026-02-23;1000003662;Intan Sari;Air;PDAM;6780745673;139843;2500;142343;ATM;Sukses
TRX144605;2026-02-21;1000000586;Hadi Wijaya;Listrik;PLN;7218074376;249196;3000;252196;ATM;Sukses
TRX144636;2026-01-01;1000002888;Intan Sari;Internet;Biznet;7236465294;425702;2500;428202;EDC;Sukses
TRX144646;2026-03-25;1000001230;Dedi Pratama;Internet;Biznet;6531346541;81358;2000;83358;Mobile Banking;Sukses
TRX144656;2026-04-01;1000000901;Intan Sari;Air;PDAM;4687893092;79315;2000;81315;ATM;Sukses
TRX144687;2026-03-28;1000000589;Budi Santoso;Internet;Biznet;7601277989;412947;2500;415447;Teller;Sukses
TRX144785;2026-01-31;1000001518;Fajar Hidayat;BPJS;BPJS Kesehatan;6074628438;448507;2500;451007;Internet Banking;Sukses
TRX144810;2026-02-03;1000000248;Hadi Wijaya;TV Kabel;Transvision;9568120451;338655;3000;341655;Teller;Sukses
TRX144830;2026-01-01;1000003578;Joko Susilo;BPJS;BPJS Kesehatan;6060644561;408700;2500;411200;ATM;Sukses
TRX144860;2026-02-04;1000001222;Andi Saputra;Internet;IndiHome;4867553820;485135;3000;488135;Teller;Sukses
TRX144882;2026-01-22;1000003441;Intan Sari;BPJS;BPJS Kesehatan;6153785843;65099;3000;68099;EDC;Sukses
TRX144890;2026-02-23;1000001439;Joko Susilo;TV Kabel;Transvision;8239205141;326898;2500;329398;Teller;Sukses
TRX144952;2026-02-23;1000000317;Gina Marlina;TV Kabel;Transvision;3110810714;161494;3000;164494;Mobile Banking;Sukses
TRX144996;2026-02-15;1000001147;Joko Susilo;Internet;Biznet;8079621612;452115;2000;454115;Teller;Sukses
TRX145013;2026-03-02;1000001561;Dedi Pratama;Internet;IndiHome;5726976301;208661;2000;210661;EDC;Sukses
TRX145021;2026-01-26;1000002369;Budi Santoso;BPJS;BPJS Kesehatan;4464976065;452775;3000;455775;EDC;Sukses
TRX145024;2026-02-05;1000002516;Andi Saputra;TV Kabel;First Media;7628841008;434660;3000;437660;Internet Banking;Sukses
TRX145032;2026-02-28;1000000844;Eka Lestari;Listrik;PLN;8308094035;331790;3000;334790;ATM;Sukses
TRX145115;2026-02-05;1000001482;Citra Dewi;Air;PDAM;9825214183;467099;3000;470099;ATM;Sukses
TRX145130;2026-01-09;1000003060;Joko Susilo;Listrik;PLN;6181128355;330199;2000;332199;ATM;Sukses
TRX145146;2026-02-16;1000000867;Budi Santoso;Air;PDAM;5123167935;242102;2000;244102;EDC;Sukses
TRX145168;2026-01-01;1000002087;Budi Santoso;Internet;IndiHome;6841831953;61016;3000;64016;Teller;Sukses
TRX145231;2026-02-03;1000004447;Joko Susilo;Internet;IndiHome;1694734219;94945;3000;97945;Teller;Sukses
TRX145332;2026-01-17;1000001092;Dedi Pratama;Listrik;PLN;4863449125;64803;2000;66803;Internet Banking;Sukses
TRX145410;2026-01-11;1000003933;Gina Marlina;Internet;IndiHome;2973322546;270751;3000;273751;Internet Banking;Sukses
TRX145413;2026-03-10;1000001562;Fajar Hidayat;TV Kabel;Transvision;3103973291;451545;2500;454045;ATM;Sukses
TRX145439;2026-02-10;1000002009;Citra Dewi;Listrik;PLN;7949843700;118587;3000;121587;ATM;Sukses
TRX145516;2026-02-08;1000003851;Intan Sari;Air;PDAM;3474668986;150182;2000;152182;Teller;Sukses
TRX145616;2026-02-06;1000000089;Hadi Wijaya;TV Kabel;Transvision;8799356948;396370;2000;398370;Teller;Sukses
TRX145680;2026-01-14;1000000049;Gina Marlina;Air;PDAM;9298553863;354236;2500;356736;Internet Banking;Sukses
TRX145716;2026-02-26;1000001845;Dedi Pratama;Internet;Biznet;8990101024;406198;2000;408198;Internet Banking;Sukses
TRX145729;2026-03-26;1000002539;Intan Sari;TV Kabel;First Media;6225488365;163595;2500;166095;Mobile Banking;Sukses
TRX145776;2026-03-03;1000004475;Fajar Hidayat;Air;PDAM;1645332182;161026;2500;163526;Mobile Banking;Sukses
TRX145791;2026-01-02;1000003111;Dedi Pratama;Air;PDAM;1974195939;143872;2500;146372;Internet Banking;Sukses
TRX145874;2026-01-09;1000002098;Joko Susilo;Internet;Biznet;8372427885;158899;3000;161899;Internet Banking;Sukses
TRX145961;2026-01-02;1000000433;Intan Sari;Internet;IndiHome;9573768238;492936;2500;495436;ATM;Sukses
TRX145967;2026-03-19;1000001326;Budi Santoso;Internet;Biznet;6406112226;166232;3000;169232;ATM;Sukses
TRX146020;2026-03-26;1000000195;Hadi Wijaya;TV Kabel;First Media;4620915509;74156;3000;77156;Teller;Sukses
TRX146106;2026-02-02;1000004358;Fajar Hidayat;Air;PDAM;2515562222;120253;2000;122253;Internet Banking;Sukses
TRX146149;2026-02-27;1000002198;Andi Saputra;TV Kabel;First Media;5019657974;369445;2000;371445;ATM;Sukses
TRX146214;2026-02-24;1000001493;Budi Santoso;BPJS;BPJS Kesehatan;2703371202;80710;2000;82710;Teller;Sukses
TRX146280;2026-03-11;1000002922;Budi Santoso;Air;PDAM;9991445703;197874;2000;199874;Mobile Banking;Sukses
TRX146322;2026-02-14;1000000952;Budi Santoso;Listrik;PLN;3770474168;413211;2000;415211;ATM;Sukses
TRX146542;2026-01-19;1000004507;Gina Marlina;TV Kabel;Transvision;3817897755;66590;2500;69090;Mobile Banking;Sukses
TRX146549;2026-03-30;1000002307;Budi Santoso;BPJS;BPJS Kesehatan;7373708844;62389;2000;64389;Mobile Banking;Sukses
TRX146561;2026-02-01;1000000289;Hadi Wijaya;TV Kabel;Transvision;5262279905;91985;3000;94985;ATM;Sukses
TRX146611;2026-03-09;1000001088;Andi Saputra;TV Kabel;First Media;9643894452;300418;2500;302918;Teller;Sukses
TRX146644;2026-03-15;1000002126;Intan Sari;Internet;Biznet;6185682138;290049;2000;292049;ATM;Sukses
TRX146736;2026-03-14;1000004726;Dedi Pratama;Listrik;PLN;8120737682;163276;2000;165276;Internet Banking;Sukses
TRX146742;2026-02-26;1000002008;Fajar Hidayat;Internet;IndiHome;1676109905;239910;2000;241910;Internet Banking;Sukses
TRX146752;2026-02-26;1000004132;Intan Sari;TV Kabel;First Media;1915699427;239167;3000;242167;Internet Banking;Sukses
TRX146770;2026-03-18;1000001049;Hadi Wijaya;TV Kabel;Transvision;6300183645;298563;2000;300563;Internet Banking;Sukses
TRX146955;2026-01-19;1000004226;Citra Dewi;Air;PDAM;1385136176;418888;3000;421888;Teller;Sukses
TRX147055;2026-02-08;1000002663;Budi Santoso;BPJS;BPJS Kesehatan;4033526170;372576;2500;375076;Teller;Sukses
TRX147081;2026-02-03;1000003199;Hadi Wijaya;Internet;IndiHome;9125538087;477370;2500;479870;Mobile Banking;Sukses
TRX147139;2026-02-19;1000003962;Intan Sari;Air;PDAM;8761736609;461711;2500;464211;EDC;Sukses
TRX147164;2026-03-22;1000004963;Andi Saputra;Listrik;PLN;1449065111;123442;3000;126442;Mobile Banking;Sukses
TRX147231;2026-01-18;1000002910;Citra Dewi;BPJS;BPJS Kesehatan;5602569585;140744;2000;142744;Mobile Banking;Sukses
TRX147284;2026-01-11;1000004618;Intan Sari;Internet;IndiHome;7505109678;170144;2000;172144;Internet Banking;Sukses
TRX147342;2026-02-17;1000003778;Budi Santoso;TV Kabel;First Media;5860959279;453079;2500;455579;ATM;Sukses
TRX147404;2026-03-17;1000000956;Joko Susilo;BPJS;BPJS Kesehatan;8186082589;92400;2000;94400;Internet Banking;Sukses
TRX147461;2026-03-12;1000003076;Citra Dewi;Internet;Biznet;7775252037;278922;2500;281422;Internet Banking;Sukses
TRX147531;2026-01-19;1000001177;Citra Dewi;BPJS;BPJS Kesehatan;3715864058;353499;2500;355999;EDC;Sukses
TRX147555;2026-02-14;1000003401;Dedi Pratama;BPJS;BPJS Kesehatan;6603645566;150795;2500;153295;EDC;Sukses
TRX147585;2026-01-26;1000000039;Andi Saputra;Air;PDAM;5147861858;290894;2500;293394;Teller;Sukses
TRX147593;2026-03-30;1000002779;Gina Marlina;BPJS;BPJS Kesehatan;8125162338;442586;3000;445586;ATM;Sukses
TRX147602;2026-02-26;1000001714;Citra Dewi;Internet;Biznet;7011395857;68737;3000;71737;Mobile Banking;Sukses
TRX147608;2026-02-27;1000002952;Fajar Hidayat;Air;PDAM;9443790564;247586;3000;250586;Mobile Banking;Sukses
TRX147659;2026-01-18;1000000217;Hadi Wijaya;Air;PDAM;2262500000;190526;3000;193526;Internet Banking;Sukses
TRX147675;2026-03-11;1000001837;Fajar Hidayat;Internet;Biznet;3414097451;109306;2000;111306;Internet Banking;Sukses
TRX147697;2026-01-14;1000003963;Joko Susilo;Listrik;PLN;2855150562;468971;3000;471971;Internet Banking;Sukses
TRX147702;2026-02-23;1000000179;Eka Lestari;Listrik;PLN;6674911187;139188;2000;141188;EDC;Sukses
TRX147813;2026-02-18;1000004496;Joko Susilo;Internet;Biznet;1027746061;441106;2500;443606;Teller;Sukses
TRX147825;2026-01-10;1000004731;Intan Sari;Listrik;PLN;1922820894;261175;2500;263675;Teller;Sukses
TRX147868;2026-01-05;1000002232;Budi Santoso;Listrik;PLN;7748710659;401063;2000;403063;Teller;Sukses
TRX147922;2026-03-12;1000004907;Fajar Hidayat;Air;PDAM;4490210171;68137;2000;70137;Mobile Banking;Sukses
TRX148028;2026-03-06;1000004628;Dedi Pratama;BPJS;BPJS Kesehatan;7732836558;418009;3000;421009;Mobile Banking;Sukses
TRX148044;2026-02-26;1000001522;Hadi Wijaya;Internet;Biznet;9068641328;498092;2000;500092;EDC;Sukses
TRX148122;2026-01-06;1000003791;Fajar Hidayat;Air;PDAM;1550118937;394632;2500;397132;Teller;Sukses
TRX148181;2026-02-25;1000002255;Hadi Wijaya;BPJS;BPJS Kesehatan;2373639879;375768;2000;377768;Mobile Banking;Sukses
TRX148237;2026-03-08;1000001173;Fajar Hidayat;Air;PDAM;6330046967;419014;2000;421014;EDC;Sukses
TRX148315;2026-03-17;1000001694;Fajar Hidayat;Internet;IndiHome;3288978025;114685;3000;117685;Internet Banking;Sukses
TRX148319;2026-03-12;1000004777;Citra Dewi;BPJS;BPJS Kesehatan;8681468071;478623;3000;481623;Internet Banking;Sukses
TRX148327;2026-02-09;1000004581;Fajar Hidayat;Listrik;PLN;9928368385;94592;3000;97592;Teller;Sukses
TRX148483;2026-02-19;1000000222;Eka Lestari;TV Kabel;First Media;9716570493;490476;2500;492976;Teller;Sukses
TRX148485;2026-01-30;1000001237;Joko Susilo;Listrik;PLN;3399738095;237835;2500;240335;Teller;Sukses
TRX148540;2026-03-30;1000004911;Joko Susilo;BPJS;BPJS Kesehatan;1850650981;208197;2500;210697;Internet Banking;Sukses
TRX148550;2026-03-12;1000003934;Budi Santoso;Air;PDAM;9937706207;304867;2000;306867;Internet Banking;Sukses
TRX148607;2026-01-01;1000001742;Gina Marlina;TV Kabel;First Media;1048953621;370148;2000;372148;ATM;Sukses
TRX148632;2026-02-04;1000004170;Dedi Pratama;Listrik;PLN;1046888541;155502;3000;158502;ATM;Sukses
TRX148652;2026-02-27;1000003303;Fajar Hidayat;TV Kabel;Transvision;3761452370;248785;3000;251785;ATM;Sukses
TRX148664;2026-03-28;1000004051;Andi Saputra;Internet;IndiHome;3391878975;432449;2500;434949;EDC;Sukses
TRX148743;2026-02-01;1000001590;Joko Susilo;Air;PDAM;8704520108;106092;3000;109092;EDC;Sukses
TRX148834;2026-03-04;1000001468;Intan Sari;Air;PDAM;5053126227;493856;2000;495856;ATM;Sukses
TRX148862;2026-03-28;1000001208;Andi Saputra;TV Kabel;First Media;9232237253;483745;3000;486745;ATM;Sukses
TRX148865;2026-03-24;1000000679;Budi Santoso;TV Kabel;Transvision;6643415632;144714;2000;146714;ATM;Sukses
TRX148907;2026-03-29;1000003367;Intan Sari;Listrik;PLN;2665192914;359011;2000;361011;ATM;Sukses
TRX148919;2026-01-07;1000000201;Eka Lestari;Internet;IndiHome;5431842552;88265;2500;90765;Teller;Sukses
TRX148927;2026-01-14;1000003199;Hadi Wijaya;TV Kabel;First Media;4690769879;312715;2000;314715;Teller;Sukses
TRX148964;2026-01-19;1000004330;Hadi Wijaya;TV Kabel;First Media;3750251731;480551;2500;483051;Mobile Banking;Sukses
TRX149024;2026-01-28;1000004979;Dedi Pratama;BPJS;BPJS Kesehatan;8020119930;211630;2000;213630;Teller;Sukses
TRX149038;2026-01-12;1000001404;Gina Marlina;Internet;IndiHome;4303088319;267751;3000;270751;Teller;Sukses
TRX149101;2026-03-30;1000000664;Hadi Wijaya;Air;PDAM;9987629229;313431;2500;315931;Internet Banking;Sukses
TRX149125;2026-02-04;1000003870;Hadi Wijaya;Air;PDAM;7879438731;319947;2500;322447;EDC;Sukses
TRX149174;2026-03-24;1000000305;Eka Lestari;TV Kabel;Transvision;5401832568;489927;2500;492427;Mobile Banking;Sukses
TRX149220;2026-03-30;1000000411;Intan Sari;Air;PDAM;8498161661;317438;2000;319438;Teller;Sukses
TRX149338;2026-02-21;1000004203;Budi Santoso;Air;PDAM;8162434949;374555;2000;376555;Mobile Banking;Sukses
TRX149410;2026-01-05;1000004337;Eka Lestari;BPJS;BPJS Kesehatan;5539225107;163713;2000;165713;Teller;Sukses
TRX149442;2026-01-03;1000003391;Eka Lestari;Air;PDAM;3414164237;277113;2000;279113;Internet Banking;Sukses
TRX149470;2026-03-02;1000000089;Hadi Wijaya;Listrik;PLN;8628170524;380359;2500;382859;Internet Banking;Sukses
TRX149485;2026-03-07;1000001779;Budi Santoso;TV Kabel;Transvision;9190371730;255121;3000;258121;ATM;Sukses
TRX149492;2026-01-24;1000004747;Budi Santoso;Internet;IndiHome;8364905752;468664;2500;471164;Internet Banking;Sukses
TRX149500;2026-02-06;1000004270;Joko Susilo;TV Kabel;First Media;2390236109;408558;2000;410558;Teller;Sukses
TRX149517;2026-03-27;1000003188;Joko Susilo;TV Kabel;First Media;8085077526;98883;3000;101883;ATM;Sukses
TRX149562;2026-01-22;1000003617;Gina Marlina;Air;PDAM;8002404330;332836;3000;335836;Teller;Sukses
TRX149568;2026-03-15;1000003500;Fajar Hidayat;TV Kabel;Transvision;2557733587;316574;2500;319074;Mobile Banking;Sukses
TRX149590;2026-03-25;1000004949;Joko Susilo;BPJS;BPJS Kesehatan;1480068225;190064;3000;193064;Internet Banking;Sukses
TRX149618;2026-03-26;1000002279;Citra Dewi;Internet;Biznet;1714859844;165071;3000;168071;ATM;Sukses
TRX149634;2026-03-27;1000003306;Fajar Hidayat;BPJS;BPJS Kesehatan;8465877203;460689;2500;463189;Teller;Sukses
TRX149640;2026-03-09;1000004945;Eka Lestari;TV Kabel;Transvision;2816288305;138050;2500;140550;Internet Banking;Sukses
TRX149691;2026-03-31;1000003923;Hadi Wijaya;Internet;Biznet;8505542987;105576;2500;108076;ATM;Sukses
TRX149808;2026-03-15;1000003893;Fajar Hidayat;Listrik;PLN;5756353836;182428;2500;184928;ATM;Sukses
TRX149969;2026-02-04;1000003019;Gina Marlina;TV Kabel;Transvision;8925409090;149235;2500;151735;Teller;Sukses
TRX150002;2026-03-19;1000001454;Eka Lestari;Air;PDAM;7370058822;87893;2500;90393;EDC;Sukses
TRX150020;2026-02-28;1000001378;Joko Susilo;Internet;Biznet;4355729101;68183;2000;70183;Mobile Banking;Sukses
TRX150050;2026-03-05;1000003139;Budi Santoso;Listrik;PLN;4588133456;438623;2500;441123;Internet Banking;Sukses
TRX150075;2026-01-22;1000003719;Andi Saputra;BPJS;BPJS Kesehatan;6534108974;495638;3000;498638;Internet Banking;Sukses
TRX150078;2026-03-27;1000003312;Eka Lestari;Air;PDAM;9217565224;116215;2000;118215;EDC;Sukses
TRX150107;2026-03-19;1000003111;Dedi Pratama;TV Kabel;First Media;7015913827;406421;2000;408421;Mobile Banking;Sukses
TRX150155;2026-02-16;1000003653;Citra Dewi;Internet;IndiHome;4306915131;300957;2500;303457;ATM;Sukses
TRX150192;2026-02-26;1000003448;Andi Saputra;TV Kabel;First Media;4113161997;354558;2000;356558;Internet Banking;Sukses
TRX150193;2026-03-16;1000000848;Budi Santoso;Listrik;PLN;5113484979;304365;3000;307365;Mobile Banking;Sukses
TRX150222;2026-02-04;1000001883;Intan Sari;TV Kabel;First Media;1771304658;493338;3000;496338;Mobile Banking;Sukses
TRX150237;2026-02-05;1000001024;Joko Susilo;TV Kabel;Transvision;8559063748;250642;2500;253142;Mobile Banking;Sukses
TRX150301;2026-03-24;1000000547;Eka Lestari;Internet;IndiHome;4454274735;156717;2000;158717;ATM;Sukses
TRX150307;2026-02-13;1000002971;Hadi Wijaya;TV Kabel;First Media;4090048270;288608;2000;290608;Internet Banking;Sukses
TRX150318;2026-02-18;1000003966;Dedi Pratama;BPJS;BPJS Kesehatan;3937566112;438641;3000;441641;Teller;Sukses
TRX150344;2026-03-11;1000004754;Joko Susilo;Air;PDAM;1058182565;448469;2000;450469;ATM;Sukses
TRX150352;2026-01-14;1000002012;Budi Santoso;TV Kabel;First Media;5128080567;222592;2500;225092;Teller;Sukses
TRX150367;2026-01-21;1000003568;Hadi Wijaya;TV Kabel;First Media;4482820622;73658;3000;76658;ATM;Sukses
TRX150431;2026-03-13;1000000485;Gina Marlina;BPJS;BPJS Kesehatan;3568214905;177733;2000;179733;Mobile Banking;Sukses
TRX150504;2026-03-30;1000004734;Andi Saputra;TV Kabel;Transvision;6516822641;419333;3000;422333;Internet Banking;Sukses
TRX150562;2026-03-09;1000003011;Intan Sari;BPJS;BPJS Kesehatan;1472731451;257907;3000;260907;ATM;Sukses
TRX150647;2026-03-03;1000001337;Hadi Wijaya;Air;PDAM;3733869729;319639;3000;322639;Teller;Sukses
TRX150708;2026-02-16;1000002663;Budi Santoso;TV Kabel;First Media;8819330378;278262;3000;281262;Mobile Banking;Sukses
TRX150931;2026-03-28;1000004068;Joko Susilo;TV Kabel;Transvision;2702037256;236407;2500;238907;Internet Banking;Sukses
TRX151006;2026-03-04;1000001450;Citra Dewi;BPJS;BPJS Kesehatan;3990409181;329735;2000;331735;ATM;Sukses
TRX151009;2026-01-30;1000004397;Gina Marlina;Air;PDAM;3070622365;120769;2000;122769;Teller;Sukses
TRX151059;2026-02-17;1000004144;Intan Sari;TV Kabel;First Media;3710262780;159454;2500;161954;Internet Banking;Sukses
TRX151074;2026-02-18;1000000625;Hadi Wijaya;Internet;Biznet;6559438092;370004;2000;372004;ATM;Sukses
TRX151164;2026-01-11;1000002837;Dedi Pratama;Listrik;PLN;7444380119;163146;2000;165146;ATM;Sukses
TRX151177;2026-02-04;1000003229;Dedi Pratama;BPJS;BPJS Kesehatan;8578855435;460849;2500;463349;ATM;Sukses
TRX151212;2026-01-22;1000000446;Hadi Wijaya;BPJS;BPJS Kesehatan;9160797240;453226;3000;456226;Teller;Sukses
TRX151277;2026-03-25;1000004657;Citra Dewi;Internet;Biznet;4904320305;443593;2500;446093;Internet Banking;Sukses
TRX151305;2026-02-06;1000002099;Gina Marlina;Listrik;PLN;2633416156;198699;2500;201199;EDC;Sukses
TRX151312;2026-04-01;1000000083;Gina Marlina;BPJS;BPJS Kesehatan;4862401419;163212;3000;166212;ATM;Sukses
TRX151415;2026-02-15;1000002994;Citra Dewi;BPJS;BPJS Kesehatan;6545426671;255802;2000;257802;Mobile Banking;Sukses
TRX151419;2026-03-28;1000004944;Citra Dewi;Internet;Biznet;7348540902;492595;2500;495095;Teller;Sukses
TRX151428;2026-02-15;1000000766;Gina Marlina;BPJS;BPJS Kesehatan;3550560391;246278;3000;249278;Mobile Banking;Sukses
TRX151450;2026-01-25;1000002271;Joko Susilo;Internet;IndiHome;6402708509;66774;2500;69274;Mobile Banking;Sukses
TRX151458;2026-03-23;1000001655;Fajar Hidayat;BPJS;BPJS Kesehatan;2914730105;80863;2000;82863;ATM;Sukses
TRX151550;2026-03-14;1000002640;Citra Dewi;Internet;Biznet;1844491841;389073;3000;392073;ATM;Sukses
TRX151553;2026-03-12;1000004540;Budi Santoso;BPJS;BPJS Kesehatan;4036268061;53713;2500;56213;EDC;Sukses
TRX151570;2026-02-10;1000000854;Hadi Wijaya;TV Kabel;First Media;9985969881;126586;3000;129586;EDC;Sukses
TRX151881;2026-02-21;1000004069;Fajar Hidayat;Listrik;PLN;8566420691;494653;2500;497153;ATM;Sukses
TRX151917;2026-03-30;1000002012;Budi Santoso;TV Kabel;First Media;7153254179;160259;2500;162759;Teller;Sukses
TRX151926;2026-03-02;1000004440;Citra Dewi;Air;PDAM;9573332757;362674;2000;364674;Internet Banking;Sukses
TRX151928;2026-01-26;1000002976;Gina Marlina;BPJS;BPJS Kesehatan;3920648125;482413;2000;484413;Internet Banking;Sukses
TRX151986;2026-03-06;1000003069;Citra Dewi;BPJS;BPJS Kesehatan;7512577826;249867;3000;252867;EDC;Sukses
TRX152012;2026-03-26;1000000588;Citra Dewi;Air;PDAM;6279576615;353785;2000;355785;Internet Banking;Sukses
TRX152039;2026-02-19;1000003226;Citra Dewi;Internet;IndiHome;9138645964;215287;2000;217287;ATM;Sukses
TRX152079;2026-03-09;1000000906;Andi Saputra;Air;PDAM;9824183836;495490;2500;497990;Mobile Banking;Sukses
TRX152092;2026-02-28;1000001225;Fajar Hidayat;Air;PDAM;9033861162;139737;2000;141737;Mobile Banking;Sukses
TRX152119;2026-04-01;1000002164;Intan Sari;TV Kabel;First Media;8008473714;346773;2500;349273;ATM;Sukses
TRX152161;2026-03-14;1000003411;Dedi Pratama;Internet;Biznet;1402862100;321748;2000;323748;Internet Banking;Sukses
TRX152198;2026-03-28;1000001940;Joko Susilo;BPJS;BPJS Kesehatan;6538255813;399080;2000;401080;ATM;Gagal
TRX152231;2026-03-26;1000002907;Gina Marlina;BPJS;BPJS Kesehatan;1279852815;340267;2000;342267;Teller;Sukses
TRX152301;2026-03-07;1000003541;Budi Santoso;Internet;IndiHome;3961249563;79891;2000;81891;ATM;Sukses
TRX152305;2026-03-28;1000004294;Andi Saputra;Internet;IndiHome;8945071757;143358;3000;146358;EDC;Sukses
TRX152468;2026-03-26;1000001170;Gina Marlina;Internet;IndiHome;6934626256;354178;3000;357178;Teller;Sukses
TRX152503;2026-01-29;1000002292;Intan Sari;Internet;Biznet;6850663169;485494;2000;487494;Mobile Banking;Gagal
TRX152549;2026-02-21;1000001112;Andi Saputra;TV Kabel;First Media;9206762098;324061;2000;326061;ATM;Sukses
TRX152550;2026-02-26;1000002662;Dedi Pratama;Listrik;PLN;8831102351;74975;2500;77475;ATM;Sukses
TRX152662;2026-02-23;1000000764;Eka Lestari;Internet;Biznet;6601546542;455008;2000;457008;EDC;Gagal
TRX152664;2026-03-27;1000002996;Hadi Wijaya;Listrik;PLN;5011119355;161537;3000;164537;Mobile Banking;Sukses
TRX152699;2026-03-16;1000001936;Hadi Wijaya;Listrik;PLN;9130600059;330004;3000;333004;EDC;Sukses
TRX152728;2026-02-10;1000003965;Intan Sari;Internet;IndiHome;1673016473;449965;2000;451965;Teller;Sukses
TRX152783;2026-01-22;1000000326;Intan Sari;Air;PDAM;1274948868;104351;2500;106851;ATM;Sukses
TRX152801;2026-01-10;1000000452;Fajar Hidayat;Internet;Biznet;9699690052;459429;2500;461929;EDC;Sukses
TRX152825;2026-03-23;1000000068;Eka Lestari;Air;PDAM;6060168210;254082;2500;256582;EDC;Sukses
TRX152849;2026-01-30;1000001024;Joko Susilo;TV Kabel;Transvision;9597171306;374861;3000;377861;Mobile Banking;Sukses
TRX152856;2026-01-05;1000003790;Andi Saputra;Internet;Biznet;3363726989;288720;3000;291720;Teller;Sukses
TRX153029;2026-03-15;1000000651;Citra Dewi;TV Kabel;Transvision;7128017091;463936;3000;466936;Teller;Gagal
TRX153119;2026-01-16;1000004657;Citra Dewi;TV Kabel;Transvision;8050835764;489706;3000;492706;Teller;Gagal
TRX153126;2026-02-14;1000002762;Gina Marlina;TV Kabel;First Media;8070681520;241495;2000;243495;Mobile Banking;Sukses
TRX153149;2026-01-14;1000003850;Gina Marlina;TV Kabel;Transvision;7067259891;268060;3000;271060;ATM;Sukses
TRX153152;2026-02-02;1000001116;Dedi Pratama;TV Kabel;First Media;9968932541;263940;2500;266440;Teller;Sukses
TRX153248;2026-02-03;1000001182;Fajar Hidayat;Listrik;PLN;9850406402;167642;3000;170642;ATM;Sukses
TRX153368;2026-03-30;1000002473;Gina Marlina;Internet;Biznet;6696174355;384464;2000;386464;Internet Banking;Sukses
TRX153399;2026-01-15;1000002971;Hadi Wijaya;BPJS;BPJS Kesehatan;7685922171;352453;2500;354953;Teller;Sukses
TRX153478;2026-03-05;1000002933;Andi Saputra;TV Kabel;First Media;4108499802;223645;2500;226145;Teller;Sukses
TRX153486;2026-03-21;1000000509;Gina Marlina;BPJS;BPJS Kesehatan;6621164594;140966;2500;143466;Mobile Banking;Sukses
TRX153596;2026-01-04;1000000042;Budi Santoso;Internet;Biznet;3220838378;243423;3000;246423;EDC;Sukses
TRX153643;2026-03-22;1000000259;Eka Lestari;BPJS;BPJS Kesehatan;5522442096;435555;2000;437555;Mobile Banking;Sukses
TRX153647;2026-02-11;1000002627;Gina Marlina;Internet;Biznet;7954932914;228691;3000;231691;EDC;Sukses
TRX153694;2026-03-22;1000002979;Fajar Hidayat;Internet;Biznet;3556870210;133018;3000;136018;Teller;Gagal
TRX153706;2026-01-07;1000000430;Eka Lestari;TV Kabel;First Media;5859530893;322473;3000;325473;Mobile Banking;Gagal
TRX153724;2026-03-11;1000004281;Dedi Pratama;Listrik;PLN;9503919547;394505;3000;397505;Mobile Banking;Gagal
TRX153728;2026-03-15;1000000725;Hadi Wijaya;BPJS;BPJS Kesehatan;3853387774;336366;2500;338866;EDC;Sukses
TRX153770;2026-03-13;1000001527;Joko Susilo;BPJS;BPJS Kesehatan;6344115442;201333;3000;204333;Mobile Banking;Sukses
TRX153816;2026-02-22;1000000369;Citra Dewi;TV Kabel;Transvision;9155237043;282483;3000;285483;EDC;Sukses
TRX153837;2026-03-21;1000003231;Budi Santoso;BPJS;BPJS Kesehatan;4583379049;329280;3000;332280;Internet Banking;Sukses
TRX153844;2026-03-23;1000003949;Budi Santoso;TV Kabel;First Media;9567942699;185186;2000;187186;Teller;Sukses
TRX153852;2026-03-12;1000003163;Dedi Pratama;Air;PDAM;7895544883;278586;3000;281586;Teller;Sukses
TRX153885;2026-02-05;1000002258;Eka Lestari;BPJS;BPJS Kesehatan;5042468946;105271;2500;107771;Mobile Banking;Sukses
TRX153902;2026-02-02;1000000913;Intan Sari;BPJS;BPJS Kesehatan;4773121052;59046;3000;62046;Mobile Banking;Sukses
TRX154021;2026-01-18;1000004330;Hadi Wijaya;Internet;IndiHome;9268308078;276849;2000;278849;Teller;Sukses
TRX154161;2026-01-18;1000001567;Eka Lestari;Air;PDAM;9885692144;164806;3000;167806;EDC;Sukses
TRX154181;2026-01-19;1000003838;Citra Dewi;TV Kabel;Transvision;8793248215;117993;3000;120993;ATM;Sukses
TRX154231;2026-01-20;1000004659;Andi Saputra;TV Kabel;First Media;5347858880;244099;2000;246099;EDC;Sukses
TRX154265;2026-02-08;1000004982;Joko Susilo;Internet;Biznet;6522932154;140993;2000;142993;Internet Banking;Sukses
TRX154314;2026-03-24;1000002390;Joko Susilo;Air;PDAM;7371893794;207507;2500;210007;Mobile Banking;Gagal
TRX154345;2026-03-21;1000004532;Intan Sari;TV Kabel;Transvision;9519682719;187113;3000;190113;ATM;Gagal
TRX154409;2026-02-15;1000002027;Fajar Hidayat;Internet;Biznet;9841037161;460834;2500;463334;Mobile Banking;Sukses
TRX154446;2026-01-07;1000001008;Citra Dewi;Internet;Biznet;2390684054;494187;2500;496687;Teller;Sukses
TRX154694;2026-03-11;1000003578;Joko Susilo;Air;PDAM;4975310302;116784;3000;119784;Teller;Sukses
TRX154709;2026-01-01;1000001772;Hadi Wijaya;TV Kabel;Transvision;4755499415;230665;2000;232665;ATM;Gagal
TRX154723;2026-02-02;1000003040;Intan Sari;Air;PDAM;5204724215;58723;2500;61223;ATM;Gagal
TRX154740;2026-02-04;1000004027;Dedi Pratama;Internet;IndiHome;9816055731;312439;2000;314439;Internet Banking;Sukses
TRX154804;2026-01-11;1000002374;Dedi Pratama;Internet;IndiHome;5105049609;393676;3000;396676;EDC;Sukses
TRX154837;2026-03-10;1000001205;Gina Marlina;TV Kabel;First Media;2184190767;79260;2000;81260;Teller;Sukses
TRX154839;2026-03-23;1000004366;Eka Lestari;Internet;Biznet;7476329059;388778;3000;391778;Mobile Banking;Gagal
TRX154862;2026-03-05;1000003156;Dedi Pratama;Internet;Biznet;5684915411;330686;2000;332686;ATM;Sukses
TRX154880;2026-02-22;1000002257;Gina Marlina;BPJS;BPJS Kesehatan;4528163229;189385;3000;192385;Mobile Banking;Gagal
TRX154905;2026-03-21;1000002059;Citra Dewi;Air;PDAM;5080243925;111184;3000;114184;Internet Banking;Gagal
TRX154924;2026-03-06;1000003592;Joko Susilo;Listrik;PLN;5404628891;427912;3000;430912;Mobile Banking;Sukses
TRX154975;2026-01-20;1000002620;Budi Santoso;TV Kabel;Transvision;3355156160;306546;2500;309046;ATM;Sukses
TRX155020;2026-02-22;1000000960;Andi Saputra;Listrik;PLN;4810270356;396105;2500;398605;Teller;Sukses
TRX155059;2026-01-26;1000003293;Eka Lestari;Listrik;PLN;1740431502;373532;2500;376032;ATM;Sukses
TRX155083;2026-02-23;1000003545;Citra Dewi;BPJS;BPJS Kesehatan;9005620871;311768;2500;314268;Mobile Banking;Sukses
TRX155084;2026-01-28;1000002365;Fajar Hidayat;Internet;Biznet;3286942990;376159;2000;378159;Internet Banking;Gagal
TRX155105;2026-02-18;1000000806;Gina Marlina;Internet;IndiHome;9549126583;149137;2500;151637;Teller;Gagal
TRX155173;2026-03-09;1000001545;Dedi Pratama;Internet;Biznet;6959665375;165696;3000;168696;Internet Banking;Gagal
TRX155263;2026-03-02;1000000786;Intan Sari;TV Kabel;First Media;9306052646;266058;2500;268558;Internet Banking;Gagal
TRX155271;2026-03-18;1000002263;Eka Lestari;Air;PDAM;3844908748;472445;3000;475445;Teller;Gagal
TRX155288;2026-02-21;1000002941;Fajar Hidayat;TV Kabel;Transvision;4647816740;456320;2000;458320;Mobile Banking;Sukses
TRX155350;2026-02-26;1000001476;Eka Lestari;TV Kabel;First Media;8724349914;118144;3000;121144;Internet Banking;Gagal
TRX155396;2026-02-15;1000000603;Hadi Wijaya;Air;PDAM;9329927072;440577;2500;443077;EDC;Sukses
TRX155431;2026-02-12;1000003192;Fajar Hidayat;TV Kabel;First Media;2439708799;437941;2500;440441;Mobile Banking;Gagal
TRX155445;2026-03-05;1000001408;Eka Lestari;Listrik;PLN;3378725698;323933;2000;325933;Teller;Sukses
TRX155504;2026-02-07;1000003410;Fajar Hidayat;Air;PDAM;5322246656;150984;2500;153484;EDC;Sukses
TRX155512;2026-01-01;1000003330;Budi Santoso;TV Kabel;First Media;8262592729;481489;3000;484489;ATM;Sukses
TRX155514;2026-03-18;1000001849;Fajar Hidayat;Internet;IndiHome;3590842045;77729;2000;79729;Mobile Banking;Gagal
TRX155534;2026-01-04;1000000298;Andi Saputra;TV Kabel;Transvision;2660463205;157104;2500;159604;Mobile Banking;Gagal
TRX155602;2026-03-27;1000004219;Intan Sari;Air;PDAM;7534803102;367750;2000;369750;Teller;Gagal
TRX155646;2026-02-11;1000002812;Budi Santoso;TV Kabel;First Media;2462919244;255882;2000;257882;Internet Banking;Gagal
TRX155756;2026-03-20;1000002993;Eka Lestari;BPJS;BPJS Kesehatan;6265333644;248019;2000;250019;Mobile Banking;Gagal
TRX155996;2026-01-13;1000002899;Joko Susilo;TV Kabel;First Media;7241404311;331495;3000;334495;Internet Banking;Sukses
TRX156083;2026-01-26;1000001273;Fajar Hidayat;Internet;Biznet;9844994553;435385;2500;437885;EDC;Sukses
TRX156323;2026-02-21;1000003000;Budi Santoso;Listrik;PLN;2543522714;288166;2000;290166;Internet Banking;Sukses
TRX156336;2026-01-12;1000001731;Gina Marlina;TV Kabel;First Media;8930028461;82736;2000;84736;ATM;Sukses
TRX156376;2026-01-31;1000003300;Hadi Wijaya;TV Kabel;First Media;5018602961;192028;2500;194528;ATM;Gagal
TRX156398;2026-03-02;1000001979;Citra Dewi;Air;PDAM;9695681463;209909;3000;212909;Teller;Gagal
TRX156399;2026-02-28;1000003785;Citra Dewi;Air;PDAM;9679766266;206527;2500;209027;Mobile Banking;Gagal
TRX156468;2026-03-15;1000000913;Intan Sari;Listrik;PLN;8995174434;105105;3000;108105;Mobile Banking;Gagal
TRX156519;2026-01-30;1000001774;Fajar Hidayat;TV Kabel;First Media;7021218830;126063;2000;128063;Teller;Sukses
TRX156526;2026-03-31;1000002476;Andi Saputra;Listrik;PLN;8448777315;100246;2500;102746;Mobile Banking;Sukses
TRX156646;2026-02-06;1000002208;Andi Saputra;TV Kabel;Transvision;4707198249;320923;2000;322923;Teller;Sukses
TRX156701;2026-03-02;1000003789;Citra Dewi;Internet;IndiHome;2183375663;288043;3000;291043;Teller;Gagal
TRX156733;2026-02-25;1000004622;Gina Marlina;BPJS;BPJS Kesehatan;8434287850;446531;2500;449031;EDC;Gagal
TRX156735;2026-02-23;1000000684;Budi Santoso;TV Kabel;First Media;1219176132;58394;3000;61394;Internet Banking;Sukses
TRX156754;2026-01-01;1000000413;Fajar Hidayat;BPJS;BPJS Kesehatan;3549740400;329967;2000;331967;Internet Banking;Sukses
TRX156755;2026-03-27;1000001661;Joko Susilo;Air;PDAM;2075665842;263299;2000;265299;EDC;Sukses
TRX156758;2026-03-27;1000001699;Joko Susilo;Listrik;PLN;1875482048;487613;2500;490113;EDC;Sukses
TRX156792;2026-01-29;1000003604;Andi Saputra;Internet;IndiHome;6388348727;244845;2000;246845;Mobile Banking;Sukses
TRX156869;2026-01-11;1000003273;Budi Santoso;TV Kabel;Transvision;9994165482;229537;2000;231537;Mobile Banking;Sukses
TRX156912;2026-01-31;1000001949;Budi Santoso;Listrik;PLN;1435041891;380489;2000;382489;Mobile Banking;Sukses
TRX156958;2026-02-27;1000002038;Gina Marlina;Listrik;PLN;1101164148;312571;2500;315071;Teller;Sukses
TRX157038;2026-03-15;1000002900;Andi Saputra;TV Kabel;Transvision;4504688019;392245;3000;395245;Mobile Banking;Sukses
TRX157042;2026-01-06;1000004760;Joko Susilo;BPJS;BPJS Kesehatan;7060830005;121422;3000;124422;Mobile Banking;Gagal
TRX157104;2026-01-08;1000004476;Citra Dewi;Internet;IndiHome;1356372712;382406;2000;384406;ATM;Gagal
TRX157105;2026-01-31;1000002455;Dedi Pratama;Internet;IndiHome;2285386572;168237;3000;171237;Teller;Sukses
TRX157249;2026-03-09;1000001738;Fajar Hidayat;TV Kabel;Transvision;6892739590;219635;3000;222635;Mobile Banking;Sukses
TRX157260;2026-02-21;1000002748;Gina Marlina;Internet;Biznet;5407776760;496544;2500;499044;EDC;Gagal
TRX157273;2026-03-02;1000000494;Andi Saputra;BPJS;BPJS Kesehatan;6974572234;103043;3000;106043;ATM;Sukses
TRX157290;2026-01-28;1000003197;Joko Susilo;TV Kabel;First Media;8022745061;118699;3000;121699;ATM;Sukses
TRX157296;2026-03-20;1000001098;Joko Susilo;TV Kabel;Transvision;3348937028;472754;2500;475254;Internet Banking;Sukses
TRX157349;2026-01-20;1000002631;Budi Santoso;Air;PDAM;9862163510;156145;2500;158645;Internet Banking;Sukses
TRX157418;2026-01-03;1000002534;Dedi Pratama;TV Kabel;Transvision;4888996578;402777;3000;405777;ATM;Sukses
TRX157427;2026-01-19;1000004559;Budi Santoso;Listrik;PLN;6926947835;175418;2000;177418;Teller;Sukses
TRX157429;2026-01-16;1000004336;Andi Saputra;TV Kabel;First Media;5387741924;499802;2000;501802;Internet Banking;Gagal
TRX157486;2026-03-31;1000002982;Citra Dewi;Listrik;PLN;2492287389;398748;2500;401248;Internet Banking;Gagal
TRX157537;2026-01-08;1000001027;Dedi Pratama;Listrik;PLN;4813335644;324101;2000;326101;Internet Banking;Sukses
TRX157636;2026-01-11;1000003477;Hadi Wijaya;TV Kabel;First Media;9814605768;465396;2000;467396;Mobile Banking;Sukses
TRX157679;2026-01-03;1000003262;Intan Sari;Internet;IndiHome;2200087889;297414;2000;299414;Mobile Banking;Sukses
TRX157710;2026-01-18;1000004086;Joko Susilo;Listrik;PLN;9018456408;416552;3000;419552;Mobile Banking;Sukses
TRX157751;2026-03-03;1000004899;Andi Saputra;Internet;IndiHome;3664408313;430317;3000;433317;ATM;Gagal
TRX157757;2026-02-27;1000000340;Gina Marlina;TV Kabel;First Media;7476939626;142757;3000;145757;Teller;Gagal
TRX157768;2026-03-01;1000000840;Dedi Pratama;Internet;Biznet;9863365961;229967;3000;232967;ATM;Gagal
TRX157810;2026-03-19;1000003943;Hadi Wijaya;Air;PDAM;2413109393;433832;2000;435832;ATM;Sukses
TRX157831;2026-03-24;1000001305;Dedi Pratama;Air;PDAM;6607295336;321154;2500;323654;Teller;Gagal
TRX157842;2026-01-17;1000002165;Dedi Pratama;Internet;Biznet;5639361857;224021;2500;226521;ATM;Sukses
TRX157844;2026-03-14;1000000796;Gina Marlina;Air;PDAM;7100874435;176094;3000;179094;Teller;Gagal
TRX157926;2026-03-09;1000000356;Hadi Wijaya;BPJS;BPJS Kesehatan;3771197472;440024;3000;443024;Internet Banking;Sukses
TRX157960;2026-02-20;1000004040;Intan Sari;Listrik;PLN;2631266496;242489;2500;244989;ATM;Gagal
TRX158013;2026-01-22;1000004724;Intan Sari;TV Kabel;Transvision;9635328195;393954;3000;396954;Teller;Sukses
TRX158038;2026-02-24;1000000456;Gina Marlina;Air;PDAM;8961921545;207401;3000;210401;EDC;Sukses
TRX158072;2026-03-22;1000002605;Joko Susilo;Internet;IndiHome;1982401285;225057;2500;227557;Mobile Banking;Sukses
TRX158131;2026-01-10;1000003910;Dedi Pratama;Air;PDAM;9813311135;235454;2500;237954;Mobile Banking;Gagal
TRX158136;2026-03-28;1000003955;Citra Dewi;BPJS;BPJS Kesehatan;4293327106;200007;2500;202507;Teller;Gagal
TRX158143;2026-03-28;1000002415;Joko Susilo;TV Kabel;First Media;5482410657;134852;3000;137852;EDC;Sukses
TRX158155;2026-01-22;1000002811;Joko Susilo;Internet;IndiHome;9474096694;288908;3000;291908;ATM;Sukses
TRX158156;2026-03-20;1000003964;Citra Dewi;Internet;Biznet;5281112409;437966;2000;439966;Teller;Gagal
TRX158191;2026-01-29;1000002308;Intan Sari;Listrik;PLN;6594952675;486339;2000;488339;ATM;Gagal
TRX158297;2026-03-19;1000002966;Budi Santoso;Air;PDAM;5180762863;499889;2500;502389;Mobile Banking;Sukses
TRX158298;2026-02-23;1000002718;Fajar Hidayat;Internet;Biznet;4892801641;436533;2500;439033;Internet Banking;Sukses
TRX158382;2026-01-21;1000002691;Citra Dewi;BPJS;BPJS Kesehatan;7361700466;368875;2500;371375;ATM;Sukses
TRX158398;2026-02-14;1000002570;Gina Marlina;Air;PDAM;3216162229;481226;2000;483226;Teller;Sukses
TRX158413;2026-01-25;1000001470;Budi Santoso;Listrik;PLN;7748482390;450394;3000;453394;EDC;Gagal
TRX158441;2026-01-08;1000000561;Andi Saputra;Internet;Biznet;9362677787;358244;2000;360244;Mobile Banking;Sukses
TRX158462;2026-03-20;1000003618;Citra Dewi;Internet;IndiHome;4365393106;470830;2000;472830;ATM;Gagal
TRX158468;2026-01-19;1000004914;Hadi Wijaya;Internet;IndiHome;6515353627;124028;2500;126528;Mobile Banking;Sukses
TRX158510;2026-03-28;1000001191;Intan Sari;BPJS;BPJS Kesehatan;9745612902;130110;2500;132610;EDC;Sukses
TRX158537;2026-03-04;1000004042;Fajar Hidayat;BPJS;BPJS Kesehatan;2537770609;379919;2000;381919;Teller;Sukses
TRX158701;2026-01-12;1000003736;Citra Dewi;Internet;IndiHome;9590493771;100777;2000;102777;EDC;Gagal
TRX158754;2026-01-16;1000002138;Hadi Wijaya;Internet;IndiHome;9492844816;474355;2000;476355;Teller;Sukses
TRX158842;2026-01-12;1000001497;Intan Sari;BPJS;BPJS Kesehatan;3584982367;258042;2500;260542;Mobile Banking;Sukses
TRX158845;2026-03-05;1000004298;Andi Saputra;Listrik;PLN;5989258590;270762;2000;272762;Mobile Banking;Gagal
TRX158865;2026-01-11;1000000799;Joko Susilo;BPJS;BPJS Kesehatan;1526884286;393707;3000;396707;Mobile Banking;Gagal
TRX158889;2026-03-02;1000003377;Eka Lestari;TV Kabel;First Media;5978560837;171568;2500;174068;ATM;Sukses
TRX158954;2026-03-05;1000002729;Budi Santoso;Listrik;PLN;6653153572;383312;3000;386312;Mobile Banking;Sukses
TRX159055;2026-03-23;1000002109;Intan Sari;Listrik;PLN;8345480939;284206;2500;286706;Mobile Banking;Sukses
TRX159077;2026-02-18;1000001696;Intan Sari;TV Kabel;Transvision;8186070038;441483;2000;443483;EDC;Sukses
TRX159121;2026-01-11;1000001227;Hadi Wijaya;Listrik;PLN;7433438028;382495;2000;384495;Internet Banking;Gagal
TRX159148;2026-03-07;1000000067;Fajar Hidayat;Listrik;PLN;7484479383;227657;2000;229657;EDC;Sukses
TRX159190;2026-02-03;1000002590;Intan Sari;BPJS;BPJS Kesehatan;8851413714;494911;2000;496911;Teller;Gagal
TRX159282;2026-01-14;1000000140;Fajar Hidayat;Internet;Biznet;8442244457;270458;3000;273458;Teller;Sukses
TRX159284;2026-01-10;1000004262;Fajar Hidayat;TV Kabel;First Media;1296689390;447778;2000;449778;EDC;Sukses
TRX159378;2026-01-19;1000001107;Joko Susilo;TV Kabel;First Media;1517033305;450549;2000;452549;ATM;Gagal
TRX159421;2026-02-18;1000000937;Dedi Pratama;BPJS;BPJS Kesehatan;1100212202;375515;2000;377515;Teller;Sukses
TRX159514;2026-03-25;1000000253;Intan Sari;Air;PDAM;3120195170;236686;3000;239686;ATM;Sukses
TRX159518;2026-03-31;1000002933;Andi Saputra;Listrik;PLN;7063472791;186591;2000;188591;ATM;Gagal
TRX159528;2026-03-03;1000000368;Gina Marlina;Internet;IndiHome;2818394992;430662;2500;433162;Mobile Banking;Sukses
TRX159553;2026-01-07;1000003250;Intan Sari;Internet;IndiHome;7961131169;206721;3000;209721;Teller;Sukses
TRX159568;2026-01-04;1000002537;Citra Dewi;Listrik;PLN;4090494352;370051;3000;373051;Mobile Banking;Sukses
TRX159606;2026-03-02;1000003275;Intan Sari;Internet;Biznet;8664478345;465066;2000;467066;EDC;Sukses
TRX159701;2026-01-05;1000000360;Fajar Hidayat;Internet;IndiHome;6744056428;299931;3000;302931;Internet Banking;Gagal
TRX159710;2026-03-28;1000004323;Andi Saputra;Air;PDAM;7749341734;231667;2500;234167;EDC;Sukses
TRX159713;2026-02-03;1000001729;Budi Santoso;BPJS;BPJS Kesehatan;6080215017;282924;2000;284924;Teller;Sukses
TRX159778;2026-02-24;1000003714;Budi Santoso;BPJS;BPJS Kesehatan;7123304824;455231;2000;457231;Mobile Banking;Sukses
TRX159807;2026-03-17;1000004896;Budi Santoso;Internet;IndiHome;3575216813;305420;3000;308420;Teller;Sukses
TRX159912;2026-03-21;1000004833;Citra Dewi;Internet;IndiHome;1830987923;389332;2000;391332;Internet Banking;Sukses
TRX159917;2026-02-01;1000003010;Fajar Hidayat;TV Kabel;Transvision;5587676789;427172;3000;430172;Mobile Banking;Gagal
TRX159950;2026-01-22;1000002531;Gina Marlina;BPJS;BPJS Kesehatan;9635238949;382022;3000;385022;ATM;Sukses
TRX160004;2026-01-26;1000000004;Gina Marlina;Air;PDAM;3007420317;369394;3000;372394;Internet Banking;Gagal
TRX160020;2026-03-11;1000004713;Dedi Pratama;TV Kabel;First Media;4462667934;245870;2500;248370;Internet Banking;Sukses
TRX160032;2026-02-06;1000003106;Eka Lestari;TV Kabel;Transvision;1727464268;313297;2000;315297;Internet Banking;Gagal
TRX160068;2026-01-19;1000000190;Joko Susilo;TV Kabel;First Media;5049968100;80441;3000;83441;Internet Banking;Sukses
TRX160109;2026-03-08;1000000759;Gina Marlina;Listrik;PLN;8550648945;378793;3000;381793;ATM;Gagal
TRX160181;2026-03-01;1000004215;Gina Marlina;Listrik;PLN;5470670972;139877;2500;142377;Internet Banking;Sukses
TRX160203;2026-01-11;1000001496;Citra Dewi;Air;PDAM;6309325434;406230;2000;408230;Teller;Sukses
TRX160284;2026-01-22;1000002431;Hadi Wijaya;Air;PDAM;7079403440;374133;2500;376633;Mobile Banking;Sukses
TRX160324;2026-03-21;1000001851;Eka Lestari;TV Kabel;Transvision;6028535657;217940;3000;220940;ATM;Sukses
TRX160344;2026-01-30;1000004650;Joko Susilo;BPJS;BPJS Kesehatan;3484238841;479374;2500;481874;EDC;Sukses
TRX160388;2026-03-26;1000001867;Citra Dewi;TV Kabel;First Media;5426528599;443696;2000;445696;ATM;Sukses
TRX160414;2026-02-24;1000002970;Hadi Wijaya;TV Kabel;First Media;6824554070;340349;2500;342849;ATM;Sukses
TRX160422;2026-03-25;1000002272;Hadi Wijaya;Internet;Biznet;6151923124;366854;3000;369854;Mobile Banking;Sukses
TRX160426;2026-01-28;1000002781;Andi Saputra;Air;PDAM;5600286625;497133;3000;500133;EDC;Sukses
TRX160485;2026-03-28;1000000426;Intan Sari;Listrik;PLN;2268354368;253684;2000;255684;ATM;Gagal
TRX160708;2026-02-27;1000000038;Eka Lestari;Internet;Biznet;7654848105;368467;3000;371467;Mobile Banking;Gagal
TRX160821;2026-03-01;1000001620;Gina Marlina;Air;PDAM;6993603339;455226;3000;458226;Mobile Banking;Sukses
TRX160823;2026-01-21;1000002004;Joko Susilo;Internet;Biznet;8232116442;464092;3000;467092;EDC;Sukses
TRX160873;2026-01-16;1000004821;Fajar Hidayat;Listrik;PLN;3625806766;96859;2500;99359;EDC;Sukses
TRX160881;2026-02-01;1000001363;Fajar Hidayat;TV Kabel;Transvision;7857144894;215540;2000;217540;EDC;Sukses
TRX160889;2026-02-07;1000001783;Andi Saputra;Internet;Biznet;8572958002;311243;2000;313243;Teller;Sukses
TRX160892;2026-01-13;1000000775;Joko Susilo;Listrik;PLN;9406345484;220429;3000;223429;EDC;Gagal
TRX160921;2026-01-20;1000001221;Gina Marlina;Internet;IndiHome;6078279629;136957;2000;138957;Internet Banking;Gagal
TRX160947;2026-03-17;1000001657;Fajar Hidayat;TV Kabel;Transvision;2293586107;281057;3000;284057;Internet Banking;Gagal
TRX160968;2026-01-13;1000001457;Gina Marlina;TV Kabel;First Media;4161594487;92213;2500;94713;Teller;Gagal
TRX160973;2026-03-17;1000002458;Hadi Wijaya;BPJS;BPJS Kesehatan;7047976118;395183;3000;398183;Internet Banking;Sukses
TRX161010;2026-03-16;1000001963;Eka Lestari;Internet;IndiHome;3729826423;186652;2500;189152;Internet Banking;Gagal
TRX161143;2026-01-10;1000002992;Hadi Wijaya;Air;PDAM;5856132227;231853;3000;234853;Teller;Sukses
TRX161219;2026-02-17;1000000469;Andi Saputra;Listrik;PLN;3476165922;417379;2000;419379;Teller;Gagal
TRX161223;2026-02-19;1000003305;Hadi Wijaya;TV Kabel;First Media;4947614095;161242;3000;164242;EDC;Sukses
TRX161233;2026-02-12;1000000042;Budi Santoso;TV Kabel;First Media;5274184929;222873;3000;225873;Mobile Banking;Sukses
TRX161249;2026-01-02;1000001446;Intan Sari;BPJS;BPJS Kesehatan;2286988281;110208;2000;112208;EDC;Sukses
TRX161294;2026-01-01;1000001051;Eka Lestari;TV Kabel;Transvision;5722584106;354379;2500;356879;ATM;Sukses
TRX161348;2026-03-02;1000000818;Dedi Pratama;Air;PDAM;7076349986;121986;2000;123986;Teller;Sukses
TRX161354;2026-02-18;1000003508;Hadi Wijaya;Listrik;PLN;6771004904;55549;2500;58049;Teller;Gagal
TRX161536;2026-01-11;1000003686;Budi Santoso;BPJS;BPJS Kesehatan;2377219544;462553;2000;464553;Mobile Banking;Sukses
TRX161602;2026-02-26;1000002528;Andi Saputra;Internet;IndiHome;4569830525;141671;3000;144671;EDC;Sukses
TRX161605;2026-03-26;1000002002;Intan Sari;Internet;IndiHome;4343309168;320047;2500;322547;Mobile Banking;Sukses
TRX161624;2026-03-13;1000000085;Dedi Pratama;Internet;IndiHome;9717265956;182191;2000;184191;Teller;Gagal
TRX161639;2026-01-04;1000002300;Andi Saputra;BPJS;BPJS Kesehatan;5582582325;60251;2500;62751;Mobile Banking;Gagal
TRX161663;2026-03-16;1000003043;Citra Dewi;TV Kabel;First Media;9986851793;123381;2000;125381;Mobile Banking;Sukses
TRX161719;2026-03-08;1000001552;Hadi Wijaya;Internet;Biznet;3364581398;440271;2000;442271;Internet Banking;Sukses
TRX161747;2026-01-05;1000003016;Intan Sari;Internet;IndiHome;4341449888;392993;3000;395993;EDC;Sukses
TRX161760;2026-02-21;1000001280;Fajar Hidayat;Listrik;PLN;1786097254;145945;3000;148945;Mobile Banking;Gagal
TRX161769;2026-02-18;1000003237;Joko Susilo;Air;PDAM;8265557411;133177;2000;135177;Mobile Banking;Gagal
TRX161796;2026-03-06;1000003943;Hadi Wijaya;TV Kabel;Transvision;4008000198;283741;3000;286741;Internet Banking;Sukses
TRX161797;2026-03-13;1000001883;Intan Sari;TV Kabel;Transvision;6488944322;427318;3000;430318;ATM;Sukses
TRX161848;2026-03-11;1000003097;Joko Susilo;Listrik;PLN;4369188416;60646;3000;63646;ATM;Sukses
TRX161944;2026-01-20;1000001437;Hadi Wijaya;TV Kabel;Transvision;5722985407;57016;3000;60016;Teller;Sukses
TRX161983;2026-03-04;1000003889;Joko Susilo;TV Kabel;Transvision;5216905093;432324;3000;435324;Teller;Sukses
TRX162016;2026-03-26;1000003461;Eka Lestari;Listrik;PLN;7298237255;140998;2000;142998;Mobile Banking;Sukses
TRX162034;2026-01-12;1000003868;Joko Susilo;Listrik;PLN;7978470265;480096;3000;483096;Teller;Gagal
TRX162056;2026-01-15;1000001151;Hadi Wijaya;Listrik;PLN;7613825148;415065;3000;418065;EDC;Sukses
TRX162145;2026-01-08;1000000427;Hadi Wijaya;Listrik;PLN;1822952167;276361;2000;278361;Teller;Gagal
TRX162208;2026-01-09;1000002798;Eka Lestari;Internet;Biznet;6296654811;444085;2000;446085;ATM;Sukses
TRX162239;2026-03-22;1000002412;Eka Lestari;Air;PDAM;5159391731;237526;3000;240526;ATM;Gagal
TRX162313;2026-03-20;1000004125;Dedi Pratama;Internet;IndiHome;7053058310;131540;2500;134040;EDC;Sukses
TRX162362;2026-03-24;1000000100;Eka Lestari;Air;PDAM;1171720468;415011;2000;417011;Internet Banking;Gagal
TRX162386;2026-01-12;1000000460;Fajar Hidayat;TV Kabel;Transvision;9297740227;258713;3000;261713;ATM;Gagal
TRX162445;2026-03-03;1000000232;Budi Santoso;TV Kabel;First Media;4274708475;400443;3000;403443;Mobile Banking;Sukses
TRX162580;2026-02-21;1000002049;Andi Saputra;TV Kabel;First Media;3764796873;87475;2500;89975;Internet Banking;Gagal
TRX162602;2026-02-13;1000003895;Citra Dewi;Internet;Biznet;6611240712;287248;2500;289748;EDC;Gagal
TRX162642;2026-03-23;1000003300;Hadi Wijaya;Air;PDAM;2684594287;156066;3000;159066;Mobile Banking;Sukses
TRX162654;2026-02-25;1000002232;Budi Santoso;TV Kabel;Transvision;1925757849;393332;2500;395832;Mobile Banking;Sukses
TRX162670;2026-02-12;1000004449;Dedi Pratama;TV Kabel;First Media;1091111080;495084;3000;498084;ATM;Gagal
TRX162765;2026-04-01;1000001554;Joko Susilo;Air;PDAM;6781830618;179275;2500;181775;Mobile Banking;Sukses
TRX162816;2026-02-22;1000003299;Citra Dewi;TV Kabel;First Media;2631126483;475760;2000;477760;ATM;Gagal
TRX162874;2026-02-08;1000004056;Citra Dewi;TV Kabel;First Media;6450968284;111059;2500;113559;Teller;Gagal
TRX162901;2026-03-28;1000001225;Fajar Hidayat;TV Kabel;First Media;6316112160;374189;2500;376689;Mobile Banking;Sukses
TRX162957;2026-02-07;1000001290;Gina Marlina;Air;PDAM;3219059306;101389;2500;103889;Teller;Gagal
TRX163088;2026-02-12;1000002264;Hadi Wijaya;Internet;Biznet;7063634040;207105;3000;210105;ATM;Gagal
TRX163138;2026-01-21;1000003186;Citra Dewi;BPJS;BPJS Kesehatan;1736878802;108003;2000;110003;EDC;Sukses
TRX163153;2026-01-06;1000004266;Joko Susilo;Listrik;PLN;2897489174;395459;2500;397959;ATM;Sukses
TRX163227;2026-02-28;1000003679;Andi Saputra;Listrik;PLN;7625157638;196194;2500;198694;ATM;Gagal
TRX163243;2026-02-06;1000001389;Joko Susilo;Air;PDAM;2806058026;169227;2500;171727;Mobile Banking;Sukses
TRX163249;2026-01-08;1000002287;Andi Saputra;Internet;IndiHome;7626975145;64606;3000;67606;Mobile Banking;Sukses
TRX163297;2026-03-16;1000001994;Joko Susilo;BPJS;BPJS Kesehatan;4670941924;402826;2500;405326;Internet Banking;Sukses
TRX163324;2026-01-07;1000002436;Eka Lestari;TV Kabel;Transvision;2097035275;190432;2500;192932;Teller;Sukses
TRX163347;2026-03-09;1000004765;Citra Dewi;TV Kabel;Transvision;7811966817;98301;2500;100801;EDC;Sukses
TRX163359;2026-02-20;1000000761;Intan Sari;Internet;IndiHome;8399169878;197246;3000;200246;EDC;Sukses
TRX163424;2026-02-03;1000003796;Eka Lestari;BPJS;BPJS Kesehatan;8109336860;146760;2500;149260;Teller;Sukses
TRX163558;2026-01-04;1000004497;Andi Saputra;TV Kabel;First Media;6801872232;364616;2000;366616;EDC;Sukses
TRX163560;2026-03-15;1000001561;Dedi Pratama;Listrik;PLN;8005800963;328390;2500;330890;Internet Banking;Sukses
TRX163650;2026-01-27;1000004021;Hadi Wijaya;Listrik;PLN;7453197212;368659;2000;370659;Mobile Banking;Gagal
TRX163658;2026-01-15;1000000808;Citra Dewi;TV Kabel;First Media;6186268389;360492;2500;362992;Mobile Banking;Gagal
TRX163662;2026-01-20;1000004085;Intan Sari;TV Kabel;Transvision;7893849520;366551;2000;368551;Mobile Banking;Sukses
TRX163692;2026-03-24;1000001912;Joko Susilo;Listrik;PLN;8207546905;228737;3000;231737;Mobile Banking;Gagal
TRX163704;2026-01-07;1000003783;Dedi Pratama;Listrik;PLN;1203764596;67452;2500;69952;Teller;Sukses
TRX163810;2026-03-23;1000002644;Eka Lestari;Listrik;PLN;7239693819;355956;2500;358456;Teller;Sukses
TRX163830;2026-01-07;1000001510;Hadi Wijaya;Internet;Biznet;4876585112;399892;2500;402392;Internet Banking;Sukses
TRX163838;2026-02-12;1000003500;Fajar Hidayat;TV Kabel;First Media;2708665397;213582;2500;216082;EDC;Sukses
TRX163841;2026-03-19;1000003933;Gina Marlina;Air;PDAM;1155987658;446591;2500;449091;Mobile Banking;Gagal
TRX163851;2026-02-20;1000003412;Eka Lestari;Internet;Biznet;1818166476;335478;3000;338478;Mobile Banking;Sukses
TRX163894;2026-01-30;1000001579;Intan Sari;BPJS;BPJS Kesehatan;5380461127;411644;2500;414144;EDC;Gagal
TRX163929;2026-02-16;1000002796;Joko Susilo;Internet;IndiHome;5722319516;490127;2000;492127;Teller;Gagal
TRX163963;2026-01-26;1000003358;Eka Lestari;BPJS;BPJS Kesehatan;4010844127;371773;3000;374773;Teller;Gagal
TRX163991;2026-03-12;1000003867;Andi Saputra;TV Kabel;Transvision;3605785116;285323;2500;287823;EDC;Gagal
TRX163995;2026-03-18;1000002958;Eka Lestari;TV Kabel;First Media;9528440910;70490;2000;72490;ATM;Gagal
TRX164016;2026-01-26;1000001081;Joko Susilo;TV Kabel;First Media;1139952302;401637;2000;403637;EDC;Gagal
TRX164026;2026-02-18;1000002451;Gina Marlina;Internet;Biznet;1258750760;302978;2000;304978;ATM;Sukses
TRX164047;2026-03-26;1000003431;Andi Saputra;Air;PDAM;5223217627;63389;3000;66389;Internet Banking;Sukses
TRX164180;2026-03-19;1000003112;Budi Santoso;Air;PDAM;7737967396;134114;2500;136614;Internet Banking;Gagal
TRX164230;2026-01-05;1000004418;Budi Santoso;TV Kabel;First Media;6944320276;72286;3000;75286;Mobile Banking;Gagal
TRX164270;2026-03-07;1000002814;Hadi Wijaya;Internet;Biznet;8558923684;283966;2500;286466;EDC;Sukses
TRX164274;2026-01-24;1000001017;Citra Dewi;Internet;Biznet;2152024135;119068;2000;121068;Teller;Sukses
TRX164284;2026-01-15;1000002857;Gina Marlina;Internet;IndiHome;7357034902;362459;3000;365459;ATM;Sukses
TRX164289;2026-02-23;1000001684;Dedi Pratama;BPJS;BPJS Kesehatan;6529413406;86062;2000;88062;Mobile Banking;Gagal
TRX164326;2026-02-09;1000000852;Hadi Wijaya;TV Kabel;Transvision;6910096981;137169;2500;139669;Mobile Banking;Sukses
TRX164350;2026-03-25;1000001584;Hadi Wijaya;Internet;Biznet;4190050969;461968;2000;463968;Internet Banking;Gagal
TRX164488;2026-02-01;1000003536;Intan Sari;BPJS;BPJS Kesehatan;3468488716;163578;2500;166078;EDC;Sukses
TRX164541;2026-02-14;1000001576;Eka Lestari;TV Kabel;First Media;2545201715;291078;2500;293578;Teller;Gagal
TRX164577;2026-02-28;1000001837;Fajar Hidayat;TV Kabel;Transvision;4945058030;481673;2000;483673;Mobile Banking;Sukses
TRX164590;2026-01-25;1000001727;Budi Santoso;TV Kabel;First Media;5349917661;278526;2000;280526;Mobile Banking;Sukses
TRX164685;2026-01-17;1000001878;Budi Santoso;Listrik;PLN;5590805332;130911;2500;133411;Mobile Banking;Gagal
TRX164692;2026-02-22;1000003665;Hadi Wijaya;Internet;IndiHome;7256911005;352767;2000;354767;Teller;Sukses
TRX164707;2026-03-23;1000004908;Budi Santoso;TV Kabel;Transvision;1078247016;198473;3000;201473;ATM;Gagal
TRX164775;2026-03-17;1000000095;Budi Santoso;Listrik;PLN;8071348568;90592;2000;92592;EDC;Gagal
TRX164777;2026-01-27;1000000812;Hadi Wijaya;BPJS;BPJS Kesehatan;9016008217;286839;2500;289339;Mobile Banking;Gagal
TRX164825;2026-03-09;1000003438;Budi Santoso;Listrik;PLN;7734021033;67292;2000;69292;Internet Banking;Gagal
TRX164852;2026-03-27;1000004580;Andi Saputra;TV Kabel;Transvision;1660604121;83252;3000;86252;EDC;Gagal
TRX164905;2026-03-09;1000001369;Joko Susilo;TV Kabel;Transvision;9867142120;441324;2000;443324;Internet Banking;Sukses
TRX164943;2026-01-17;1000004814;Hadi Wijaya;Listrik;PLN;3456455547;211239;2500;213739;ATM;Sukses
TRX164959;2026-02-18;1000001138;Citra Dewi;TV Kabel;First Media;3986337823;261012;3000;264012;ATM;Sukses
TRX164965;2026-01-28;1000001099;Hadi Wijaya;TV Kabel;Transvision;8186778544;374809;2000;376809;Mobile Banking;Sukses
TRX164996;2026-02-19;1000003340;Budi Santoso;BPJS;BPJS Kesehatan;4093184599;392291;3000;395291;Teller;Sukses
TRX165017;2026-01-20;1000001758;Andi Saputra;Air;PDAM;9339934473;231021;2000;233021;EDC;Sukses
TRX165060;2026-03-14;1000003571;Gina Marlina;BPJS;BPJS Kesehatan;5780270179;449700;3000;452700;Mobile Banking;Sukses
TRX165119;2026-03-25;1000003289;Dedi Pratama;Internet;Biznet;8339480080;74525;2000;76525;Mobile Banking;Gagal
TRX165120;2026-01-07;1000004807;Fajar Hidayat;TV Kabel;First Media;7809767491;211719;3000;214719;Mobile Banking;Sukses
TRX165149;2026-03-01;1000003559;Fajar Hidayat;TV Kabel;Transvision;6903992987;283531;2000;285531;Mobile Banking;Sukses
TRX165161;2026-02-15;1000001225;Fajar Hidayat;Listrik;PLN;3528434206;391092;2000;393092;Teller;Gagal
TRX165177;2026-02-27;1000002064;Hadi Wijaya;Internet;Biznet;3187432526;163795;3000;166795;Internet Banking;Sukses
TRX165208;2026-01-31;1000001705;Dedi Pratama;TV Kabel;Transvision;8929532126;65493;3000;68493;Mobile Banking;Gagal
TRX165226;2026-03-20;1000002284;Dedi Pratama;Listrik;PLN;1050300712;148836;2500;151336;ATM;Sukses
TRX165254;2026-01-08;1000004574;Budi Santoso;TV Kabel;First Media;5028298774;172949;2000;174949;EDC;Sukses
TRX165258;2026-02-27;1000000716;Andi Saputra;TV Kabel;Transvision;5401269289;234473;2000;236473;ATM;Sukses
TRX165327;2026-02-28;1000002831;Hadi Wijaya;Internet;IndiHome;1777094470;283657;3000;286657;EDC;Sukses
TRX165339;2026-01-19;1000003682;Intan Sari;TV Kabel;First Media;7203336374;245962;3000;248962;ATM;Sukses
TRX165401;2026-01-07;1000000209;Fajar Hidayat;TV Kabel;First Media;8340483999;79630;2000;81630;EDC;Sukses
TRX165430;2026-02-16;1000000156;Hadi Wijaya;BPJS;BPJS Kesehatan;5929457372;458623;2500;461123;Teller;Sukses
TRX165491;2026-03-06;1000001386;Joko Susilo;Air;PDAM;2560548048;173919;2500;176419;Internet Banking;Gagal
TRX165500;2026-02-03;1000002291;Hadi Wijaya;BPJS;BPJS Kesehatan;8859264066;458381;2500;460881;EDC;Sukses
TRX165546;2026-01-13;1000000964;Citra Dewi;Listrik;PLN;5269701162;185842;2000;187842;Internet Banking;Sukses
TRX165563;2026-03-18;1000004888;Budi Santoso;TV Kabel;First Media;9000023735;147984;2000;149984;Internet Banking;Sukses
TRX165581;2026-03-13;1000003081;Citra Dewi;BPJS;BPJS Kesehatan;4900989533;141641;2000;143641;Mobile Banking;Gagal
TRX165605;2026-02-15;1000001750;Hadi Wijaya;Air;PDAM;8007241005;203222;3000;206222;EDC;Gagal
TRX165607;2026-03-12;1000003911;Budi Santoso;BPJS;BPJS Kesehatan;9862051865;115018;2000;117018;EDC;Sukses
TRX165658;2026-02-25;1000003996;Dedi Pratama;TV Kabel;First Media;6155651036;324943;2500;327443;EDC;Gagal
TRX165661;2026-03-21;1000002368;Budi Santoso;TV Kabel;First Media;5463902676;120081;2000;122081;Mobile Banking;Sukses
TRX165746;2026-02-25;1000001229;Hadi Wijaya;Air;PDAM;9205856509;399349;2500;401849;EDC;Sukses
TRX165857;2026-03-22;1000000078;Fajar Hidayat;BPJS;BPJS Kesehatan;2300182716;135062;3000;138062;EDC;Sukses
TRX165922;2026-02-04;1000000514;Joko Susilo;Listrik;PLN;4826248024;61231;2000;63231;ATM;Sukses
TRX165960;2026-02-07;1000002129;Andi Saputra;BPJS;BPJS Kesehatan;4622222645;366147;2500;368647;Internet Banking;Sukses
TRX166032;2026-02-08;1000001508;Eka Lestari;BPJS;BPJS Kesehatan;5517297166;109610;2500;112110;ATM;Gagal
TRX166037;2026-02-07;1000001234;Andi Saputra;Internet;IndiHome;4334561168;119296;2000;121296;EDC;Gagal
TRX166038;2026-02-17;1000002355;Eka Lestari;TV Kabel;Transvision;5644463491;226974;2500;229474;EDC;Gagal
TRX166159;2026-02-16;1000004846;Andi Saputra;Internet;IndiHome;4288559341;231984;2000;233984;Teller;Sukses
TRX166172;2026-01-15;1000000398;Citra Dewi;TV Kabel;Transvision;7308877757;56933;2000;58933;Teller;Sukses
TRX166187;2026-03-16;1000004773;Joko Susilo;Internet;Biznet;9828406142;467226;3000;470226;ATM;Gagal
TRX166203;2026-03-10;1000003762;Fajar Hidayat;TV Kabel;Transvision;2063346762;91955;2000;93955;EDC;Sukses
TRX166226;2026-02-20;1000003915;Joko Susilo;Internet;IndiHome;4769135663;284771;3000;287771;EDC;Gagal
TRX166247;2026-02-17;1000000214;Citra Dewi;Internet;IndiHome;6875945047;470984;3000;473984;Teller;Gagal
TRX166254;2026-01-29;1000001592;Dedi Pratama;TV Kabel;Transvision;1171884879;246816;2500;249316;Teller;Sukses
TRX166292;2026-03-10;1000004590;Dedi Pratama;TV Kabel;First Media;8783587283;406633;2000;408633;Mobile Banking;Gagal
TRX166314;2026-02-09;1000002994;Citra Dewi;Internet;IndiHome;9989525625;224278;2500;226778;Teller;Sukses
TRX166324;2026-03-26;1000000401;Gina Marlina;TV Kabel;First Media;5379555328;106438;3000;109438;Internet Banking;Gagal
TRX166357;2026-02-17;1000004327;Budi Santoso;TV Kabel;Transvision;8317434187;445652;2000;447652;Mobile Banking;Gagal
TRX166373;2026-03-14;1000000669;Intan Sari;Internet;Biznet;6294620140;211925;2000;213925;Internet Banking;Gagal
TRX166385;2026-02-10;1000004488;Intan Sari;Listrik;PLN;7385515605;128263;3000;131263;Teller;Sukses
TRX166390;2026-01-29;1000004574;Budi Santoso;Internet;IndiHome;4816255779;365078;2500;367578;Internet Banking;Sukses
TRX166468;2026-02-26;1000003684;Dedi Pratama;Air;PDAM;3758980145;386110;2500;388610;Teller;Sukses
TRX166493;2026-02-11;1000001518;Fajar Hidayat;Internet;Biznet;2255938992;115927;2000;117927;Internet Banking;Gagal
TRX166496;2026-01-03;1000002177;Fajar Hidayat;Internet;IndiHome;4168866847;145346;3000;148346;Mobile Banking;Sukses
TRX166512;2026-01-02;1000004070;Eka Lestari;Listrik;PLN;6000223305;333928;2500;336428;Mobile Banking;Gagal
TRX166525;2026-02-21;1000004515;Budi Santoso;TV Kabel;First Media;4557370067;246539;2000;248539;EDC;Gagal
TRX166535;2026-03-29;1000003636;Dedi Pratama;TV Kabel;First Media;4192279535;227230;2000;229230;Mobile Banking;Sukses
TRX166583;2026-03-19;1000004362;Dedi Pratama;TV Kabel;Transvision;4747233084;242316;3000;245316;Internet Banking;Sukses
TRX166645;2026-02-19;1000002781;Andi Saputra;BPJS;BPJS Kesehatan;8139466951;260768;2500;263268;Teller;Sukses
TRX166713;2026-02-05;1000002903;Gina Marlina;Air;PDAM;2249622437;360597;3000;363597;ATM;Gagal
TRX166715;2026-03-10;1000002956;Hadi Wijaya;Internet;IndiHome;8071854784;436047;2000;438047;ATM;Sukses
TRX166758;2026-02-07;1000000914;Intan Sari;TV Kabel;First Media;4622683301;79786;2000;81786;EDC;Sukses
TRX166771;2026-03-03;1000000665;Eka Lestari;Internet;Biznet;7620985215;183202;3000;186202;EDC;Gagal
TRX166788;2026-03-02;1000001647;Fajar Hidayat;Internet;Biznet;9605228796;242192;2000;244192;Teller;Gagal
TRX166881;2026-03-28;1000001921;Fajar Hidayat;TV Kabel;Transvision;3475635228;248621;2500;251121;Teller;Sukses
TRX166907;2026-02-11;1000001525;Andi Saputra;TV Kabel;First Media;1690076717;383691;3000;386691;EDC;Sukses
TRX166908;2026-02-08;1000004647;Citra Dewi;Internet;Biznet;6253227008;437694;2000;439694;Mobile Banking;Sukses
TRX166976;2026-03-30;1000004203;Budi Santoso;BPJS;BPJS Kesehatan;4676180629;306079;3000;309079;Teller;Gagal
TRX167001;2026-02-06;1000000053;Fajar Hidayat;BPJS;BPJS Kesehatan;4618176389;214874;2500;217374;Internet Banking;Sukses
TRX167010;2026-02-09;1000003816;Hadi Wijaya;Air;PDAM;9064196371;92797;2000;94797;EDC;Sukses
TRX167030;2026-01-21;1000001974;Dedi Pratama;TV Kabel;Transvision;7398627770;303955;2500;306455;ATM;Sukses
TRX167050;2026-03-14;1000004546;Joko Susilo;Listrik;PLN;2743578229;431609;2500;434109;Internet Banking;Sukses
TRX167137;2026-02-26;1000002605;Joko Susilo;Internet;IndiHome;1589318423;407580;2500;410080;ATM;Sukses
TRX167195;2026-02-11;1000000726;Budi Santoso;TV Kabel;First Media;5217983330;457490;2000;459490;Internet Banking;Sukses
TRX167318;2026-02-28;1000000510;Budi Santoso;BPJS;BPJS Kesehatan;7674427599;362704;2500;365204;Mobile Banking;Sukses
TRX167364;2026-03-04;1000004376;Dedi Pratama;Internet;IndiHome;6051083184;199309;2000;201309;ATM;Gagal
TRX167383;2026-01-14;1000002865;Intan Sari;TV Kabel;Transvision;1674050968;285991;2500;288491;Mobile Banking;Gagal
TRX167482;2026-03-16;1000004472;Budi Santoso;Internet;IndiHome;6854452394;482555;2500;485055;ATM;Sukses
TRX167503;2026-02-20;1000000374;Joko Susilo;Internet;Biznet;4233896262;450224;2000;452224;ATM;Gagal
TRX167515;2026-01-27;1000003998;Eka Lestari;TV Kabel;Transvision;7746181130;64049;2500;66549;ATM;Gagal
TRX167564;2026-01-09;1000000442;Intan Sari;TV Kabel;First Media;3718924495;471677;2500;474177;Teller;Gagal
TRX167581;2026-02-24;1000003535;Gina Marlina;Listrik;PLN;1428497223;259792;2500;262292;EDC;Sukses
TRX167650;2026-01-06;1000001616;Andi Saputra;TV Kabel;Transvision;7373841293;258289;2000;260289;Teller;Sukses
TRX167749;2026-02-03;1000003956;Citra Dewi;TV Kabel;Transvision;4269897755;276616;3000;279616;Teller;Sukses
TRX167757;2026-01-30;1000004793;Hadi Wijaya;TV Kabel;First Media;8506475075;168263;2000;170263;Internet Banking;Gagal
TRX167765;2026-01-16;1000000949;Andi Saputra;Internet;IndiHome;4141754834;278921;2000;280921;ATM;Gagal
TRX167828;2026-03-25;1000002730;Intan Sari;Air;PDAM;2618527820;294650;2500;297150;Internet Banking;Sukses
TRX167840;2026-01-17;1000004150;Hadi Wijaya;Air;PDAM;4618184548;198557;2500;201057;EDC;Sukses
TRX167875;2026-02-04;1000003916;Dedi Pratama;Air;PDAM;4290682607;331657;2000;333657;Internet Banking;Sukses
TRX167916;2026-01-09;1000001413;Hadi Wijaya;Internet;Biznet;7826577551;432605;2000;434605;Teller;Sukses
TRX167934;2026-02-20;1000000796;Gina Marlina;Listrik;PLN;7236730037;416325;3000;419325;Mobile Banking;Sukses
TRX167946;2026-02-20;1000003377;Eka Lestari;BPJS;BPJS Kesehatan;5357309223;147345;2500;149845;ATM;Sukses
TRX168102;2026-01-21;1000004356;Intan Sari;BPJS;BPJS Kesehatan;5712215794;163028;2000;165028;ATM;Gagal
TRX168156;2026-02-04;1000000621;Intan Sari;TV Kabel;First Media;1073184158;300378;3000;303378;EDC;Sukses
TRX168246;2026-03-15;1000000073;Hadi Wijaya;Listrik;PLN;4065325317;422739;3000;425739;EDC;Sukses
TRX168259;2026-02-13;1000003038;Eka Lestari;Listrik;PLN;7796452752;243132;2500;245632;Internet Banking;Sukses
TRX168320;2026-02-23;1000001993;Hadi Wijaya;TV Kabel;Transvision;3873001022;475119;2500;477619;Mobile Banking;Sukses
TRX168331;2026-01-05;1000000746;Eka Lestari;Internet;IndiHome;6755233738;436305;2500;438805;Teller;Sukses
TRX168332;2026-02-25;1000000464;Citra Dewi;BPJS;BPJS Kesehatan;1269149986;235006;2500;237506;Teller;Sukses
TRX168381;2026-02-19;1000004627;Dedi Pratama;Internet;IndiHome;2173084617;150597;3000;153597;Mobile Banking;Sukses
TRX168413;2026-03-31;1000001982;Citra Dewi;Listrik;PLN;9768147052;220292;3000;223292;EDC;Gagal
TRX168476;2026-01-09;1000001281;Eka Lestari;TV Kabel;First Media;8539328773;175800;3000;178800;Mobile Banking;Gagal
TRX168490;2026-03-23;1000002555;Dedi Pratama;TV Kabel;Transvision;1223707156;149554;2000;151554;Mobile Banking;Sukses
TRX168648;2026-03-08;1000003724;Dedi Pratama;Listrik;PLN;9976075121;65901;2500;68401;Teller;Sukses
TRX168696;2026-03-02;1000000431;Joko Susilo;Air;PDAM;8038043892;298825;2500;301325;Internet Banking;Sukses
TRX168717;2026-01-27;1000004206;Dedi Pratama;TV Kabel;Transvision;7003643333;196824;2500;199324;Teller;Gagal
TRX168808;2026-03-17;1000000977;Hadi Wijaya;Internet;Biznet;7525620378;135344;2500;137844;ATM;Gagal
TRX168813;2026-03-21;1000003714;Budi Santoso;Listrik;PLN;1347204234;66811;3000;69811;ATM;Sukses
TRX168859;2026-03-28;1000000032;Citra Dewi;TV Kabel;Transvision;5991340488;414615;2000;416615;EDC;Sukses
TRX168871;2026-01-12;1000000416;Hadi Wijaya;Listrik;PLN;8275682356;473865;2500;476365;ATM;Sukses
TRX168937;2026-02-19;1000002541;Gina Marlina;BPJS;BPJS Kesehatan;2656014492;392337;2000;394337;ATM;Gagal
TRX168979;2026-03-01;1000004435;Hadi Wijaya;Listrik;PLN;2939836701;129148;2000;131148;Mobile Banking;Gagal
TRX168983;2026-01-17;1000001807;Gina Marlina;Air;PDAM;8709871459;166376;3000;169376;Internet Banking;Sukses
TRX169019;2026-03-20;1000002650;Joko Susilo;BPJS;BPJS Kesehatan;2207228774;266125;2500;268625;ATM;Gagal
TRX169071;2026-03-19;1000002885;Budi Santoso;BPJS;BPJS Kesehatan;1914797494;357924;2000;359924;EDC;Sukses
TRX169125;2026-01-18;1000001756;Andi Saputra;TV Kabel;First Media;2014197199;180310;2000;182310;EDC;Gagal
TRX169130;2026-03-09;1000003311;Budi Santoso;TV Kabel;Transvision;9529022235;227509;2500;230009;Mobile Banking;Sukses
TRX169151;2026-03-15;1000001577;Gina Marlina;Internet;IndiHome;7836837413;201533;2500;204033;Mobile Banking;Sukses
TRX169285;2026-01-01;1000000283;Joko Susilo;TV Kabel;First Media;7633798815;444931;2000;446931;Teller;Sukses
TRX169348;2026-02-23;1000004259;Eka Lestari;Listrik;PLN;7565718637;409795;2000;411795;ATM;Sukses
TRX169467;2026-02-20;1000004681;Budi Santoso;Listrik;PLN;3262369805;131702;3000;134702;Mobile Banking;Gagal
TRX169513;2026-01-04;1000001049;Hadi Wijaya;Air;PDAM;7575354011;431896;3000;434896;Teller;Sukses
TRX169526;2026-02-08;1000000238;Citra Dewi;Air;PDAM;9345125977;462091;2500;464591;ATM;Gagal
TRX169595;2026-02-09;1000000230;Hadi Wijaya;TV Kabel;Transvision;3119724643;428981;2000;430981;Internet Banking;Sukses
TRX169663;2026-01-05;1000001993;Hadi Wijaya;BPJS;BPJS Kesehatan;9867126224;201102;2500;203602;ATM;Gagal
TRX169778;2026-01-27;1000000467;Budi Santoso;Listrik;PLN;1081658181;210276;3000;213276;Mobile Banking;Gagal
TRX169836;2026-02-13;1000004136;Hadi Wijaya;Internet;Biznet;2163351778;498833;2000;500833;EDC;Gagal
TRX169879;2026-02-12;1000003253;Gina Marlina;TV Kabel;First Media;5715086381;283474;2500;285974;EDC;Gagal
TRX169930;2026-03-07;1000000900;Fajar Hidayat;TV Kabel;First Media;7417744236;161999;2000;163999;Mobile Banking;Sukses
TRX169936;2026-02-28;1000002871;Fajar Hidayat;BPJS;BPJS Kesehatan;9239541150;173730;2000;175730;Mobile Banking;Sukses
TRX169939;2026-01-05;1000004608;Hadi Wijaya;Internet;IndiHome;5126756197;164660;2000;166660;EDC;Sukses
TRX169941;2026-01-21;1000000617;Fajar Hidayat;BPJS;BPJS Kesehatan;8738302515;433544;3000;436544;Internet Banking;Sukses
TRX169962;2026-04-01;1000001457;Gina Marlina;Listrik;PLN;5215940842;463933;3000;466933;Internet Banking;Gagal
TRX170073;2026-01-06;1000001655;Fajar Hidayat;Air;PDAM;3183702408;133019;2000;135019;Teller;Sukses
TRX170100;2026-02-21;1000003997;Dedi Pratama;Listrik;PLN;6812218802;61743;3000;64743;Internet Banking;Sukses
TRX170109;2026-01-10;1000000979;Fajar Hidayat;Listrik;PLN;2920853928;430973;3000;433973;EDC;Sukses
TRX170122;2026-03-08;1000001724;Joko Susilo;Internet;IndiHome;8877144442;302432;3000;305432;Mobile Banking;Sukses
TRX170240;2026-01-16;1000004626;Gina Marlina;Internet;IndiHome;2683587308;480928;2000;482928;EDC;Sukses
TRX170243;2026-02-15;1000001622;Hadi Wijaya;Internet;IndiHome;2773702351;480599;2000;482599;ATM;Sukses
TRX170248;2026-03-26;1000000766;Gina Marlina;TV Kabel;Transvision;7811411096;198715;2500;201215;Teller;Sukses
TRX170268;2026-03-01;1000003476;Fajar Hidayat;Internet;IndiHome;8795388449;114732;2500;117232;Teller;Gagal
TRX170271;2026-01-06;1000004162;Fajar Hidayat;BPJS;BPJS Kesehatan;7769776741;133952;3000;136952;Internet Banking;Gagal
TRX170290;2026-03-13;1000003132;Eka Lestari;Air;PDAM;3680214071;84238;3000;87238;Mobile Banking;Sukses
TRX170347;2026-01-19;1000002338;Joko Susilo;BPJS;BPJS Kesehatan;6019886048;120085;3000;123085;Internet Banking;Sukses
TRX170369;2026-01-03;1000004501;Citra Dewi;Internet;Biznet;1935417266;221202;2500;223702;Teller;Sukses
TRX170386;2026-03-01;1000001277;Budi Santoso;Internet;IndiHome;6716013113;264703;2500;267203;ATM;Gagal
TRX170400;2026-01-17;1000002233;Joko Susilo;Listrik;PLN;2291878672;209625;3000;212625;ATM;Sukses
TRX170409;2026-01-01;1000000745;Joko Susilo;Listrik;PLN;4437514660;372217;2500;374717;Teller;Sukses
TRX170444;2026-02-08;1000000688;Intan Sari;Listrik;PLN;2505104596;157883;2000;159883;Internet Banking;Sukses
TRX170483;2026-03-08;1000000851;Hadi Wijaya;Internet;Biznet;1064180170;140250;2000;142250;Mobile Banking;Sukses
TRX170528;2026-03-29;1000002568;Hadi Wijaya;Air;PDAM;9634260895;57890;2500;60390;Teller;Sukses
TRX170548;2026-01-28;1000001087;Budi Santoso;Internet;IndiHome;7540191234;105613;2500;108113;ATM;Sukses
TRX170587;2026-02-26;1000004465;Intan Sari;Listrik;PLN;1679579616;456281;3000;459281;EDC;Gagal
TRX170637;2026-01-10;1000003983;Budi Santoso;BPJS;BPJS Kesehatan;7829094298;160498;3000;163498;Teller;Sukses
TRX170689;2026-03-04;1000004752;Joko Susilo;Internet;Biznet;8384105099;99597;2000;101597;Internet Banking;Sukses
TRX170695;2026-01-01;1000000416;Hadi Wijaya;TV Kabel;First Media;9591082991;177049;2500;179549;EDC;Sukses
TRX170742;2026-01-02;1000001571;Andi Saputra;Internet;Biznet;4374384003;101784;3000;104784;Mobile Banking;Sukses
TRX170813;2026-02-01;1000002693;Citra Dewi;Internet;Biznet;4838263129;364780;2500;367280;EDC;Gagal
TRX170824;2026-01-24;1000001253;Eka Lestari;BPJS;BPJS Kesehatan;9222036768;383104;2000;385104;Mobile Banking;Sukses
TRX170983;2026-01-12;1000004099;Andi Saputra;Air;PDAM;3916587646;199111;3000;202111;Internet Banking;Sukses
TRX170984;2026-01-12;1000002841;Intan Sari;Listrik;PLN;7424977861;340769;2500;343269;Internet Banking;Sukses
TRX170994;2026-02-15;1000001413;Hadi Wijaya;Internet;Biznet;1893688876;296633;3000;299633;EDC;Gagal
TRX171032;2026-02-25;1000001765;Dedi Pratama;Listrik;PLN;3520660083;74537;2000;76537;EDC;Sukses
TRX171058;2026-02-13;1000001584;Hadi Wijaya;BPJS;BPJS Kesehatan;4202821965;167151;2000;169151;ATM;Sukses
TRX171063;2026-02-02;1000000608;Budi Santoso;Internet;IndiHome;2079116057;253944;2000;255944;ATM;Gagal
TRX171074;2026-02-07;1000004610;Citra Dewi;Internet;Biznet;3192795459;158862;2500;161362;Internet Banking;Gagal
TRX171084;2026-01-06;1000001851;Eka Lestari;TV Kabel;Transvision;8430796178;368068;2000;370068;EDC;Sukses
TRX171090;2026-03-03;1000003110;Joko Susilo;TV Kabel;First Media;4670715060;161387;2500;163887;ATM;Sukses
TRX171114;2026-02-21;1000000882;Hadi Wijaya;BPJS;BPJS Kesehatan;9108997290;173598;2500;176098;Teller;Gagal
TRX171147;2026-03-21;1000000263;Intan Sari;TV Kabel;First Media;9163270099;353907;2500;356407;Mobile Banking;Sukses
TRX171163;2026-03-13;1000004800;Intan Sari;BPJS;BPJS Kesehatan;2703991198;475160;2500;477660;Teller;Gagal
TRX171164;2026-01-06;1000002984;Andi Saputra;Listrik;PLN;2509055234;230815;2000;232815;Teller;Sukses
TRX171196;2026-01-21;1000003326;Budi Santoso;Listrik;PLN;5144391815;385195;2000;387195;Internet Banking;Sukses
TRX171205;2026-02-16;1000001096;Joko Susilo;BPJS;BPJS Kesehatan;1719712270;75957;2500;78457;Teller;Gagal
TRX171252;2026-03-12;1000002170;Fajar Hidayat;Listrik;PLN;7824393935;392883;3000;395883;Mobile Banking;Sukses
TRX171311;2026-03-16;1000001840;Eka Lestari;Listrik;PLN;6581669794;384657;2000;386657;ATM;Gagal
TRX171365;2026-01-10;1000001917;Eka Lestari;Listrik;PLN;3931112758;281770;2500;284270;EDC;Gagal
TRX171403;2026-01-02;1000004749;Fajar Hidayat;Internet;IndiHome;9042141283;307562;2000;309562;Mobile Banking;Gagal
TRX171446;2026-01-02;1000001336;Gina Marlina;Air;PDAM;8402546765;374982;2000;376982;ATM;Sukses
TRX171466;2026-02-28;1000004379;Budi Santoso;Listrik;PLN;5456828482;480611;2500;483111;Internet Banking;Sukses
TRX171526;2026-02-11;1000001793;Joko Susilo;Internet;IndiHome;1857376532;348994;2000;350994;EDC;Gagal
TRX171547;2026-02-26;1000003414;Fajar Hidayat;Air;PDAM;4105678782;239454;2500;241954;Teller;Gagal
TRX171589;2026-03-21;1000002452;Andi Saputra;TV Kabel;Transvision;3802402445;89479;2000;91479;Teller;Sukses
TRX171634;2026-01-15;1000001358;Joko Susilo;Listrik;PLN;4907340573;469836;3000;472836;EDC;Sukses
TRX171635;2026-01-13;1000003617;Gina Marlina;Internet;Biznet;7554226616;61589;3000;64589;ATM;Sukses
TRX171679;2026-03-07;1000003785;Citra Dewi;BPJS;BPJS Kesehatan;4061130913;241353;2500;243853;Internet Banking;Sukses
TRX171753;2026-03-17;1000000926;Fajar Hidayat;Internet;Biznet;9153940038;243765;3000;246765;ATM;Sukses
TRX171771;2026-01-26;1000001590;Joko Susilo;TV Kabel;Transvision;9348911405;475773;3000;478773;Mobile Banking;Gagal
TRX171792;2026-02-23;1000000275;Intan Sari;Internet;Biznet;8998996455;428346;3000;431346;Mobile Banking;Gagal
TRX171847;2026-03-21;1000003802;Budi Santoso;TV Kabel;First Media;7320408463;207627;2000;209627;ATM;Gagal
TRX171859;2026-01-31;1000000616;Dedi Pratama;Internet;Biznet;7406520611;423917;3000;426917;EDC;Gagal
TRX171860;2026-01-10;1000000627;Andi Saputra;Listrik;PLN;1877956907;337608;3000;340608;Teller;Sukses
TRX171866;2026-03-06;1000004815;Hadi Wijaya;TV Kabel;First Media;9800514133;298248;3000;301248;Mobile Banking;Sukses
TRX171879;2026-03-17;1000003176;Joko Susilo;Internet;Biznet;2859959602;133627;2500;136127;Internet Banking;Sukses
TRX171910;2026-03-13;1000004419;Citra Dewi;BPJS;BPJS Kesehatan;9746064689;192459;2500;194959;EDC;Sukses
TRX171914;2026-03-31;1000002602;Joko Susilo;Internet;IndiHome;3059914176;245615;2500;248115;Internet Banking;Gagal
TRX171925;2026-02-09;1000003221;Dedi Pratama;TV Kabel;Transvision;1150723117;432057;2000;434057;ATM;Sukses
TRX172058;2026-03-08;1000003388;Fajar Hidayat;Listrik;PLN;5340885715;359292;3000;362292;ATM;Gagal
TRX172064;2026-02-04;1000004243;Budi Santoso;Internet;IndiHome;5893241534;456324;3000;459324;Mobile Banking;Sukses
TRX172065;2026-03-30;1000001435;Fajar Hidayat;TV Kabel;First Media;1676831233;472127;2500;474627;Teller;Sukses
TRX172100;2026-02-06;1000004402;Gina Marlina;Listrik;PLN;4550446925;436295;3000;439295;ATM;Gagal
TRX172118;2026-02-12;1000004529;Andi Saputra;Internet;Biznet;7970529874;208007;2500;210507;ATM;Gagal
TRX172162;2026-01-31;1000001973;Andi Saputra;Listrik;PLN;7734836395;50305;2500;52805;EDC;Sukses
TRX172195;2026-02-19;1000004715;Andi Saputra;TV Kabel;First Media;7759524800;168560;2000;170560;Internet Banking;Gagal
TRX172247;2026-02-16;1000002479;Gina Marlina;TV Kabel;First Media;2804589602;315802;3000;318802;ATM;Sukses
TRX172254;2026-02-22;1000002656;Intan Sari;Internet;IndiHome;1462234031;476184;2500;478684;Teller;Sukses
TRX172260;2026-02-19;1000002671;Andi Saputra;Air;PDAM;7507480670;270216;2500;272716;ATM;Gagal
TRX172295;2026-01-22;1000001143;Joko Susilo;Air;PDAM;1143467824;171738;2500;174238;Mobile Banking;Sukses
TRX172423;2026-01-31;1000002889;Hadi Wijaya;Internet;IndiHome;3477164546;354388;2000;356388;Mobile Banking;Sukses
TRX172444;2026-02-05;1000002401;Hadi Wijaya;Air;PDAM;5392696030;101916;2000;103916;Teller;Gagal
TRX172515;2026-03-24;1000000705;Budi Santoso;Air;PDAM;7042486340;88245;2500;90745;Internet Banking;Sukses
TRX172535;2026-02-16;1000003694;Andi Saputra;Internet;IndiHome;3013656449;160534;3000;163534;Mobile Banking;Sukses
TRX172544;2026-03-12;1000001769;Intan Sari;Internet;Biznet;5899089989;483586;2500;486086;EDC;Sukses
TRX172609;2026-03-03;1000001848;Hadi Wijaya;Air;PDAM;5933589625;343493;2000;345493;ATM;Sukses
TRX172611;2026-02-01;1000002415;Joko Susilo;Listrik;PLN;7520223951;191411;3000;194411;ATM;Gagal
TRX172658;2026-02-06;1000000219;Eka Lestari;TV Kabel;Transvision;4979703902;487553;3000;490553;EDC;Sukses
TRX172681;2026-02-20;1000002920;Dedi Pratama;BPJS;BPJS Kesehatan;2304421657;259767;2000;261767;Teller;Sukses
TRX172703;2026-03-26;1000003435;Joko Susilo;Listrik;PLN;2234788644;161029;3000;164029;Mobile Banking;Sukses
TRX172786;2026-04-01;1000004993;Hadi Wijaya;TV Kabel;First Media;9607826509;279874;2500;282374;ATM;Sukses
TRX172813;2026-03-07;1000000379;Dedi Pratama;Internet;IndiHome;5088554016;149338;2000;151338;Mobile Banking;Gagal
TRX172831;2026-02-15;1000004945;Eka Lestari;TV Kabel;First Media;6551108316;371332;3000;374332;ATM;Gagal
TRX172854;2026-02-27;1000001725;Fajar Hidayat;Internet;IndiHome;7545778781;114296;3000;117296;EDC;Gagal
TRX172958;2026-01-07;1000000070;Fajar Hidayat;Internet;IndiHome;2397977326;109303;3000;112303;Mobile Banking;Gagal
TRX172969;2026-02-05;1000001087;Budi Santoso;BPJS;BPJS Kesehatan;6410493084;237366;3000;240366;Mobile Banking;Sukses
TRX172988;2026-01-30;1000002341;Eka Lestari;TV Kabel;Transvision;7786332982;424898;2500;427398;Mobile Banking;Sukses
TRX173058;2026-02-28;1000000108;Gina Marlina;Internet;Biznet;3321021229;191517;2500;194017;Mobile Banking;Sukses
TRX173141;2026-01-14;1000001727;Budi Santoso;Air;PDAM;1529520503;384105;2500;386605;Teller;Gagal
TRX173146;2026-03-21;1000004484;Citra Dewi;Air;PDAM;1752709107;420990;3000;423990;Teller;Sukses
TRX173271;2026-01-10;1000004234;Hadi Wijaya;Air;PDAM;7995417104;159238;2500;161738;ATM;Sukses
TRX173274;2026-01-20;1000001787;Eka Lestari;BPJS;BPJS Kesehatan;1606164681;314968;3000;317968;ATM;Sukses
TRX173277;2026-03-12;1000004690;Andi Saputra;Listrik;PLN;1501833271;413340;2500;415840;Internet Banking;Gagal
TRX173309;2026-01-20;1000001188;Fajar Hidayat;TV Kabel;First Media;2878289256;267447;2500;269947;Internet Banking;Sukses
TRX173368;2026-03-07;1000000659;Hadi Wijaya;Internet;IndiHome;2980818363;108101;2000;110101;Teller;Sukses
TRX173553;2026-03-24;1000003397;Dedi Pratama;TV Kabel;First Media;9351162308;279302;2000;281302;Mobile Banking;Gagal
TRX173561;2026-03-20;1000002865;Intan Sari;TV Kabel;First Media;3299832026;417125;2500;419625;ATM;Sukses
TRX173668;2026-02-18;1000004225;Andi Saputra;Internet;IndiHome;5287809866;478498;2000;480498;EDC;Sukses
TRX173693;2026-02-06;1000004919;Joko Susilo;TV Kabel;Transvision;2066474889;213671;2000;215671;ATM;Gagal
TRX173717;2026-02-11;1000002670;Citra Dewi;Listrik;PLN;9350275519;140651;2500;143151;Mobile Banking;Sukses
TRX173753;2026-02-22;1000000294;Intan Sari;Internet;Biznet;4373204975;236322;2000;238322;Teller;Gagal
TRX173771;2026-01-02;1000000685;Budi Santoso;BPJS;BPJS Kesehatan;5375704607;427143;2500;429643;Mobile Banking;Sukses
TRX173775;2026-02-18;1000004931;Andi Saputra;Internet;IndiHome;7033167758;430396;2000;432396;EDC;Sukses
TRX173846;2026-03-10;1000002120;Intan Sari;BPJS;BPJS Kesehatan;8868560315;153191;3000;156191;Internet Banking;Gagal
TRX173939;2026-03-30;1000004241;Dedi Pratama;Listrik;PLN;1504115708;337129;2000;339129;Mobile Banking;Sukses
TRX173949;2026-01-01;1000002767;Hadi Wijaya;BPJS;BPJS Kesehatan;2468765580;318664;2500;321164;Mobile Banking;Gagal
TRX173993;2026-02-13;1000001271;Citra Dewi;Air;PDAM;8071564958;126387;3000;129387;Teller;Gagal
TRX174111;2026-02-14;1000001764;Fajar Hidayat;Air;PDAM;8108530065;363101;2000;365101;ATM;Gagal
TRX174161;2026-01-02;1000002214;Citra Dewi;Air;PDAM;4983324217;475973;3000;478973;Teller;Sukses
TRX174164;2026-03-22;1000001502;Gina Marlina;Internet;Biznet;5345556005;284942;3000;287942;ATM;Gagal
TRX174180;2026-03-07;1000002979;Fajar Hidayat;Internet;IndiHome;3161187528;294025;2000;296025;Teller;Gagal
TRX174191;2026-01-29;1000003917;Citra Dewi;TV Kabel;Transvision;8458075679;86387;2000;88387;EDC;Gagal
TRX174223;2026-01-08;1000004638;Fajar Hidayat;Listrik;PLN;9547999058;458512;2500;461012;Internet Banking;Sukses
TRX174245;2026-03-01;1000003958;Eka Lestari;Internet;IndiHome;9326936295;75536;3000;78536;ATM;Sukses
TRX174334;2026-03-13;1000000361;Citra Dewi;TV Kabel;Transvision;1127320932;136644;3000;139644;EDC;Gagal
TRX174337;2026-03-20;1000004955;Dedi Pratama;Internet;IndiHome;4547417529;468091;3000;471091;Internet Banking;Gagal
TRX174340;2026-03-15;1000000708;Dedi Pratama;TV Kabel;First Media;4750756119;120422;3000;123422;EDC;Sukses
TRX174445;2026-03-02;1000001159;Fajar Hidayat;TV Kabel;First Media;6667177322;94496;2500;96996;ATM;Sukses
TRX174466;2026-02-10;1000001611;Dedi Pratama;TV Kabel;Transvision;6649034916;200847;2500;203347;EDC;Gagal
TRX174512;2026-02-13;1000002445;Fajar Hidayat;Internet;IndiHome;3289699745;350022;3000;353022;Mobile Banking;Sukses
TRX174578;2026-03-15;1000000479;Eka Lestari;Internet;Biznet;6513989901;365042;2500;367542;ATM;Gagal
TRX174630;2026-03-21;1000000651;Citra Dewi;Internet;Biznet;4253603298;74165;2500;76665;Teller;Sukses
TRX174658;2026-02-16;1000002313;Budi Santoso;Air;PDAM;8630886027;439708;2500;442208;ATM;Sukses
TRX174673;2026-02-18;1000004907;Fajar Hidayat;TV Kabel;Transvision;2631892837;343728;2000;345728;Internet Banking;Gagal
TRX174688;2026-03-23;1000004533;Gina Marlina;TV Kabel;Transvision;7964641537;462938;2000;464938;Internet Banking;Sukses
TRX174739;2026-02-16;1000001800;Citra Dewi;TV Kabel;First Media;6236097316;288376;2500;290876;EDC;Gagal
TRX174810;2026-03-17;1000004684;Fajar Hidayat;Internet;Biznet;4609876255;72620;2500;75120;Mobile Banking;Gagal
TRX174853;2026-03-27;1000003039;Gina Marlina;Internet;Biznet;8452859126;462767;2000;464767;EDC;Sukses
TRX174862;2026-03-18;1000000234;Joko Susilo;Air;PDAM;6545499642;266764;2000;268764;EDC;Gagal
TRX174889;2026-03-13;1000001678;Fajar Hidayat;BPJS;BPJS Kesehatan;4435836769;255700;3000;258700;Mobile Banking;Sukses
TRX174935;2026-03-29;1000001101;Joko Susilo;TV Kabel;Transvision;2549249805;436752;3000;439752;Teller;Gagal
TRX174962;2026-03-25;1000001235;Andi Saputra;BPJS;BPJS Kesehatan;2143505025;481813;2500;484313;Teller;Gagal
TRX175019;2026-01-14;1000004722;Eka Lestari;TV Kabel;Transvision;3848451643;90317;3000;93317;Mobile Banking;Sukses
TRX175061;2026-01-13;1000004628;Dedi Pratama;BPJS;BPJS Kesehatan;8857831343;241752;2000;243752;EDC;Sukses
TRX175155;2026-02-04;1000000428;Eka Lestari;Internet;IndiHome;8381674117;289357;2500;291857;Mobile Banking;Sukses
TRX175195;2026-02-23;1000002873;Gina Marlina;BPJS;BPJS Kesehatan;2890102787;374769;2000;376769;Teller;Sukses
TRX175223;2026-03-30;1000003643;Dedi Pratama;TV Kabel;First Media;3370918194;138375;3000;141375;ATM;Sukses
TRX175243;2026-02-21;1000004743;Hadi Wijaya;TV Kabel;Transvision;8563624428;270278;2000;272278;Mobile Banking;Sukses
TRX175292;2026-03-16;1000004175;Fajar Hidayat;BPJS;BPJS Kesehatan;7346170736;60526;2500;63026;Teller;Gagal
TRX175298;2026-01-11;1000004047;Andi Saputra;TV Kabel;First Media;2076218579;335591;2500;338091;Internet Banking;Sukses
TRX175413;2026-02-23;1000001741;Gina Marlina;Air;PDAM;4136719599;393246;2500;395746;Teller;Gagal
TRX175512;2026-01-23;1000003622;Dedi Pratama;TV Kabel;Transvision;9317503015;344804;2000;346804;ATM;Gagal
TRX175574;2026-01-06;1000002172;Eka Lestari;Internet;Biznet;8823049215;343774;2000;345774;Mobile Banking;Gagal
TRX175644;2026-03-26;1000002091;Budi Santoso;TV Kabel;First Media;3907238267;262926;3000;265926;Teller;Sukses
TRX175694;2026-02-09;1000000651;Citra Dewi;Internet;IndiHome;9465660995;426408;2000;428408;EDC;Sukses
TRX175725;2026-03-15;1000004965;Joko Susilo;Internet;IndiHome;4738233054;472278;2500;474778;EDC;Sukses
TRX175743;2026-02-21;1000004138;Budi Santoso;Listrik;PLN;3757817301;203758;3000;206758;Mobile Banking;Sukses
TRX175770;2026-02-04;1000003314;Eka Lestari;Internet;IndiHome;1795749836;369224;2000;371224;Teller;Sukses
TRX175865;2026-03-25;1000000743;Joko Susilo;TV Kabel;Transvision;9835767516;301144;3000;304144;ATM;Sukses
TRX175914;2026-03-29;1000003081;Citra Dewi;Air;PDAM;5221729532;123009;2000;125009;Internet Banking;Sukses
TRX175957;2026-03-23;1000000438;Joko Susilo;Internet;Biznet;5105188320;489586;2000;491586;Mobile Banking;Gagal
TRX176034;2026-03-06;1000002584;Joko Susilo;TV Kabel;Transvision;2114185014;430444;2500;432944;Internet Banking;Sukses
TRX176080;2026-03-08;1000000260;Intan Sari;TV Kabel;Transvision;9097111989;487252;2500;489752;EDC;Gagal
TRX176094;2026-02-23;1000000850;Dedi Pratama;Listrik;PLN;2700231834;54025;3000;57025;Teller;Sukses
TRX176139;2026-03-15;1000003083;Eka Lestari;Internet;Biznet;3052584979;172136;2500;174636;Mobile Banking;Gagal
TRX176179;2026-01-26;1000004674;Budi Santoso;Internet;Biznet;3064900428;250978;2500;253478;Teller;Gagal
TRX176220;2026-03-18;1000004112;Eka Lestari;Air;PDAM;4612810310;352446;3000;355446;Mobile Banking;Sukses
TRX176297;2026-03-27;1000004620;Dedi Pratama;TV Kabel;First Media;1088798082;116882;3000;119882;EDC;Sukses
TRX176334;2026-02-28;1000000975;Fajar Hidayat;Air;PDAM;8365493229;99173;2500;101673;EDC;Sukses
TRX176341;2026-03-22;1000002161;Andi Saputra;TV Kabel;First Media;8988052754;417516;2000;419516;EDC;Sukses
TRX176351;2026-02-07;1000000904;Eka Lestari;BPJS;BPJS Kesehatan;6338732510;98922;2000;100922;ATM;Gagal
TRX176419;2026-01-06;1000003137;Andi Saputra;Air;PDAM;1972276566;491844;2500;494344;ATM;Sukses
TRX176440;2026-01-24;1000003209;Dedi Pratama;Air;PDAM;6791850050;437555;2500;440055;ATM;Gagal
TRX176464;2026-02-10;1000001603;Intan Sari;TV Kabel;Transvision;8649930183;157000;2000;159000;Teller;Gagal
TRX176592;2026-02-17;1000000126;Andi Saputra;BPJS;BPJS Kesehatan;6152883508;172480;3000;175480;ATM;Sukses
TRX176633;2026-02-18;1000001767;Dedi Pratama;TV Kabel;First Media;3216003771;164427;3000;167427;Mobile Banking;Gagal
TRX176671;2026-02-26;1000000535;Intan Sari;Internet;IndiHome;5835189865;116425;2500;118925;Mobile Banking;Sukses
TRX176692;2026-02-03;1000004576;Intan Sari;Listrik;PLN;6215556278;100187;2000;102187;Mobile Banking;Gagal
TRX176736;2026-03-30;1000002905;Citra Dewi;Air;PDAM;7793487616;228579;3000;231579;Internet Banking;Gagal
TRX176758;2026-03-24;1000001490;Hadi Wijaya;TV Kabel;Transvision;5269603592;165523;2500;168023;Mobile Banking;Sukses
TRX176814;2026-01-19;1000001910;Intan Sari;Internet;IndiHome;6409771232;272021;2000;274021;Teller;Sukses
TRX176829;2026-01-22;1000000364;Fajar Hidayat;Internet;IndiHome;1854609019;469013;2500;471513;EDC;Gagal
TRX176836;2026-01-07;1000004142;Gina Marlina;Listrik;PLN;9654021179;366438;2500;368938;Mobile Banking;Sukses
TRX176859;2026-02-24;1000001022;Joko Susilo;Air;PDAM;6877937969;196844;2000;198844;ATM;Sukses
TRX176907;2026-01-16;1000003573;Joko Susilo;TV Kabel;First Media;1198259513;443403;3000;446403;Teller;Sukses
TRX177007;2026-02-15;1000003523;Budi Santoso;Internet;Biznet;3085643242;104204;3000;107204;Teller;Gagal
TRX177029;2026-01-22;1000001804;Intan Sari;TV Kabel;First Media;7794203602;352684;2000;354684;Internet Banking;Sukses
TRX177063;2026-03-12;1000003580;Citra Dewi;Internet;Biznet;6684601350;431218;2500;433718;Teller;Sukses
TRX177150;2026-02-23;1000001088;Andi Saputra;Internet;Biznet;9725435415;184910;2000;186910;EDC;Sukses
TRX177193;2026-01-10;1000004197;Joko Susilo;BPJS;BPJS Kesehatan;8073310632;160457;2000;162457;Internet Banking;Gagal
TRX177243;2026-02-22;1000004881;Dedi Pratama;Listrik;PLN;9069247758;121796;2500;124296;Teller;Sukses
TRX177267;2026-03-08;1000001632;Andi Saputra;TV Kabel;First Media;8780580533;223890;2000;225890;Teller;Sukses
TRX177326;2026-03-21;1000000871;Hadi Wijaya;TV Kabel;First Media;3835862451;218738;2500;221238;ATM;Sukses
TRX177339;2026-03-04;1000004118;Dedi Pratama;Listrik;PLN;7946944841;197391;2500;199891;Teller;Sukses
TRX177400;2026-02-25;1000004698;Eka Lestari;Internet;IndiHome;5519602055;293343;2000;295343;ATM;Sukses
TRX177494;2026-01-21;1000002040;Citra Dewi;Air;PDAM;9835670189;287718;3000;290718;Teller;Sukses
TRX177503;2026-03-17;1000002566;Andi Saputra;TV Kabel;Transvision;8649402476;320623;2500;323123;Internet Banking;Gagal
TRX177513;2026-01-10;1000002951;Intan Sari;Internet;IndiHome;4059114084;423237;3000;426237;Mobile Banking;Sukses
TRX177566;2026-02-12;1000004819;Intan Sari;BPJS;BPJS Kesehatan;7830789757;240926;2500;243426;Teller;Gagal
TRX177602;2026-01-10;1000001273;Fajar Hidayat;Internet;Biznet;8654895420;341584;2000;343584;Teller;Gagal
TRX177803;2026-02-23;1000001547;Intan Sari;BPJS;BPJS Kesehatan;3361637857;335013;2000;337013;EDC;Sukses
TRX177808;2026-03-27;1000002497;Intan Sari;TV Kabel;Transvision;6004451983;296940;3000;299940;Internet Banking;Gagal
TRX177874;2026-01-31;1000004080;Eka Lestari;TV Kabel;Transvision;4242398008;249054;2000;251054;EDC;Sukses
TRX177941;2026-02-16;1000001653;Intan Sari;Internet;IndiHome;1020805593;481397;2000;483397;Internet Banking;Sukses
TRX178024;2026-01-04;1000003527;Eka Lestari;Listrik;PLN;7062503558;292364;2500;294864;Mobile Banking;Gagal
TRX178050;2026-02-05;1000004659;Andi Saputra;Internet;IndiHome;2891621588;367087;2000;369087;Teller;Sukses
TRX178079;2026-02-13;1000003047;Gina Marlina;Listrik;PLN;3977867024;380389;2000;382389;Mobile Banking;Gagal
TRX178116;2026-01-03;1000002882;Gina Marlina;Listrik;PLN;2923951043;160747;2500;163247;Mobile Banking;Gagal
TRX178140;2026-03-10;1000003020;Dedi Pratama;Air;PDAM;2515279906;342025;2500;344525;EDC;Sukses
TRX178200;2026-03-07;1000004692;Joko Susilo;BPJS;BPJS Kesehatan;9120417598;117623;2000;119623;Mobile Banking;Gagal
TRX178217;2026-03-27;1000002468;Joko Susilo;TV Kabel;Transvision;6251924811;54167;2500;56667;ATM;Sukses
TRX178231;2026-02-09;1000002509;Joko Susilo;TV Kabel;First Media;5861864495;211181;2500;213681;Mobile Banking;Sukses
TRX178248;2026-03-31;1000004320;Intan Sari;BPJS;BPJS Kesehatan;2972264767;187659;2500;190159;Mobile Banking;Gagal
TRX178319;2026-03-23;1000002430;Hadi Wijaya;Air;PDAM;4714351129;360303;2000;362303;EDC;Sukses
TRX178376;2026-01-04;1000003354;Intan Sari;BPJS;BPJS Kesehatan;9385790549;403637;2000;405637;Mobile Banking;Sukses
TRX178411;2026-02-26;1000003564;Budi Santoso;TV Kabel;Transvision;4403677849;117745;3000;120745;ATM;Gagal
TRX178427;2026-03-01;1000001345;Citra Dewi;Listrik;PLN;8296135654;322936;3000;325936;ATM;Sukses
TRX178434;2026-03-04;1000001600;Eka Lestari;TV Kabel;First Media;4194382746;430325;2000;432325;Teller;Sukses
TRX178443;2026-03-17;1000003923;Hadi Wijaya;BPJS;BPJS Kesehatan;9175221420;51197;3000;54197;Mobile Banking;Sukses
TRX178490;2026-01-14;1000000501;Budi Santoso;Internet;Biznet;9108678673;481177;2000;483177;Internet Banking;Gagal
TRX178505;2026-01-26;1000003112;Budi Santoso;Air;PDAM;3958040835;99662;2000;101662;Teller;Gagal
TRX178521;2026-02-03;1000002347;Eka Lestari;Internet;IndiHome;9793768779;243772;2500;246272;ATM;Sukses
TRX178532;2026-03-20;1000002719;Andi Saputra;Internet;Biznet;1096987488;471513;3000;474513;EDC;Sukses
TRX178541;2026-01-21;1000000163;Hadi Wijaya;Internet;IndiHome;5527292818;273657;2500;276157;ATM;Sukses
TRX178546;2026-02-04;1000000000;Dedi Pratama;Internet;Biznet;4468246743;266530;3000;269530;ATM;Sukses
TRX178595;2026-03-27;1000002746;Eka Lestari;TV Kabel;First Media;1164806459;249641;2000;251641;EDC;Sukses
TRX178621;2026-02-11;1000001482;Citra Dewi;Listrik;PLN;5283502141;82418;2000;84418;ATM;Sukses
TRX178639;2026-01-23;1000004409;Joko Susilo;Internet;Biznet;7314281896;216134;2500;218634;Internet Banking;Sukses
TRX178648;2026-03-25;1000003703;Fajar Hidayat;Air;PDAM;6811077162;155678;2500;158178;Teller;Sukses
TRX178683;2026-02-12;1000002709;Joko Susilo;BPJS;BPJS Kesehatan;2709819708;273679;2500;276179;EDC;Sukses
TRX178689;2026-03-28;1000001139;Joko Susilo;BPJS;BPJS Kesehatan;9938117656;128244;2500;130744;ATM;Sukses
TRX178701;2026-01-15;1000002895;Dedi Pratama;TV Kabel;Transvision;9893950469;473515;2000;475515;ATM;Sukses
TRX178728;2026-01-09;1000001571;Andi Saputra;Air;PDAM;6127440497;136639;3000;139639;Mobile Banking;Gagal
TRX178734;2026-03-21;1000002157;Intan Sari;TV Kabel;First Media;1859964309;271041;3000;274041;EDC;Gagal
TRX178750;2026-02-01;1000003208;Andi Saputra;Internet;IndiHome;2677702456;283550;2000;285550;Mobile Banking;Sukses
TRX178793;2026-01-30;1000000264;Budi Santoso;TV Kabel;First Media;4880849120;139173;2000;141173;Internet Banking;Sukses
TRX178798;2026-01-23;1000001461;Joko Susilo;TV Kabel;Transvision;3665719837;164450;2000;166450;Internet Banking;Sukses
TRX178803;2026-01-08;1000000046;Intan Sari;TV Kabel;First Media;4517813218;329188;2000;331188;ATM;Sukses
TRX178810;2026-03-13;1000000374;Joko Susilo;Listrik;PLN;9103669379;384346;2500;386846;Teller;Sukses
TRX178820;2026-03-01;1000000642;Citra Dewi;Internet;Biznet;7672302385;246333;2500;248833;ATM;Gagal
TRX178896;2026-01-23;1000003793;Eka Lestari;Air;PDAM;5179407251;102400;2000;104400;Mobile Banking;Sukses
TRX178935;2026-03-28;1000003077;Andi Saputra;Internet;Biznet;4478515021;308606;2500;311106;Teller;Sukses
TRX178998;2026-02-27;1000002099;Gina Marlina;Internet;Biznet;7934248015;427611;2000;429611;Teller;Sukses
TRX179077;2026-01-24;1000000783;Andi Saputra;BPJS;BPJS Kesehatan;8184248957;252346;2000;254346;Teller;Sukses
TRX179102;2026-01-28;1000003845;Fajar Hidayat;BPJS;BPJS Kesehatan;7935626319;88410;2500;90910;Internet Banking;Gagal
TRX179127;2026-04-01;1000004294;Andi Saputra;BPJS;BPJS Kesehatan;8456172302;75177;3000;78177;EDC;Sukses
TRX179128;2026-02-24;1000003470;Andi Saputra;Internet;Biznet;9447360654;241298;3000;244298;Internet Banking;Gagal
TRX179166;2026-01-14;1000001788;Intan Sari;Listrik;PLN;2819237629;285691;2000;287691;Teller;Sukses
TRX179254;2026-02-09;1000003389;Dedi Pratama;Internet;IndiHome;8626467622;292437;2500;294937;Teller;Sukses
TRX179331;2026-03-18;1000004548;Joko Susilo;TV Kabel;Transvision;5036145047;343435;2000;345435;ATM;Sukses
TRX179343;2026-02-18;1000000603;Hadi Wijaya;BPJS;BPJS Kesehatan;8757465766;73214;2500;75714;ATM;Gagal
TRX179356;2026-03-24;1000004483;Eka Lestari;Internet;Biznet;2800645804;436836;3000;439836;Mobile Banking;Sukses
TRX179391;2026-03-05;1000001821;Fajar Hidayat;BPJS;BPJS Kesehatan;7184212539;369859;3000;372859;Mobile Banking;Sukses
TRX179440;2026-01-04;1000003583;Budi Santoso;TV Kabel;First Media;2039055792;474547;2500;477047;EDC;Sukses
TRX179447;2026-04-01;1000004296;Intan Sari;Air;PDAM;3942734623;376164;2000;378164;EDC;Gagal
TRX179456;2026-03-28;1000004148;Andi Saputra;Listrik;PLN;1340281481;494327;2500;496827;Mobile Banking;Sukses
TRX179476;2026-03-15;1000002888;Intan Sari;Internet;IndiHome;5742868548;79896;3000;82896;EDC;Gagal
TRX179484;2026-02-04;1000000121;Intan Sari;Internet;Biznet;8662101922;479432;2500;481932;Teller;Sukses
TRX179536;2026-03-09;1000000202;Intan Sari;TV Kabel;Transvision;2334726484;364695;2500;367195;Teller;Sukses
TRX179543;2026-03-30;1000000962;Hadi Wijaya;Listrik;PLN;1105090109;190466;2000;192466;Mobile Banking;Gagal
TRX179556;2026-01-31;1000001645;Eka Lestari;Air;PDAM;5937365724;157674;3000;160674;Internet Banking;Sukses
TRX179561;2026-03-12;1000000818;Dedi Pratama;TV Kabel;Transvision;5568642962;336116;2500;338616;Mobile Banking;Sukses
TRX179591;2026-02-19;1000004067;Fajar Hidayat;Listrik;PLN;8651000500;324735;2000;326735;Internet Banking;Gagal
TRX179602;2026-03-09;1000003605;Gina Marlina;Internet;IndiHome;7513569752;108171;3000;111171;Teller;Gagal
TRX179613;2026-02-17;1000003355;Fajar Hidayat;Air;PDAM;1381275311;61187;2000;63187;EDC;Sukses
TRX179687;2026-03-28;1000000188;Hadi Wijaya;Air;PDAM;8328109246;309756;2500;312256;Internet Banking;Gagal
TRX179699;2026-03-14;1000000922;Budi Santoso;Internet;IndiHome;1257919575;334032;3000;337032;Internet Banking;Sukses
TRX179739;2026-01-15;1000000615;Dedi Pratama;Air;PDAM;1945440295;103754;2500;106254;EDC;Sukses
TRX179879;2026-03-26;1000001715;Eka Lestari;Internet;IndiHome;1453275426;455599;2500;458099;EDC;Gagal
TRX179977;2026-02-23;1000001908;Budi Santoso;TV Kabel;Transvision;9357211397;466932;2000;468932;Teller;Gagal
TRX179994;2026-01-05;1000001095;Intan Sari;Internet;IndiHome;1632616471;424916;2000;426916;EDC;Sukses
TRX180041;2026-03-09;1000001165;Budi Santoso;Internet;IndiHome;7345738875;208141;3000;211141;ATM;Gagal
TRX180174;2026-02-28;1000001567;Eka Lestari;TV Kabel;Transvision;6463900779;222989;2000;224989;Mobile Banking;Gagal
TRX180192;2026-03-24;1000000176;Joko Susilo;Listrik;PLN;2725895785;308364;2500;310864;Internet Banking;Sukses
TRX180300;2026-02-23;1000003493;Fajar Hidayat;TV Kabel;Transvision;8763149206;439018;3000;442018;Internet Banking;Sukses
TRX180307;2026-01-30;1000003143;Gina Marlina;Internet;Biznet;7619054548;231948;3000;234948;Mobile Banking;Sukses
TRX180309;2026-02-28;1000003369;Joko Susilo;Internet;IndiHome;5757937822;418286;3000;421286;Internet Banking;Sukses
TRX180314;2026-02-12;1000003325;Fajar Hidayat;Internet;IndiHome;3460658166;344669;2000;346669;Mobile Banking;Gagal
TRX180316;2026-01-09;1000004342;Dedi Pratama;TV Kabel;First Media;3480129452;377622;2500;380122;Internet Banking;Gagal
TRX180397;2026-02-14;1000001658;Fajar Hidayat;TV Kabel;Transvision;7671928367;410499;3000;413499;Mobile Banking;Sukses
TRX180408;2026-02-03;1000001406;Andi Saputra;TV Kabel;First Media;8567965648;98232;2500;100732;Mobile Banking;Sukses
TRX180473;2026-01-24;1000003540;Intan Sari;Internet;Biznet;5595371985;82636;2500;85136;EDC;Sukses
TRX180559;2026-01-30;1000004810;Gina Marlina;Air;PDAM;6503988659;288698;3000;291698;Teller;Sukses
TRX180571;2026-01-03;1000003742;Andi Saputra;Listrik;PLN;9585854196;167467;3000;170467;ATM;Sukses
TRX180582;2026-01-04;1000002502;Joko Susilo;Listrik;PLN;5159678220;71966;3000;74966;Teller;Sukses
TRX180628;2026-02-04;1000004871;Gina Marlina;BPJS;BPJS Kesehatan;1660232103;249256;3000;252256;Mobile Banking;Sukses
TRX180697;2026-01-10;1000002268;Budi Santoso;TV Kabel;Transvision;8978276785;374344;2000;376344;Internet Banking;Sukses
TRX180701;2026-01-25;1000001583;Budi Santoso;TV Kabel;Transvision;6908926118;203091;3000;206091;EDC;Gagal
TRX180735;2026-03-17;1000000795;Intan Sari;BPJS;BPJS Kesehatan;5597104075;165951;2500;168451;Teller;Sukses
TRX180789;2026-01-07;1000000553;Andi Saputra;TV Kabel;Transvision;9577058765;163306;3000;166306;EDC;Sukses
TRX180811;2026-02-06;1000000119;Eka Lestari;TV Kabel;First Media;2721593387;274701;3000;277701;EDC;Gagal
TRX180818;2026-03-28;1000001896;Dedi Pratama;Listrik;PLN;8564140610;393354;2000;395354;EDC;Sukses
TRX180885;2026-02-08;1000000448;Citra Dewi;TV Kabel;Transvision;3480906025;443611;2000;445611;Mobile Banking;Sukses
TRX180945;2026-02-28;1000004980;Joko Susilo;Internet;Biznet;5989012599;313533;3000;316533;Internet Banking;Sukses
TRX180952;2026-03-04;1000002169;Andi Saputra;Internet;Biznet;3107776875;118557;3000;121557;Internet Banking;Gagal
TRX180956;2026-03-27;1000000991;Gina Marlina;Listrik;PLN;2076040664;402014;2500;404514;Internet Banking;Gagal
TRX180980;2026-02-26;1000000871;Hadi Wijaya;Air;PDAM;3038326979;426910;2000;428910;ATM;Sukses
TRX181044;2026-02-10;1000004990;Andi Saputra;BPJS;BPJS Kesehatan;9976795224;356053;3000;359053;Mobile Banking;Gagal
TRX181095;2026-01-29;1000003598;Dedi Pratama;TV Kabel;Transvision;5703003863;427772;3000;430772;Mobile Banking;Sukses
TRX181125;2026-03-20;1000003002;Gina Marlina;Internet;IndiHome;6594675052;401607;2500;404107;EDC;Sukses
TRX181149;2026-03-02;1000001407;Andi Saputra;BPJS;BPJS Kesehatan;2188760731;266899;2000;268899;EDC;Gagal
TRX181159;2026-03-19;1000004837;Dedi Pratama;Listrik;PLN;9212550449;268862;3000;271862;Internet Banking;Sukses
TRX181160;2026-03-05;1000003730;Fajar Hidayat;TV Kabel;Transvision;1995480986;111410;2500;113910;ATM;Sukses
TRX181233;2026-02-15;1000004457;Joko Susilo;TV Kabel;First Media;3965365658;326834;2500;329334;EDC;Sukses
TRX181255;2026-01-15;1000000481;Dedi Pratama;TV Kabel;First Media;6201434123;201030;2500;203530;EDC;Sukses
TRX181270;2026-02-08;1000003975;Eka Lestari;BPJS;BPJS Kesehatan;5708250136;62387;3000;65387;EDC;Sukses
TRX181285;2026-01-03;1000001701;Intan Sari;BPJS;BPJS Kesehatan;4750304586;240895;2000;242895;Mobile Banking;Sukses
TRX181296;2026-02-08;1000002955;Andi Saputra;TV Kabel;Transvision;3041756428;216558;3000;219558;Teller;Sukses
TRX181427;2026-03-11;1000001153;Hadi Wijaya;BPJS;BPJS Kesehatan;2340118630;197160;3000;200160;ATM;Gagal
TRX181439;2026-01-15;1000000001;Fajar Hidayat;Internet;Biznet;4217653672;130615;2500;133115;Mobile Banking;Gagal
TRX181460;2026-03-24;1000002127;Dedi Pratama;TV Kabel;Transvision;5796583450;180057;3000;183057;Teller;Sukses
TRX181464;2026-01-18;1000003452;Intan Sari;Internet;IndiHome;1403481693;289597;2500;292097;Teller;Sukses
TRX181491;2026-02-06;1000004417;Intan Sari;Air;PDAM;5898231408;154760;3000;157760;Internet Banking;Sukses
TRX181493;2026-01-09;1000000140;Fajar Hidayat;Listrik;PLN;2235136393;482303;3000;485303;ATM;Gagal
TRX181499;2026-01-06;1000003900;Eka Lestari;Internet;Biznet;8851509808;175380;2000;177380;Internet Banking;Sukses
TRX181545;2026-01-03;1000001493;Budi Santoso;Air;PDAM;2370869282;361379;2500;363879;Internet Banking;Sukses
TRX181567;2026-03-02;1000000441;Hadi Wijaya;BPJS;BPJS Kesehatan;3083434674;397060;2500;399560;EDC;Sukses
TRX181583;2026-03-10;1000000610;Citra Dewi;TV Kabel;First Media;2661557586;432464;3000;435464;ATM;Sukses
TRX181605;2026-01-21;1000001878;Budi Santoso;Listrik;PLN;5835621748;99568;2500;102068;Mobile Banking;Sukses
TRX181635;2026-02-16;1000004154;Andi Saputra;Internet;IndiHome;1144103324;249477;2500;251977;Mobile Banking;Gagal
TRX181672;2026-01-21;1000000153;Joko Susilo;Listrik;PLN;3906768936;450488;3000;453488;ATM;Gagal
TRX181756;2026-02-21;1000001877;Gina Marlina;TV Kabel;Transvision;3808657695;87996;2000;89996;Mobile Banking;Gagal
TRX181858;2026-01-26;1000000701;Dedi Pratama;Internet;IndiHome;1327785455;301676;2000;303676;ATM;Sukses
TRX181860;2026-02-01;1000001505;Gina Marlina;TV Kabel;First Media;8176551115;189471;2500;191971;Mobile Banking;Gagal
TRX181867;2026-03-26;1000001047;Budi Santoso;TV Kabel;Transvision;3196289067;472653;3000;475653;Mobile Banking;Gagal
TRX181874;2026-03-19;1000001050;Citra Dewi;Air;PDAM;4195432712;57592;2500;60092;Mobile Banking;Gagal
TRX181885;2026-01-10;1000001496;Citra Dewi;BPJS;BPJS Kesehatan;7448805773;474923;3000;477923;Mobile Banking;Sukses
TRX181904;2026-03-01;1000002761;Hadi Wijaya;Air;PDAM;8025692508;378123;2500;380623;EDC;Gagal
TRX181908;2026-03-29;1000004279;Eka Lestari;Listrik;PLN;9708752332;333921;2500;336421;ATM;Sukses
TRX181974;2026-02-09;1000003908;Fajar Hidayat;TV Kabel;Transvision;7565179822;100340;2000;102340;ATM;Sukses
TRX182016;2026-01-01;1000001610;Citra Dewi;TV Kabel;First Media;2483640597;220585;2500;223085;ATM;Sukses
TRX182092;2026-01-05;1000003690;Andi Saputra;TV Kabel;Transvision;5341244114;296378;2500;298878;Internet Banking;Sukses
TRX182109;2026-03-15;1000004236;Andi Saputra;TV Kabel;First Media;8242707176;99202;2500;101702;EDC;Gagal
TRX182174;2026-03-17;1000000345;Hadi Wijaya;Air;PDAM;8744490335;292970;2500;295470;ATM;Sukses
TRX182200;2026-03-07;1000002409;Dedi Pratama;Internet;Biznet;8229247099;369483;2500;371983;Internet Banking;Sukses
TRX182218;2026-03-25;1000000530;Andi Saputra;TV Kabel;First Media;7561671407;93681;2000;95681;Mobile Banking;Sukses
TRX182244;2026-03-11;1000003494;Dedi Pratama;TV Kabel;First Media;4593556220;139922;2500;142422;ATM;Gagal
TRX182287;2026-01-27;1000004691;Eka Lestari;Internet;IndiHome;1461668357;410179;3000;413179;ATM;Sukses
TRX182334;2026-01-31;1000003016;Intan Sari;Listrik;PLN;1073907443;240302;2500;242802;Internet Banking;Gagal
TRX182460;2026-03-11;1000003097;Joko Susilo;TV Kabel;First Media;8459465394;457288;2000;459288;Internet Banking;Sukses
TRX182509;2026-01-18;1000004608;Hadi Wijaya;Internet;IndiHome;1502105847;131847;2000;133847;Mobile Banking;Sukses
TRX182528;2026-02-16;1000004609;Eka Lestari;TV Kabel;First Media;5279664457;192663;2500;195163;EDC;Sukses
TRX182598;2026-01-10;1000000250;Citra Dewi;Internet;IndiHome;5844560518;347270;3000;350270;Teller;Sukses
TRX182608;2026-01-14;1000001238;Joko Susilo;Internet;Biznet;5958066211;246806;2500;249306;ATM;Sukses
TRX182768;2026-03-05;1000004337;Eka Lestari;TV Kabel;Transvision;3279931247;143611;3000;146611;ATM;Gagal
TRX182773;2026-02-15;1000003439;Fajar Hidayat;Internet;IndiHome;9536381961;55227;2000;57227;EDC;Sukses
TRX182781;2026-03-13;1000003551;Budi Santoso;Listrik;PLN;7250077257;383131;3000;386131;ATM;Sukses
TRX182790;2026-03-30;1000001449;Citra Dewi;BPJS;BPJS Kesehatan;6208151243;264330;2500;266830;Internet Banking;Sukses
TRX182813;2026-03-01;1000004255;Joko Susilo;Internet;IndiHome;8336752250;163113;2500;165613;EDC;Sukses
TRX182882;2026-02-24;1000002354;Budi Santoso;BPJS;BPJS Kesehatan;8195398015;163325;3000;166325;ATM;Sukses
TRX182901;2026-01-30;1000000018;Budi Santoso;Listrik;PLN;3465341568;195499;3000;198499;Internet Banking;Sukses
TRX182924;2026-03-09;1000004418;Budi Santoso;BPJS;BPJS Kesehatan;4445802300;437347;3000;440347;Teller;Sukses
TRX182954;2026-02-10;1000001808;Budi Santoso;TV Kabel;Transvision;5403933124;141283;2500;143783;Mobile Banking;Gagal
TRX182982;2026-02-07;1000000636;Hadi Wijaya;TV Kabel;First Media;1485359896;466621;2000;468621;Mobile Banking;Gagal
TRX182994;2026-02-09;1000002783;Intan Sari;Air;PDAM;8190088135;428844;2500;431344;ATM;Sukses
TRX183030;2026-02-04;1000002139;Dedi Pratama;BPJS;BPJS Kesehatan;8015995014;463170;2500;465670;Mobile Banking;Sukses
TRX183060;2026-03-22;1000002993;Eka Lestari;TV Kabel;First Media;1980279274;411751;2500;414251;Teller;Sukses
TRX183102;2026-02-18;1000001263;Intan Sari;TV Kabel;First Media;2301030280;318204;3000;321204;EDC;Gagal
TRX183111;2026-03-20;1000000703;Andi Saputra;Air;PDAM;1506696441;86981;2500;89481;EDC;Sukses
TRX183217;2026-01-21;1000003104;Citra Dewi;Listrik;PLN;2963819925;177250;2000;179250;EDC;Gagal
TRX183253;2026-03-27;1000002591;Eka Lestari;Listrik;PLN;8246088173;59406;2500;61906;Internet Banking;Sukses
TRX183265;2026-03-08;1000004014;Fajar Hidayat;Internet;IndiHome;9874899242;129389;2500;131889;ATM;Gagal
TRX183310;2026-04-01;1000002896;Andi Saputra;Internet;IndiHome;4784558522;193117;2000;195117;EDC;Sukses
TRX183477;2026-03-20;1000000145;Fajar Hidayat;TV Kabel;Transvision;2063232365;434514;2000;436514;Teller;Sukses
TRX183609;2026-02-11;1000000303;Andi Saputra;Internet;IndiHome;4632783058;324360;2500;326860;Mobile Banking;Gagal
TRX183636;2026-03-08;1000001213;Dedi Pratama;Internet;IndiHome;9924483532;412361;3000;415361;Mobile Banking;Gagal
TRX183669;2026-01-15;1000000448;Citra Dewi;Internet;IndiHome;8550964946;317658;2500;320158;Teller;Sukses
TRX183694;2026-01-09;1000003075;Fajar Hidayat;TV Kabel;First Media;6946605161;406710;2000;408710;EDC;Sukses
TRX183708;2026-03-02;1000003710;Budi Santoso;Air;PDAM;9687856379;354555;3000;357555;Teller;Sukses
TRX183710;2026-02-03;1000002732;Citra Dewi;TV Kabel;Transvision;7660637895;130736;2000;132736;Internet Banking;Gagal
TRX183751;2026-02-13;1000000178;Andi Saputra;Listrik;PLN;6581214200;326168;3000;329168;ATM;Sukses
TRX183788;2026-01-22;1000003470;Andi Saputra;Listrik;PLN;1803205799;417138;3000;420138;EDC;Sukses
TRX183798;2026-01-13;1000001820;Andi Saputra;Internet;Biznet;2757878617;387195;3000;390195;EDC;Sukses
TRX183821;2026-02-20;1000001242;Fajar Hidayat;Air;PDAM;6631012371;455775;2000;457775;Mobile Banking;Sukses
TRX183875;2026-03-09;1000003448;Andi Saputra;TV Kabel;Transvision;2926672824;487950;3000;490950;ATM;Sukses
TRX183877;2026-02-11;1000002837;Dedi Pratama;TV Kabel;Transvision;4554149742;124646;2000;126646;Mobile Banking;Gagal
TRX183883;2026-02-05;1000004199;Eka Lestari;BPJS;BPJS Kesehatan;6119806598;193280;2000;195280;Teller;Gagal
TRX183894;2026-01-28;1000003689;Eka Lestari;BPJS;BPJS Kesehatan;3613405517;185717;3000;188717;Teller;Sukses
TRX183924;2026-03-09;1000000701;Dedi Pratama;TV Kabel;Transvision;1834396112;390560;2500;393060;Mobile Banking;Sukses
TRX183925;2026-02-20;1000004109;Eka Lestari;Internet;Biznet;9958527676;243727;3000;246727;Teller;Sukses
TRX184032;2026-03-23;1000002035;Budi Santoso;Listrik;PLN;3570645575;107103;2500;109603;Mobile Banking;Sukses
TRX184074;2026-01-23;1000001997;Fajar Hidayat;TV Kabel;First Media;9437908019;314619;2500;317119;Mobile Banking;Gagal
TRX184116;2026-01-13;1000000353;Hadi Wijaya;Internet;Biznet;3256952796;455352;2000;457352;Teller;Gagal
TRX184130;2026-02-10;1000000687;Intan Sari;Air;PDAM;5975429343;245953;2500;248453;ATM;Gagal
TRX184254;2026-02-16;1000000313;Eka Lestari;TV Kabel;Transvision;3536399444;235706;3000;238706;Teller;Gagal
TRX184307;2026-01-01;1000003136;Hadi Wijaya;TV Kabel;Transvision;3861581590;426501;2000;428501;Mobile Banking;Sukses
TRX184406;2026-01-06;1000003662;Intan Sari;TV Kabel;First Media;4137915614;475911;2000;477911;ATM;Sukses
TRX184490;2026-01-24;1000004444;Fajar Hidayat;Internet;Biznet;2636207893;487339;3000;490339;Teller;Gagal
TRX184500;2026-01-14;1000003868;Joko Susilo;BPJS;BPJS Kesehatan;7317640965;201513;2500;204013;Teller;Sukses
TRX184525;2026-01-08;1000000401;Gina Marlina;Internet;Biznet;5368942975;397215;2500;399715;Mobile Banking;Sukses
TRX184672;2026-02-17;1000004406;Budi Santoso;TV Kabel;Transvision;4677786793;432207;2500;434707;Internet Banking;Sukses
TRX184724;2026-02-25;1000001642;Budi Santoso;Air;PDAM;1285239333;209204;3000;212204;ATM;Sukses
TRX184789;2026-01-31;1000002446;Gina Marlina;TV Kabel;First Media;4667977395;102448;2500;104948;Teller;Gagal
TRX184871;2026-03-11;1000002236;Gina Marlina;BPJS;BPJS Kesehatan;6593923513;115482;2000;117482;Teller;Gagal
TRX184897;2026-03-03;1000004361;Fajar Hidayat;BPJS;BPJS Kesehatan;8116893639;488065;2000;490065;EDC;Gagal
TRX184943;2026-01-07;1000000032;Citra Dewi;Internet;Biznet;9400892804;208369;2000;210369;Mobile Banking;Sukses
TRX184986;2026-02-12;1000002169;Andi Saputra;BPJS;BPJS Kesehatan;9498307830;96353;2000;98353;EDC;Sukses
TRX184998;2026-01-06;1000003516;Eka Lestari;TV Kabel;First Media;1933856981;149497;3000;152497;Internet Banking;Gagal
TRX185004;2026-03-14;1000001974;Dedi Pratama;Listrik;PLN;7614115431;114975;2500;117475;ATM;Gagal
TRX185034;2026-03-15;1000003677;Dedi Pratama;TV Kabel;Transvision;9305036426;193600;2000;195600;EDC;Gagal
TRX185074;2026-03-08;1000004809;Budi Santoso;BPJS;BPJS Kesehatan;9735968976;286502;2500;289002;Internet Banking;Sukses
TRX185095;2026-01-26;1000001760;Dedi Pratama;TV Kabel;First Media;1049284267;214810;2500;217310;ATM;Sukses
TRX185099;2026-03-11;1000004648;Gina Marlina;TV Kabel;Transvision;6979311874;401596;2000;403596;Mobile Banking;Sukses
TRX185102;2026-01-18;1000002575;Hadi Wijaya;Listrik;PLN;5537271100;395479;3000;398479;Internet Banking;Sukses
TRX185168;2026-02-10;1000003125;Gina Marlina;Internet;IndiHome;4306620430;497175;3000;500175;EDC;Sukses
TRX185203;2026-01-12;1000004876;Fajar Hidayat;BPJS;BPJS Kesehatan;4232109324;360479;3000;363479;Internet Banking;Sukses
TRX185240;2026-01-12;1000004555;Andi Saputra;Internet;IndiHome;9795502347;374766;2000;376766;Internet Banking;Sukses
TRX185267;2026-03-20;1000003928;Citra Dewi;BPJS;BPJS Kesehatan;2410359443;429126;2000;431126;Internet Banking;Sukses
TRX185302;2026-02-17;1000001828;Eka Lestari;BPJS;BPJS Kesehatan;4953994316;465489;2000;467489;Teller;Sukses
TRX185307;2026-02-13;1000002631;Budi Santoso;Internet;IndiHome;1622087029;369218;2500;371718;Mobile Banking;Sukses
TRX185449;2026-01-11;1000001520;Intan Sari;TV Kabel;First Media;9513394650;152502;2000;154502;Internet Banking;Sukses
TRX185454;2026-04-01;1000000480;Fajar Hidayat;Air;PDAM;6993601915;442759;3000;445759;ATM;Gagal
TRX185531;2026-01-09;1000004577;Joko Susilo;TV Kabel;Transvision;4253116291;481713;2000;483713;Internet Banking;Sukses
TRX185557;2026-03-07;1000003183;Gina Marlina;BPJS;BPJS Kesehatan;5956035042;374930;2000;376930;Teller;Sukses
TRX185597;2026-03-18;1000003401;Dedi Pratama;TV Kabel;First Media;1970794773;170259;3000;173259;Teller;Sukses
TRX185599;2026-01-08;1000000148;Andi Saputra;Internet;Biznet;4459038304;215174;2500;217674;Internet Banking;Sukses
TRX185644;2026-03-01;1000003520;Hadi Wijaya;Internet;IndiHome;4823863900;106324;3000;109324;Internet Banking;Sukses
TRX185694;2026-03-25;1000002671;Andi Saputra;Air;PDAM;3879310666;203352;3000;206352;EDC;Sukses
TRX185712;2026-03-25;1000003536;Intan Sari;BPJS;BPJS Kesehatan;5239147725;85220;3000;88220;Mobile Banking;Sukses
TRX185714;2026-01-06;1000004087;Dedi Pratama;TV Kabel;Transvision;6678325877;464192;2000;466192;Teller;Gagal
TRX185767;2026-01-23;1000003270;Fajar Hidayat;Internet;Biznet;8449184175;425871;2000;427871;Teller;Gagal
TRX185793;2026-01-29;1000004535;Budi Santoso;Internet;IndiHome;9633962845;404031;2500;406531;Internet Banking;Sukses
TRX185900;2026-03-09;1000001218;Fajar Hidayat;Internet;IndiHome;6028608493;179421;3000;182421;ATM;Sukses
TRX185901;2026-02-25;1000000447;Hadi Wijaya;Internet;IndiHome;4890741510;372622;3000;375622;ATM;Gagal
TRX185916;2026-03-15;1000001015;Dedi Pratama;BPJS;BPJS Kesehatan;8480104820;404724;3000;407724;Teller;Gagal
TRX185951;2026-02-04;1000003580;Citra Dewi;Air;PDAM;7806817192;218326;2500;220826;EDC;Sukses
TRX185973;2026-02-14;1000003409;Citra Dewi;Internet;Biznet;2625067202;493250;2500;495750;Mobile Banking;Sukses
TRX186008;2026-03-11;1000001897;Budi Santoso;Internet;Biznet;7489516858;474438;2500;476938;EDC;Sukses
TRX186031;2026-03-24;1000003315;Hadi Wijaya;Internet;IndiHome;6996132993;130738;2500;133238;ATM;Sukses
TRX186043;2026-02-18;1000002866;Citra Dewi;Listrik;PLN;9202508214;142391;2500;144891;Mobile Banking;Sukses
TRX186147;2026-02-27;1000001766;Budi Santoso;Air;PDAM;7459854789;393964;2000;395964;Teller;Sukses
TRX186181;2026-03-16;1000002449;Budi Santoso;Internet;IndiHome;7524639465;133980;2000;135980;Mobile Banking;Gagal
TRX186199;2026-02-08;1000003898;Joko Susilo;Internet;Biznet;9222717167;158988;2000;160988;EDC;Sukses
TRX186378;2026-01-07;1000003613;Joko Susilo;TV Kabel;First Media;5464914609;128362;3000;131362;Internet Banking;Sukses
TRX186380;2026-01-13;1000004355;Joko Susilo;TV Kabel;Transvision;7881804812;85540;3000;88540;ATM;Gagal
TRX186434;2026-02-01;1000000989;Gina Marlina;TV Kabel;First Media;3329739460;196055;2000;198055;Teller;Sukses
TRX186451;2026-01-16;1000001577;Gina Marlina;Internet;Biznet;2908136088;359948;2500;362448;ATM;Sukses
TRX186514;2026-03-29;1000004219;Intan Sari;TV Kabel;Transvision;9635984586;251375;3000;254375;EDC;Sukses
TRX186610;2026-02-08;1000000736;Dedi Pratama;Listrik;PLN;3561393070;76175;3000;79175;EDC;Sukses
TRX186631;2026-01-18;1000000839;Andi Saputra;BPJS;BPJS Kesehatan;6082260036;250294;3000;253294;ATM;Sukses
TRX186675;2026-02-06;1000001320;Fajar Hidayat;Internet;Biznet;3185072837;335814;2500;338314;Mobile Banking;Sukses
TRX186813;2026-02-10;1000003317;Gina Marlina;TV Kabel;Transvision;4513550101;416433;2500;418933;Internet Banking;Gagal
TRX186845;2026-01-04;1000003490;Joko Susilo;Internet;Biznet;3273794935;234727;2500;237227;EDC;Gagal
TRX186871;2026-01-14;1000004656;Dedi Pratama;Internet;Biznet;7082322131;84844;2000;86844;EDC;Gagal
TRX186878;2026-04-01;1000002456;Andi Saputra;TV Kabel;Transvision;4554517080;220632;2500;223132;ATM;Sukses
TRX186879;2026-02-14;1000004474;Dedi Pratama;Air;PDAM;5452682694;352348;3000;355348;Mobile Banking;Sukses
TRX186918;2026-03-28;1000001553;Citra Dewi;Internet;IndiHome;5171033613;274233;3000;277233;EDC;Gagal
TRX186976;2026-01-04;1000000847;Fajar Hidayat;TV Kabel;First Media;1792347182;309365;3000;312365;Internet Banking;Sukses
TRX187000;2026-03-13;1000002410;Citra Dewi;Listrik;PLN;1488057243;268888;3000;271888;EDC;Sukses
TRX187020;2026-03-05;1000004499;Fajar Hidayat;TV Kabel;Transvision;7728038893;378203;2500;380703;EDC;Sukses
TRX187059;2026-03-11;1000003279;Fajar Hidayat;TV Kabel;First Media;2873789485;494842;2000;496842;EDC;Sukses
TRX187062;2026-01-17;1000001292;Andi Saputra;TV Kabel;Transvision;7289693727;67525;3000;70525;Internet Banking;Sukses
TRX187099;2026-01-22;1000004990;Andi Saputra;Air;PDAM;3726835236;361805;3000;364805;ATM;Sukses
TRX187144;2026-03-20;1000000231;Budi Santoso;Listrik;PLN;2438564436;170488;3000;173488;Internet Banking;Sukses
TRX187177;2026-01-04;1000004554;Hadi Wijaya;BPJS;BPJS Kesehatan;8729728676;352748;3000;355748;ATM;Sukses
TRX187189;2026-01-30;1000003138;Hadi Wijaya;Listrik;PLN;3945154988;471595;3000;474595;ATM;Sukses
TRX187231;2026-01-11;1000001162;Joko Susilo;Air;PDAM;6096451060;313187;2000;315187;EDC;Gagal
TRX187249;2026-01-03;1000003259;Intan Sari;TV Kabel;First Media;6847203560;303187;3000;306187;ATM;Sukses
TRX187265;2026-03-24;1000002794;Hadi Wijaya;Internet;Biznet;9559629162;211747;2500;214247;Internet Banking;Sukses
TRX187275;2026-02-20;1000002571;Intan Sari;TV Kabel;First Media;9675468896;269162;3000;272162;Teller;Sukses
TRX187315;2026-03-22;1000000431;Joko Susilo;Internet;Biznet;3800852664;152613;2000;154613;Mobile Banking;Gagal
TRX187345;2026-03-25;1000004127;Joko Susilo;TV Kabel;First Media;2082780630;492013;2000;494013;Mobile Banking;Sukses
TRX187384;2026-01-09;1000003522;Eka Lestari;Internet;IndiHome;2852967842;491180;2500;493680;Teller;Gagal
TRX187468;2026-03-19;1000002202;Andi Saputra;BPJS;BPJS Kesehatan;4915742960;158424;3000;161424;ATM;Gagal
TRX187627;2026-02-04;1000000168;Andi Saputra;Listrik;PLN;3518530598;131174;3000;134174;Internet Banking;Sukses
TRX187649;2026-02-03;1000003796;Eka Lestari;TV Kabel;Transvision;2168723227;489764;2500;492264;Mobile Banking;Sukses
TRX187770;2026-02-01;1000001756;Andi Saputra;Listrik;PLN;4151046457;216731;2500;219231;EDC;Sukses
TRX187898;2026-03-09;1000004201;Dedi Pratama;Air;PDAM;3948179826;263840;2500;266340;ATM;Gagal
TRX187910;2026-02-16;1000002604;Intan Sari;TV Kabel;First Media;8282233465;336521;2000;338521;EDC;Gagal
TRX187914;2026-01-22;1000002452;Andi Saputra;Air;PDAM;6237119532;68755;2000;70755;Internet Banking;Gagal
TRX187983;2026-02-14;1000004120;Hadi Wijaya;BPJS;BPJS Kesehatan;8076405269;275416;2000;277416;Teller;Sukses
TRX188045;2026-03-16;1000001637;Dedi Pratama;BPJS;BPJS Kesehatan;2905585828;385853;2500;388353;Mobile Banking;Sukses
TRX188064;2026-01-24;1000002877;Joko Susilo;TV Kabel;First Media;7790522552;136367;2500;138867;Internet Banking;Gagal
TRX188112;2026-02-04;1000000384;Gina Marlina;TV Kabel;First Media;5796124799;399217;2000;401217;EDC;Gagal
TRX188142;2026-03-12;1000002454;Citra Dewi;Internet;IndiHome;2043148734;428385;3000;431385;EDC;Sukses
TRX188164;2026-02-10;1000002584;Joko Susilo;BPJS;BPJS Kesehatan;8810505024;293686;2500;296186;ATM;Sukses
TRX188195;2026-01-23;1000000933;Citra Dewi;Internet;Biznet;3036788716;384802;3000;387802;Teller;Sukses
TRX188209;2026-02-20;1000002894;Hadi Wijaya;Internet;Biznet;6976301782;293532;3000;296532;Teller;Gagal
TRX188292;2026-02-17;1000003177;Fajar Hidayat;TV Kabel;First Media;7690066297;165350;2000;167350;Teller;Sukses
TRX188324;2026-03-14;1000002587;Eka Lestari;TV Kabel;First Media;3575769597;446584;3000;449584;Teller;Sukses
TRX188380;2026-03-07;1000003216;Citra Dewi;Internet;Biznet;5965822621;296407;2500;298907;Teller;Sukses
TRX188386;2026-03-24;1000002021;Budi Santoso;Internet;Biznet;7757237536;368246;2000;370246;ATM;Gagal
TRX188411;2026-02-27;1000004886;Dedi Pratama;TV Kabel;First Media;1997072152;190018;2500;192518;Internet Banking;Gagal
TRX188451;2026-02-05;1000004898;Fajar Hidayat;TV Kabel;Transvision;8672495148;268176;3000;271176;Teller;Sukses
TRX188461;2026-03-20;1000000571;Budi Santoso;Listrik;PLN;1529524814;419890;2000;421890;EDC;Sukses
TRX188541;2026-02-23;1000000515;Eka Lestari;Internet;IndiHome;1993068257;57695;2000;59695;Internet Banking;Sukses
TRX188643;2026-03-25;1000003109;Eka Lestari;Listrik;PLN;6745999389;342603;2000;344603;ATM;Gagal
TRX188649;2026-01-20;1000004487;Joko Susilo;TV Kabel;Transvision;4755448774;343722;2500;346222;Internet Banking;Sukses
TRX188671;2026-02-06;1000003754;Budi Santoso;Listrik;PLN;7888282377;207415;3000;210415;Teller;Sukses
TRX188688;2026-03-27;1000000211;Budi Santoso;Internet;Biznet;6905836931;150954;2500;153454;Mobile Banking;Sukses
TRX188724;2026-03-11;1000003709;Dedi Pratama;Internet;IndiHome;7605154504;487781;2000;489781;Mobile Banking;Sukses
TRX188725;2026-02-23;1000002738;Budi Santoso;TV Kabel;First Media;5742653823;261622;3000;264622;EDC;Sukses
TRX188740;2026-02-21;1000003404;Gina Marlina;Air;PDAM;9375373659;171994;2000;173994;Teller;Sukses
TRX188746;2026-02-09;1000001404;Gina Marlina;Air;PDAM;7037286417;168193;2000;170193;Teller;Sukses
TRX188774;2026-02-23;1000001577;Gina Marlina;BPJS;BPJS Kesehatan;4080305816;136594;3000;139594;Internet Banking;Sukses
TRX188876;2026-03-03;1000000484;Hadi Wijaya;TV Kabel;First Media;9818741555;143036;2500;145536;Mobile Banking;Sukses
TRX188902;2026-01-30;1000004233;Joko Susilo;TV Kabel;Transvision;2656122604;198828;3000;201828;Internet Banking;Sukses
TRX188917;2026-03-22;1000001864;Dedi Pratama;Listrik;PLN;1552364503;232259;2500;234759;Teller;Sukses
TRX188990;2026-02-13;1000003025;Budi Santoso;Air;PDAM;6568405550;498563;2000;500563;Internet Banking;Sukses
TRX189002;2026-03-15;1000001955;Gina Marlina;Air;PDAM;3275849625;139561;2000;141561;Internet Banking;Gagal
TRX189052;2026-01-02;1000000687;Intan Sari;TV Kabel;Transvision;3049604679;196422;2000;198422;Teller;Sukses
TRX189058;2026-01-19;1000004704;Andi Saputra;Internet;IndiHome;1997403441;61270;2500;63770;Mobile Banking;Sukses
TRX189144;2026-03-13;1000002461;Intan Sari;Internet;Biznet;2438987973;458482;3000;461482;Teller;Gagal
TRX189157;2026-01-02;1000000856;Fajar Hidayat;Listrik;PLN;2395400497;443215;3000;446215;Teller;Sukses
TRX189204;2026-03-21;1000001515;Intan Sari;Internet;Biznet;5623813289;274564;2500;277064;ATM;Sukses
TRX189213;2026-03-17;1000003111;Dedi Pratama;Air;PDAM;9468546883;327763;3000;330763;Teller;Gagal
TRX189256;2026-01-14;1000002089;Eka Lestari;Internet;IndiHome;4026535620;153036;3000;156036;Mobile Banking;Sukses
TRX189277;2026-01-03;1000003713;Andi Saputra;Internet;Biznet;1545793567;204092;2000;206092;Mobile Banking;Sukses
TRX189333;2026-01-22;1000003226;Citra Dewi;Internet;IndiHome;2176380535;456986;2000;458986;Internet Banking;Sukses
TRX189337;2026-01-10;1000003922;Joko Susilo;TV Kabel;First Media;5641913175;57585;2500;60085;Teller;Sukses
TRX189400;2026-03-22;1000001148;Gina Marlina;TV Kabel;First Media;9401183795;284677;2500;287177;Mobile Banking;Sukses
TRX189437;2026-01-17;1000000478;Joko Susilo;TV Kabel;Transvision;2433301004;265935;2500;268435;Internet Banking;Sukses
TRX189506;2026-01-19;1000000726;Budi Santoso;Air;PDAM;1335893313;415507;3000;418507;Mobile Banking;Sukses
TRX189524;2026-03-10;1000003976;Citra Dewi;Internet;IndiHome;2384560291;77540;3000;80540;EDC;Gagal
TRX189681;2026-01-26;1000002180;Citra Dewi;TV Kabel;Transvision;5389852218;135724;2500;138224;ATM;Gagal
TRX189694;2026-03-25;1000004462;Fajar Hidayat;BPJS;BPJS Kesehatan;3619542662;222826;3000;225826;Mobile Banking;Sukses
TRX189737;2026-03-14;1000003297;Intan Sari;Air;PDAM;3704569140;57356;3000;60356;Mobile Banking;Sukses
TRX189954;2026-01-12;1000001346;Budi Santoso;Listrik;PLN;4838387782;61349;2000;63349;Mobile Banking;Gagal
TRX189988;2026-03-02;1000001608;Fajar Hidayat;BPJS;BPJS Kesehatan;6193419733;288158;2500;290658;ATM;Sukses
TRX190022;2026-03-28;1000002274;Intan Sari;TV Kabel;Transvision;4181349203;487033;2000;489033;Teller;Gagal
TRX190202;2026-01-31;1000004322;Eka Lestari;BPJS;BPJS Kesehatan;8371928297;221594;3000;224594;Teller;Gagal
TRX190214;2026-03-07;1000000054;Citra Dewi;Internet;IndiHome;2375148524;92974;2500;95474;Teller;Sukses
TRX190221;2026-01-29;1000000239;Budi Santoso;Listrik;PLN;7315220169;284739;3000;287739;ATM;Gagal
TRX190236;2026-03-23;1000002509;Joko Susilo;Listrik;PLN;6206084894;199749;3000;202749;Teller;Gagal
TRX190255;2026-01-09;1000003093;Budi Santoso;Listrik;PLN;1817853566;418790;3000;421790;Teller;Sukses
TRX190285;2026-01-13;1000002317;Fajar Hidayat;Air;PDAM;1021765502;181624;3000;184624;Internet Banking;Sukses
TRX190311;2026-02-14;1000000971;Intan Sari;Air;PDAM;1981923099;470809;3000;473809;Internet Banking;Sukses
TRX190324;2026-03-29;1000002210;Citra Dewi;TV Kabel;First Media;6541130594;383536;2500;386036;EDC;Sukses
TRX190346;2026-02-07;1000004844;Citra Dewi;Air;PDAM;2458691068;278151;2500;280651;Mobile Banking;Sukses
TRX190404;2026-03-11;1000000355;Dedi Pratama;TV Kabel;Transvision;2736368044;396805;3000;399805;Teller;Sukses
TRX190405;2026-01-24;1000003746;Eka Lestari;Internet;IndiHome;6571063619;225945;3000;228945;EDC;Sukses
TRX190433;2026-01-14;1000002274;Intan Sari;Listrik;PLN;4843922191;490976;3000;493976;Mobile Banking;Sukses
TRX190500;2026-03-24;1000000087;Citra Dewi;TV Kabel;First Media;5210512204;153227;3000;156227;Teller;Sukses
TRX190536;2026-01-15;1000003462;Andi Saputra;Listrik;PLN;7571717656;222177;3000;225177;EDC;Gagal
TRX190606;2026-01-07;1000002334;Dedi Pratama;Internet;IndiHome;8537891475;197201;3000;200201;Mobile Banking;Gagal
TRX190615;2026-01-04;1000003316;Fajar Hidayat;Internet;IndiHome;2401860262;435653;2500;438153;ATM;Gagal
TRX190679;2026-03-01;1000000860;Budi Santoso;Internet;Biznet;8895010657;314437;2500;316937;ATM;Sukses
TRX190714;2026-03-12;1000000741;Gina Marlina;Listrik;PLN;8011959900;353903;3000;356903;Mobile Banking;Gagal
TRX190727;2026-03-30;1000003111;Dedi Pratama;Air;PDAM;8429312740;200030;3000;203030;ATM;Gagal
TRX190745;2026-03-30;1000003608;Eka Lestari;Internet;IndiHome;2754951605;228367;2500;230867;ATM;Gagal
TRX190746;2026-03-18;1000002856;Andi Saputra;BPJS;BPJS Kesehatan;3207602821;321843;2000;323843;Internet Banking;Sukses
TRX190795;2026-03-13;1000002607;Dedi Pratama;Internet;Biznet;7793503948;404053;2500;406553;ATM;Gagal
TRX190825;2026-02-09;1000002398;Intan Sari;TV Kabel;Transvision;2303371779;96565;3000;99565;ATM;Sukses
TRX190841;2026-01-13;1000002265;Gina Marlina;Listrik;PLN;2320689676;114816;3000;117816;ATM;Sukses
TRX190854;2026-03-28;1000001850;Dedi Pratama;TV Kabel;First Media;4087411636;442265;3000;445265;EDC;Sukses
TRX190943;2026-03-24;1000004732;Intan Sari;Air;PDAM;4954921929;337499;3000;340499;ATM;Sukses
TRX190986;2026-02-08;1000004765;Citra Dewi;Internet;IndiHome;5462470665;328009;2500;330509;Teller;Sukses
TRX191053;2026-03-27;1000002317;Fajar Hidayat;Internet;IndiHome;1463247726;294154;2500;296654;ATM;Sukses
TRX191294;2026-03-22;1000003901;Budi Santoso;TV Kabel;First Media;9342464627;308173;3000;311173;ATM;Gagal
TRX191295;2026-03-15;1000004505;Eka Lestari;Internet;IndiHome;2312704332;258716;3000;261716;Internet Banking;Gagal
TRX191418;2026-01-06;1000000527;Joko Susilo;TV Kabel;Transvision;8627758453;278037;2500;280537;EDC;Gagal
TRX191429;2026-02-09;1000002487;Eka Lestari;Listrik;PLN;3242361852;58192;2000;60192;ATM;Gagal
TRX191467;2026-02-07;1000000767;Hadi Wijaya;BPJS;BPJS Kesehatan;4596094085;431492;3000;434492;EDC;Sukses
TRX191570;2026-01-30;1000002458;Hadi Wijaya;TV Kabel;First Media;5067379639;195268;2000;197268;Internet Banking;Sukses
TRX191641;2026-03-26;1000001802;Joko Susilo;Internet;IndiHome;8968338687;180463;3000;183463;EDC;Gagal
TRX191727;2026-02-27;1000002281;Joko Susilo;Listrik;PLN;3558727707;336808;2500;339308;EDC;Gagal
TRX191754;2026-02-01;1000000801;Intan Sari;Internet;IndiHome;3763755342;354201;2000;356201;Teller;Sukses
TRX191755;2026-01-03;1000003812;Hadi Wijaya;Internet;Biznet;3399712147;369305;3000;372305;Mobile Banking;Gagal
TRX191767;2026-03-15;1000003790;Andi Saputra;BPJS;BPJS Kesehatan;8491883861;320440;2500;322940;Internet Banking;Sukses
TRX191784;2026-01-01;1000002263;Eka Lestari;Listrik;PLN;2253159807;416390;3000;419390;Teller;Gagal
TRX191798;2026-02-24;1000001947;Fajar Hidayat;BPJS;BPJS Kesehatan;7997982670;187370;2500;189870;Internet Banking;Gagal
TRX191828;2026-02-25;1000004445;Gina Marlina;Listrik;PLN;6062569898;371672;3000;374672;Mobile Banking;Sukses
TRX191941;2026-03-25;1000000939;Citra Dewi;BPJS;BPJS Kesehatan;1267578229;180108;3000;183108;Internet Banking;Sukses
TRX191983;2026-02-12;1000003286;Citra Dewi;BPJS;BPJS Kesehatan;8145136944;454697;3000;457697;Mobile Banking;Sukses
TRX192023;2026-02-18;1000004552;Gina Marlina;TV Kabel;Transvision;7019038463;320925;2000;322925;EDC;Sukses
TRX192056;2026-03-06;1000002946;Andi Saputra;Internet;IndiHome;3551964649;475660;3000;478660;ATM;Sukses
TRX192062;2026-02-17;1000004135;Andi Saputra;TV Kabel;First Media;6445064089;461484;2500;463984;EDC;Gagal
TRX192087;2026-01-31;1000000286;Citra Dewi;TV Kabel;Transvision;8523683513;466711;3000;469711;EDC;Sukses
TRX192094;2026-01-13;1000003040;Intan Sari;Internet;IndiHome;7169902191;223129;2000;225129;Teller;Sukses
TRX192169;2026-02-28;1000003133;Eka Lestari;BPJS;BPJS Kesehatan;9263069916;433554;2500;436054;EDC;Gagal
TRX192314;2026-01-30;1000004757;Budi Santoso;TV Kabel;First Media;6292800223;275156;3000;278156;Teller;Gagal
TRX192395;2026-02-11;1000004655;Hadi Wijaya;Internet;IndiHome;1559383621;442764;2500;445264;ATM;Sukses
TRX192402;2026-01-17;1000003150;Citra Dewi;BPJS;BPJS Kesehatan;9130526560;488825;2000;490825;Teller;Sukses
TRX192523;2026-01-02;1000004423;Citra Dewi;Internet;Biznet;5652219926;350352;2500;352852;Teller;Gagal
TRX192566;2026-01-14;1000004131;Hadi Wijaya;TV Kabel;First Media;9488586776;495972;3000;498972;Teller;Sukses
TRX192576;2026-02-16;1000002224;Gina Marlina;Listrik;PLN;9864775848;373466;2000;375466;Mobile Banking;Sukses
TRX192621;2026-03-09;1000004573;Andi Saputra;BPJS;BPJS Kesehatan;5038628248;491162;2500;493662;Teller;Gagal
TRX192655;2026-01-08;1000003635;Intan Sari;Internet;IndiHome;1468138543;378205;3000;381205;ATM;Sukses
TRX192682;2026-01-26;1000001904;Dedi Pratama;BPJS;BPJS Kesehatan;5714919572;442517;3000;445517;ATM;Sukses
TRX192729;2026-01-06;1000004582;Gina Marlina;Listrik;PLN;8231379635;253092;2500;255592;Mobile Banking;Sukses
TRX192785;2026-01-21;1000000773;Intan Sari;BPJS;BPJS Kesehatan;1537588871;391054;2500;393554;Teller;Gagal
TRX192799;2026-03-09;1000000729;Joko Susilo;Air;PDAM;3439841043;442924;3000;445924;Teller;Sukses
TRX192862;2026-02-26;1000000376;Gina Marlina;BPJS;BPJS Kesehatan;9150001469;380319;3000;383319;ATM;Sukses
TRX192876;2026-01-10;1000004508;Gina Marlina;TV Kabel;Transvision;5165922629;445458;2500;447958;Mobile Banking;Sukses
TRX192879;2026-03-05;1000001318;Budi Santoso;Air;PDAM;2941528936;226110;2000;228110;Internet Banking;Gagal
TRX192936;2026-03-31;1000004199;Eka Lestari;Internet;IndiHome;5670295193;143990;2000;145990;Mobile Banking;Gagal
TRX192986;2026-02-16;1000002911;Eka Lestari;Air;PDAM;2812040976;468391;2000;470391;Internet Banking;Sukses
TRX193039;2026-03-12;1000002469;Dedi Pratama;TV Kabel;Transvision;8333598254;330077;2000;332077;Internet Banking;Gagal
TRX193061;2026-01-23;1000002728;Eka Lestari;Listrik;PLN;1595478535;440407;2500;442907;EDC;Sukses
TRX193089;2026-02-16;1000004982;Joko Susilo;TV Kabel;Transvision;7090197941;168496;2500;170996;ATM;Sukses
TRX193125;2026-03-14;1000004159;Intan Sari;Internet;IndiHome;6257378446;340941;3000;343941;EDC;Sukses
TRX193215;2026-03-16;1000001403;Dedi Pratama;Listrik;PLN;5383269673;224563;3000;227563;Teller;Gagal
TRX193226;2026-03-05;1000004627;Dedi Pratama;Listrik;PLN;4962485051;69937;2000;71937;Internet Banking;Gagal
TRX193261;2026-02-09;1000004914;Hadi Wijaya;Internet;Biznet;4097262244;330273;2000;332273;Mobile Banking;Sukses
TRX193295;2026-01-10;1000002070;Andi Saputra;Air;PDAM;7225059653;395315;2500;397815;Internet Banking;Gagal
TRX193306;2026-02-08;1000001495;Eka Lestari;TV Kabel;Transvision;6717661179;191671;2500;194171;Teller;Sukses
TRX193320;2026-01-08;1000002261;Eka Lestari;TV Kabel;Transvision;5449444134;449910;2000;451910;Mobile Banking;Sukses
TRX193328;2026-01-09;1000002222;Fajar Hidayat;TV Kabel;Transvision;8227848564;465555;2500;468055;Internet Banking;Gagal
TRX193361;2026-01-11;1000004558;Dedi Pratama;Listrik;PLN;4975982746;299470;2000;301470;Internet Banking;Sukses
TRX193448;2026-03-08;1000000389;Andi Saputra;TV Kabel;Transvision;8851355867;389153;3000;392153;Mobile Banking;Sukses
TRX193532;2026-02-01;1000001984;Intan Sari;TV Kabel;First Media;3324208728;493821;2000;495821;EDC;Sukses
TRX193565;2026-03-09;1000000115;Budi Santoso;BPJS;BPJS Kesehatan;1446210637;199765;2000;201765;Internet Banking;Gagal
TRX193633;2026-03-08;1000003060;Joko Susilo;TV Kabel;Transvision;3259104010;424553;2000;426553;Internet Banking;Gagal
TRX193638;2026-02-09;1000003060;Joko Susilo;TV Kabel;Transvision;8994991296;333664;2500;336164;Mobile Banking;Sukses
TRX193676;2026-03-13;1000001599;Budi Santoso;Internet;IndiHome;2447025687;80089;3000;83089;Internet Banking;Gagal
TRX193692;2026-01-21;1000004458;Eka Lestari;Listrik;PLN;1526715143;387948;2500;390448;Teller;Sukses
TRX193697;2026-03-07;1000000016;Andi Saputra;TV Kabel;Transvision;8730889207;332540;3000;335540;Internet Banking;Sukses
TRX193698;2026-03-09;1000000009;Andi Saputra;TV Kabel;Transvision;7755135787;67861;3000;70861;Mobile Banking;Sukses
TRX193734;2026-01-27;1000002097;Hadi Wijaya;BPJS;BPJS Kesehatan;9704574397;104219;2500;106719;Teller;Gagal
TRX193750;2026-01-30;1000004452;Budi Santoso;Internet;IndiHome;8102058020;338955;3000;341955;Teller;Sukses
TRX193754;2026-01-24;1000002453;Joko Susilo;Listrik;PLN;7238934259;139369;2000;141369;EDC;Sukses
TRX193759;2026-03-15;1000002943;Andi Saputra;Internet;IndiHome;7070408098;232638;2500;235138;EDC;Sukses
TRX193833;2026-03-04;1000001244;Citra Dewi;BPJS;BPJS Kesehatan;2605726074;256523;3000;259523;Mobile Banking;Sukses
TRX193868;2026-03-19;1000001804;Intan Sari;Internet;IndiHome;6471280072;329328;2000;331328;Mobile Banking;Gagal
TRX193878;2026-01-10;1000002539;Intan Sari;Listrik;PLN;4685476400;313896;3000;316896;ATM;Sukses
TRX193914;2026-02-01;1000004831;Eka Lestari;Internet;IndiHome;5989987309;464122;3000;467122;Internet Banking;Gagal
TRX193928;2026-01-09;1000000370;Intan Sari;Air;PDAM;1250255467;147019;2500;149519;Teller;Sukses
TRX193975;2026-03-06;1000004017;Gina Marlina;BPJS;BPJS Kesehatan;5639226516;495764;2500;498264;ATM;Sukses
TRX193986;2026-03-29;1000004910;Eka Lestari;Internet;Biznet;8379640122;121817;3000;124817;Teller;Sukses
TRX193988;2026-03-27;1000000985;Hadi Wijaya;TV Kabel;Transvision;1011467775;461077;2500;463577;ATM;Sukses
TRX194014;2026-02-09;1000001609;Fajar Hidayat;Internet;Biznet;6237219359;110050;2500;112550;ATM;Gagal
TRX194017;2026-02-05;1000001088;Andi Saputra;Internet;Biznet;2441264284;278880;2000;280880;EDC;Sukses
TRX194025;2026-02-15;1000003386;Joko Susilo;TV Kabel;Transvision;3039948211;301750;3000;304750;ATM;Sukses
TRX194026;2026-02-11;1000000686;Hadi Wijaya;Air;PDAM;4727937018;424680;2500;427180;Mobile Banking;Gagal
TRX194081;2026-01-11;1000004082;Hadi Wijaya;Air;PDAM;3412309022;196907;2500;199407;Internet Banking;Sukses
TRX194203;2026-01-04;1000003552;Citra Dewi;BPJS;BPJS Kesehatan;5942202672;281314;3000;284314;EDC;Gagal
TRX194204;2026-01-23;1000004872;Gina Marlina;Internet;IndiHome;2564107122;345648;2000;347648;Teller;Gagal
TRX194208;2026-03-09;1000001624;Eka Lestari;Internet;Biznet;3771366829;89081;2500;91581;Teller;Sukses
TRX194221;2026-01-22;1000001920;Eka Lestari;TV Kabel;Transvision;5567123027;432328;3000;435328;ATM;Sukses
TRX194272;2026-02-23;1000002001;Citra Dewi;Listrik;PLN;9096576939;266787;2000;268787;Teller;Gagal
TRX194293;2026-01-26;1000001288;Andi Saputra;TV Kabel;Transvision;9531830160;150806;2000;152806;Internet Banking;Sukses
TRX194298;2026-03-04;1000003871;Eka Lestari;BPJS;BPJS Kesehatan;2602332897;94935;2000;96935;Teller;Gagal
TRX194367;2026-01-29;1000003897;Joko Susilo;Air;PDAM;1349452991;193182;3000;196182;EDC;Sukses
TRX194403;2026-02-28;1000004901;Dedi Pratama;Listrik;PLN;3024530484;112466;2000;114466;Internet Banking;Sukses
TRX194413;2026-02-03;1000004333;Andi Saputra;TV Kabel;Transvision;1699194283;171452;3000;174452;Teller;Sukses
TRX194460;2026-01-20;1000000804;Budi Santoso;Internet;Biznet;8129052299;461857;3000;464857;Teller;Sukses
TRX194469;2026-02-10;1000004877;Fajar Hidayat;Air;PDAM;5932182370;173717;3000;176717;ATM;Gagal
TRX194573;2026-01-14;1000001919;Joko Susilo;TV Kabel;First Media;5045046652;365796;2500;368296;ATM;Sukses
TRX194576;2026-03-04;1000003487;Andi Saputra;TV Kabel;Transvision;6587489596;243044;2000;245044;Mobile Banking;Sukses
TRX194634;2026-01-18;1000003332;Citra Dewi;Internet;Biznet;7239647966;244878;3000;247878;Mobile Banking;Sukses
TRX194712;2026-01-27;1000002739;Fajar Hidayat;BPJS;BPJS Kesehatan;5997265414;121632;3000;124632;Teller;Sukses
TRX194764;2026-02-22;1000001995;Joko Susilo;Listrik;PLN;1245365572;488716;2000;490716;ATM;Sukses
TRX194821;2026-03-13;1000000045;Hadi Wijaya;Listrik;PLN;3366458620;102811;2500;105311;Internet Banking;Gagal
TRX194829;2026-02-05;1000003038;Eka Lestari;Internet;Biznet;1657729132;223608;2500;226108;Teller;Sukses
TRX194830;2026-03-15;1000003732;Dedi Pratama;BPJS;BPJS Kesehatan;7740958942;430589;3000;433589;Teller;Sukses
TRX194857;2026-02-21;1000001375;Joko Susilo;BPJS;BPJS Kesehatan;1839964826;420077;3000;423077;Teller;Sukses
TRX194875;2026-02-27;1000004742;Andi Saputra;TV Kabel;Transvision;6091760634;74029;2500;76529;ATM;Sukses
TRX194961;2026-03-04;1000003751;Dedi Pratama;TV Kabel;First Media;2146418444;257093;2500;259593;Internet Banking;Sukses
TRX194981;2026-04-01;1000001845;Dedi Pratama;BPJS;BPJS Kesehatan;2356500907;223538;2500;226038;Mobile Banking;Sukses
TRX195040;2026-03-18;1000003461;Eka Lestari;Internet;Biznet;2660884597;154657;2000;156657;ATM;Gagal
TRX195041;2026-02-17;1000002767;Hadi Wijaya;TV Kabel;First Media;1970259905;283682;3000;286682;Mobile Banking;Sukses
TRX195046;2026-01-30;1000003361;Fajar Hidayat;Listrik;PLN;4036925625;136200;2500;138700;EDC;Sukses
TRX195053;2026-03-31;1000001602;Eka Lestari;Listrik;PLN;8964407768;417720;2500;420220;EDC;Gagal
TRX195156;2026-02-02;1000003281;Budi Santoso;Internet;Biznet;3082082910;404036;2000;406036;Internet Banking;Sukses
TRX195164;2026-03-24;1000004605;Eka Lestari;Internet;IndiHome;3823470095;352925;2000;354925;ATM;Sukses
TRX195171;2026-03-07;1000003854;Intan Sari;BPJS;BPJS Kesehatan;9833443942;365465;2000;367465;Internet Banking;Gagal
TRX195223;2026-01-20;1000004152;Hadi Wijaya;Air;PDAM;2878870399;412924;2500;415424;ATM;Sukses
TRX195237;2026-01-26;1000004393;Budi Santoso;Internet;Biznet;6878639796;113614;2500;116114;Teller;Gagal
TRX195385;2026-02-19;1000000873;Budi Santoso;TV Kabel;First Media;6618443558;250219;2500;252719;Teller;Sukses
TRX195431;2026-03-01;1000002414;Budi Santoso;BPJS;BPJS Kesehatan;2992851401;67400;2500;69900;EDC;Sukses
TRX195541;2026-03-03;1000002055;Intan Sari;Listrik;PLN;1260028992;199033;3000;202033;Internet Banking;Sukses
TRX195590;2026-02-09;1000003963;Joko Susilo;TV Kabel;Transvision;7796399581;261322;2000;263322;Mobile Banking;Sukses
TRX195598;2026-02-17;1000003231;Budi Santoso;Listrik;PLN;2787991536;173517;2000;175517;ATM;Gagal
TRX195695;2026-01-06;1000002379;Gina Marlina;Air;PDAM;3051555508;486146;3000;489146;Mobile Banking;Sukses
TRX195719;2026-02-15;1000000781;Andi Saputra;Internet;IndiHome;7209880659;273836;3000;276836;Mobile Banking;Gagal
TRX195733;2026-02-23;1000003438;Budi Santoso;TV Kabel;First Media;2213788686;208435;2000;210435;Teller;Sukses
TRX195746;2026-02-17;1000003892;Eka Lestari;TV Kabel;First Media;7047307596;449475;2000;451475;Teller;Gagal
TRX195777;2026-02-23;1000004126;Dedi Pratama;Air;PDAM;3624361044;459247;3000;462247;EDC;Gagal
TRX195782;2026-03-31;1000004629;Intan Sari;Air;PDAM;2326997072;108817;2500;111317;Teller;Gagal
TRX195818;2026-02-16;1000003346;Gina Marlina;Air;PDAM;3610148549;425128;3000;428128;EDC;Gagal
TRX195878;2026-01-03;1000004653;Budi Santoso;Internet;Biznet;4379562632;139529;2500;142029;Mobile Banking;Sukses
TRX195886;2026-02-09;1000000279;Intan Sari;BPJS;BPJS Kesehatan;1125139013;229702;2500;232202;Teller;Sukses
TRX195900;2026-01-24;1000000761;Intan Sari;TV Kabel;Transvision;4764345565;271615;3000;274615;Mobile Banking;Sukses
TRX195936;2026-03-07;1000001378;Joko Susilo;Internet;Biznet;1633593577;120046;3000;123046;Teller;Sukses
TRX196023;2026-03-03;1000000223;Eka Lestari;TV Kabel;First Media;2305399363;368592;2500;371092;Mobile Banking;Gagal
TRX196048;2026-01-05;1000003869;Intan Sari;BPJS;BPJS Kesehatan;6192144201;159370;2500;161870;Teller;Sukses
TRX196097;2026-03-15;1000001704;Joko Susilo;Internet;Biznet;3154041775;417915;2000;419915;Teller;Gagal
TRX196259;2026-03-17;1000000947;Eka Lestari;TV Kabel;Transvision;7541681515;296270;2500;298770;Teller;Gagal
TRX196294;2026-01-23;1000000436;Andi Saputra;Internet;IndiHome;1892713272;124302;2000;126302;EDC;Sukses
TRX196322;2026-02-01;1000001947;Fajar Hidayat;Internet;Biznet;8733371398;56949;3000;59949;Mobile Banking;Gagal
TRX196450;2026-03-09;1000000881;Budi Santoso;Internet;Biznet;2806003606;311021;2000;313021;Teller;Pending
TRX196547;2026-01-10;1000002282;Joko Susilo;Internet;Biznet;8322332690;326414;2000;328414;Internet Banking;Pending
TRX196587;2026-02-25;1000001390;Hadi Wijaya;BPJS;BPJS Kesehatan;9604088779;459027;3000;462027;Mobile Banking;Gagal
TRX196619;2026-02-27;1000002809;Andi Saputra;TV Kabel;First Media;3801161122;74620;2000;76620;Teller;Gagal
TRX196667;2026-03-02;1000004863;Eka Lestari;BPJS;BPJS Kesehatan;3920018064;251372;2500;253872;ATM;Pending
TRX196687;2026-02-20;1000002075;Intan Sari;BPJS;BPJS Kesehatan;2268376457;306059;2000;308059;Mobile Banking;Gagal
TRX196731;2026-02-18;1000001033;Budi Santoso;TV Kabel;Transvision;7431931646;273546;2000;275546;Teller;Pending
TRX196742;2026-01-14;1000001099;Hadi Wijaya;Air;PDAM;6679265586;51288;2000;53288;Teller;Gagal
TRX196751;2026-03-11;1000002746;Eka Lestari;Internet;Biznet;6160613901;321424;3000;324424;ATM;Sukses
TRX196774;2026-02-22;1000002160;Andi Saputra;Air;PDAM;6682050156;247382;2500;249882;Teller;Pending
TRX196797;2026-01-07;1000002103;Eka Lestari;TV Kabel;Transvision;3085812598;122651;2000;124651;ATM;Sukses
TRX196805;2026-02-02;1000004632;Joko Susilo;Internet;Biznet;2972827165;484899;2500;487399;ATM;Sukses
TRX196852;2026-03-23;1000004345;Eka Lestari;Internet;Biznet;2910069756;209065;2000;211065;Internet Banking;Gagal
TRX196921;2026-03-22;1000001511;Eka Lestari;Internet;IndiHome;9942025601;368785;2000;370785;Mobile Banking;Gagal
TRX196999;2026-03-30;1000001168;Intan Sari;Air;PDAM;6812459842;430087;2500;432587;Mobile Banking;Pending
TRX197080;2026-01-02;1000001617;Joko Susilo;TV Kabel;First Media;8167197980;468984;2000;470984;ATM;Gagal
TRX197138;2026-02-11;1000004096;Budi Santoso;TV Kabel;Transvision;6590207548;318768;2000;320768;Mobile Banking;Sukses
TRX197248;2026-02-08;1000001657;Fajar Hidayat;Air;PDAM;5585899854;189947;2500;192447;Teller;Gagal
TRX197262;2026-02-27;1000001548;Fajar Hidayat;Internet;IndiHome;3889929268;325130;2500;327630;Teller;Sukses
TRX197290;2026-01-26;1000003513;Fajar Hidayat;Listrik;PLN;6611577073;287957;3000;290957;ATM;Sukses
TRX197291;2026-01-01;1000000306;Budi Santoso;BPJS;BPJS Kesehatan;9984348617;386485;2000;388485;Mobile Banking;Gagal
TRX197307;2026-03-07;1000002023;Andi Saputra;Listrik;PLN;8110364914;70582;3000;73582;EDC;Pending
TRX197310;2026-02-08;1000000353;Hadi Wijaya;TV Kabel;Transvision;3149530499;400208;2000;402208;EDC;Sukses
TRX197428;2026-02-06;1000001148;Gina Marlina;Internet;Biznet;9594908754;322645;2000;324645;Internet Banking;Sukses
TRX197466;2026-01-01;1000000600;Eka Lestari;BPJS;BPJS Kesehatan;8436371315;365174;3000;368174;Teller;Sukses
TRX197590;2026-03-24;1000001653;Intan Sari;TV Kabel;Transvision;8540425360;195295;2000;197295;ATM;Sukses
TRX197598;2026-01-12;1000000554;Eka Lestari;TV Kabel;Transvision;1594227287;180796;2500;183296;EDC;Gagal
TRX197782;2026-03-08;1000001350;Citra Dewi;Internet;Biznet;1595971348;231714;2500;234214;Mobile Banking;Sukses
TRX197786;2026-02-20;1000004396;Eka Lestari;Internet;Biznet;3558078074;354576;2000;356576;Teller;Pending
TRX197794;2026-01-04;1000002765;Citra Dewi;Air;PDAM;6429542127;115629;3000;118629;Internet Banking;Pending
TRX197863;2026-03-23;1000001442;Dedi Pratama;TV Kabel;First Media;2869650124;68113;2000;70113;EDC;Sukses
TRX197918;2026-02-12;1000002591;Eka Lestari;Internet;IndiHome;6250463804;405724;2000;407724;Teller;Sukses
TRX197926;2026-02-24;1000004545;Gina Marlina;Air;PDAM;7012125725;164611;2500;167111;Internet Banking;Gagal
TRX197967;2026-03-21;1000002302;Hadi Wijaya;BPJS;BPJS Kesehatan;1125322479;392850;3000;395850;EDC;Sukses
TRX198014;2026-01-18;1000003477;Hadi Wijaya;Listrik;PLN;4495127894;466633;2500;469133;ATM;Sukses
TRX198045;2026-01-06;1000001079;Andi Saputra;Listrik;PLN;5288934344;126063;2500;128563;Teller;Pending
TRX198049;2026-01-30;1000003854;Intan Sari;TV Kabel;Transvision;5591716561;174394;2000;176394;EDC;Sukses
TRX198058;2026-01-12;1000001332;Dedi Pratama;Internet;Biznet;4394793192;328238;2500;330738;EDC;Pending
TRX198077;2026-02-19;1000000799;Joko Susilo;Internet;IndiHome;1437775069;495402;2500;497902;Internet Banking;Pending
TRX198115;2026-03-04;1000002074;Budi Santoso;TV Kabel;First Media;2892305926;338225;3000;341225;EDC;Pending
TRX198119;2026-03-08;1000004915;Gina Marlina;BPJS;BPJS Kesehatan;8189324274;282470;2000;284470;Mobile Banking;Sukses
TRX198166;2026-01-05;1000003658;Budi Santoso;BPJS;BPJS Kesehatan;4880888497;293668;2500;296168;ATM;Pending
TRX198189;2026-03-15;1000002236;Gina Marlina;TV Kabel;Transvision;6403715570;417461;2500;419961;EDC;Sukses
TRX198271;2026-01-23;1000004177;Intan Sari;TV Kabel;Transvision;1888104063;143115;3000;146115;Mobile Banking;Pending
TRX198359;2026-01-18;1000002250;Citra Dewi;TV Kabel;First Media;6919288790;497959;3000;500959;Mobile Banking;Sukses
TRX198370;2026-02-03;1000000170;Intan Sari;Internet;Biznet;4337794612;134447;3000;137447;ATM;Sukses
TRX198438;2026-02-08;1000001019;Budi Santoso;TV Kabel;First Media;3696423315;69452;3000;72452;Teller;Pending
TRX198444;2026-02-03;1000003122;Budi Santoso;Listrik;PLN;5419973884;111206;3000;114206;EDC;Sukses
TRX198466;2026-01-04;1000000062;Hadi Wijaya;BPJS;BPJS Kesehatan;6566180076;275557;2000;277557;ATM;Pending
TRX198514;2026-02-19;1000003259;Intan Sari;Internet;Biznet;4422909639;333306;3000;336306;Teller;Sukses
TRX198521;2026-03-22;1000002818;Budi Santoso;Air;PDAM;5128407194;409344;2500;411844;Teller;Pending
TRX198539;2026-03-10;1000003750;Eka Lestari;Internet;IndiHome;1988830218;282174;2500;284674;EDC;Pending
TRX198585;2026-02-06;1000001208;Andi Saputra;TV Kabel;First Media;7772164326;483280;2000;485280;ATM;Gagal
TRX198594;2026-02-12;1000000865;Eka Lestari;BPJS;BPJS Kesehatan;8089533792;401612;3000;404612;EDC;Pending
TRX198624;2026-01-17;1000004187;Dedi Pratama;Air;PDAM;3573527231;331886;2500;334386;Internet Banking;Sukses
TRX198666;2026-02-12;1000001497;Intan Sari;Internet;IndiHome;4997264657;334070;2500;336570;EDC;Pending
TRX198692;2026-01-10;1000001663;Dedi Pratama;Internet;IndiHome;3743571214;263090;2500;265590;ATM;Gagal
TRX198726;2026-03-18;1000004297;Citra Dewi;Internet;Biznet;6629619739;70137;2500;72637;ATM;Pending
TRX198734;2026-01-16;1000004912;Dedi Pratama;BPJS;BPJS Kesehatan;8902939701;330671;2000;332671;EDC;Sukses
TRX198752;2026-01-14;1000000731;Budi Santoso;TV Kabel;Transvision;1760811815;67715;2500;70215;Teller;Sukses
TRX198810;2026-03-31;1000000140;Fajar Hidayat;Listrik;PLN;6628575372;373916;3000;376916;ATM;Gagal
TRX198811;2026-03-16;1000002718;Fajar Hidayat;Internet;IndiHome;7055201164;235028;2500;237528;Internet Banking;Gagal
TRX198865;2026-02-24;1000002168;Budi Santoso;Air;PDAM;7805880369;440173;2000;442173;EDC;Sukses
TRX198873;2026-01-10;1000002518;Joko Susilo;Internet;Biznet;8789153930;144030;3000;147030;ATM;Pending
TRX198875;2026-01-03;1000003581;Hadi Wijaya;BPJS;BPJS Kesehatan;6480444628;209627;2000;211627;ATM;Sukses
TRX198894;2026-03-12;1000001439;Joko Susilo;TV Kabel;Transvision;4996863942;467973;2500;470473;Internet Banking;Pending
TRX198934;2026-04-01;1000002146;Gina Marlina;BPJS;BPJS Kesehatan;6393658065;265964;2000;267964;Teller;Sukses
TRX198941;2026-01-04;1000003751;Dedi Pratama;Internet;Biznet;3287493655;396749;3000;399749;Internet Banking;Sukses
TRX198953;2026-02-25;1000004655;Hadi Wijaya;BPJS;BPJS Kesehatan;9676703612;102541;2500;105041;ATM;Gagal
TRX199113;2026-01-25;1000004084;Dedi Pratama;Listrik;PLN;6336492989;173315;2000;175315;ATM;Pending
TRX199114;2026-02-09;1000002370;Andi Saputra;TV Kabel;First Media;2292979633;473300;3000;476300;Mobile Banking;Pending
TRX199152;2026-01-07;1000000803;Dedi Pratama;Air;PDAM;8409380447;64797;2000;66797;EDC;Pending
TRX199175;2026-01-10;1000000608;Budi Santoso;Listrik;PLN;4831543685;64921;3000;67921;Mobile Banking;Pending
TRX199180;2026-03-24;1000002452;Andi Saputra;TV Kabel;Transvision;2233605540;306934;2500;309434;ATM;Gagal
TRX199288;2026-02-09;1000003146;Andi Saputra;BPJS;BPJS Kesehatan;6862824383;69936;2500;72436;EDC;Pending
TRX199325;2026-02-24;1000000475;Hadi Wijaya;Air;PDAM;5424390376;393455;3000;396455;EDC;Gagal
TRX199370;2026-02-08;1000003111;Dedi Pratama;Internet;IndiHome;9545481226;106879;2500;109379;Internet Banking;Gagal
TRX199393;2026-03-16;1000000446;Hadi Wijaya;Internet;Biznet;7883510945;473963;2500;476463;ATM;Gagal
TRX199418;2026-04-01;1000001073;Joko Susilo;Listrik;PLN;3230015012;435085;3000;438085;EDC;Sukses
TRX199582;2026-03-25;1000000671;Eka Lestari;TV Kabel;First Media;1278277586;300045;2000;302045;Mobile Banking;Pending
TRX199586;2026-01-22;1000003572;Intan Sari;Internet;IndiHome;2347117314;387157;3000;390157;Internet Banking;Sukses
TRX199624;2026-01-07;1000001779;Budi Santoso;Internet;Biznet;2510553322;378492;3000;381492;Internet Banking;Sukses
TRX199720;2026-02-13;1000004211;Intan Sari;Internet;IndiHome;5236274239;260560;2500;263060;Internet Banking;Pending
TRX199760;2026-03-27;1000002302;Hadi Wijaya;Internet;Biznet;9783518009;67042;3000;70042;Teller;Gagal
TRX199779;2026-02-03;1000000730;Citra Dewi;Internet;IndiHome;1539634317;484485;3000;487485;EDC;Gagal
TRX199798;2026-03-10;1000004887;Intan Sari;Internet;Biznet;5190564099;183070;2500;185570;ATM;Gagal
TRX199893;2026-02-13;1000001492;Budi Santoso;TV Kabel;Transvision;9034838523;69243;2500;71743;EDC;Pending
TRX199894;2026-03-29;1000003450;Gina Marlina;TV Kabel;Transvision;2517472617;220237;3000;223237;Internet Banking;Pending
TRX199927;2026-03-09;1000002953;Citra Dewi;Internet;Biznet;9015320612;309109;2500;311609;Mobile Banking;Gagal
TRX199931;2026-02-11;1000004311;Intan Sari;TV Kabel;Transvision;3161941080;290410;2500;292910;Teller;Sukses
TRX199932;2026-03-05;1000000283;Joko Susilo;BPJS;BPJS Kesehatan;7646072763;310473;2000;312473;ATM;Gagal
TRX199977;2026-03-27;1000000959;Andi Saputra;Internet;Biznet;8937584188;113241;2000;115241;Internet Banking;Gagal
TRX199978;2026-01-17;1000003167;Eka Lestari;Internet;IndiHome;1442964105;114508;2000;116508;Internet Banking;Pending
TRX199998;2026-02-28;1000003665;Hadi Wijaya;Internet;IndiHome;2448775062;367727;2500;370227;Internet Banking;Pending
